transaction_id,user_id,timestamp,amount,hour_of_day,day_of_week,merchant_category,channel,merchant_risk_score,channel_risk_score,device_trust_score,distance_from_home_km,distance_from_last_tx_km,seconds_since_last_tx,tx_count_past_5m,tx_count_past_1h,tx_sum_amount_past_24h,ratio_to_avg_amount_24h,is_international,is_fraud
00000000-0000-0000-63d9-03ae9131c580,usr_00694,1786380452.6953833,19.44,16,0,restaurant,online,0.1,0.6,0.927,15.81,3.31,86400.0,0,0,0.0,0.96,0,0
00000000-0000-0000-6b21-ffa9c29ed4a2,usr_00660,1786380458.389608,26.62,16,0,grocery,p2p,0.05,0.45,0.706,12.27,4.23,86400.0,0,0,0.0,2.22,0,0
00000000-0000-0000-5450-2844bea7d9c1,usr_00813,1786380466.3197308,21.05,16,0,grocery,pos_chip,0.05,0.05,0.992,9.61,1.69,86400.0,0,0,0.0,0.86,0,0
00000000-0000-0000-03c7-2d8e3fe40865,usr_00557,1786380469.5159023,6.69,16,0,restaurant,online,0.1,0.6,0.851,1.33,5.47,86400.0,0,0,0.0,0.38,0,0
00000000-0000-0000-0f4d-b739839f76ee,usr_00649,1786380496.8698628,20.88,16,0,general_retail,pos_contactless,0.15,0.1,0.719,8.48,1.52,86400.0,0,0,0.0,0.8,0,0
00000000-0000-0000-03a8-44a7ff875553,usr_00725,1786380516.813153,89.48,16,0,restaurant,pos_chip,0.1,0.05,0.892,2.91,4.04,86400.0,0,0,0.0,1.12,0,0
00000000-0000-0000-7929-5f3e9e3ffbc3,usr_00418,1786380536.7842402,25.17,16,0,health,pos_chip,0.08,0.05,0.78,7.58,7.49,86400.0,0,0,0.0,0.79,0,0
00000000-0000-0000-0745-44b84c512ff4,usr_00332,1786380560.9936357,27.24,16,0,grocery,pos_chip,0.05,0.05,0.481,0.89,0.23,86400.0,0,0,0.0,1.25,0,0
00000000-0000-0000-1ac0-6e43d230fa47,usr_00132,1786380618.2745507,72.76,16,0,general_retail,online,0.15,0.6,0.871,4.1,2.26,86400.0,0,0,0.0,1.5,0,0
00000000-0000-0000-100f-d1377c3c5f38,usr_00423,1786380619.982536,10.6,16,0,grocery,p2p,0.05,0.45,0.633,2.93,7.08,86400.0,0,0,0.0,0.78,0,0
00000000-0000-0000-19b3-43d1d5fc15e9,usr_00407,1786380632.71852,18.92,16,0,electronics,pos_chip,0.65,0.05,0.583,0.46,0.41,86400.0,0,0,0.0,0.35,0,0
00000000-0000-0000-626c-5588fc72cdd3,usr_00172,1786380638.9070857,25.55,16,0,grocery,pos_chip,0.05,0.05,0.645,3.65,11.47,86400.0,0,0,0.0,1.01,1,0
00000000-0000-0000-3cc4-45e3343ac8dd,usr_00512,1786380669.9616897,15.9,16,0,general_retail,online,0.15,0.6,0.955,5.78,4.09,86400.0,0,0,0.0,0.45,0,0
00000000-0000-0000-595e-ddf16bbd859f,usr_00873,1786380723.060521,45.47,16,0,restaurant,pos_contactless,0.1,0.1,0.675,4.24,5.93,86400.0,0,0,0.0,1.32,0,0
00000000-0000-0000-6852-0956831bcead,usr_00619,1786380731.53356,207.13,16,0,general_retail,pos_chip,0.15,0.05,0.957,1.86,5.3,86400.0,0,0,0.0,2.62,0,0
00000000-0000-0000-21f6-bcc63ab922e2,usr_00039,1786380747.215031,110.85,16,0,grocery,online,0.05,0.6,0.821,16.08,1.22,86400.0,0,0,0.0,2.27,0,0
00000000-0000-0000-128f-e1726a7e0c77,usr_00477,1786380748.4171093,21.76,16,0,grocery,pos_chip,0.05,0.05,0.913,11.1,3.54,86400.0,0,0,0.0,1.3,0,0
00000000-0000-0000-4807-d673545ed5ec,usr_00041,1786380764.2830014,74.32,16,0,general_retail,online,0.15,0.6,0.852,23.78,0.82,86400.0,0,0,0.0,1.62,0,0
00000000-0000-0000-6fb2-53c082858e3a,usr_00899,1786380773.5297797,12.13,16,0,electronics,pos_chip,0.65,0.05,0.701,7.79,2.85,86400.0,0,0,0.0,0.92,0,0
00000000-0000-0000-03ea-495849d440f5,usr_00933,1786380797.7761095,35.43,16,0,grocery,atm,0.05,0.25,0.867,20.71,1.14,86400.0,0,0,0.0,0.4,0,0
00000000-0000-0000-6776-28e7048cba1c,usr_00966,1786380814.5204797,30.43,16,0,utilities,pos_chip,0.04,0.05,0.913,3.57,11.49,86400.0,0,0,0.0,1.07,0,0
00000000-0000-0000-3a54-76e47b8f310e,usr_00968,1786380854.8623264,85.83,16,0,utilities,pos_chip,0.04,0.05,0.671,28.68,0.89,86400.0,0,0,0.0,1.49,0,0
00000000-0000-0000-3d4a-3deb3ffbd142,usr_00473,1786380868.6977086,29.63,16,0,general_retail,pos_chip,0.15,0.05,0.721,10.09,6.67,86400.0,0,0,0.0,0.8,0,0
00000000-0000-0000-7633-f19bb1d57d97,usr_00717,1786380884.6223736,43.34,16,0,general_retail,pos_chip,0.15,0.05,0.587,14.33,1.44,86400.0,0,0,0.0,0.87,0,0
00000000-0000-0000-4024-43b500ad18a9,usr_00160,1786380931.3976898,25.07,16,0,restaurant,atm,0.1,0.25,0.866,22.85,22.79,86400.0,0,0,0.0,1.35,0,0
00000000-0000-0000-7ac1-b00960f27bba,usr_00912,1786380945.86201,39.37,16,0,utilities,pos_chip,0.04,0.05,0.819,2.96,0.8,86400.0,0,0,0.0,0.85,0,0
00000000-0000-0000-75b4-b5cc423e4b06,usr_00140,1786380970.5811498,51.99,16,0,utilities,online,0.04,0.6,0.763,8.49,1.33,86400.0,0,0,0.0,1.22,1,0
00000000-0000-0000-4a8f-7e4b27e65816,usr_00336,1786380976.9119244,25.29,16,0,general_retail,online,0.15,0.6,0.68,11.18,2.92,86400.0,0,0,0.0,1.14,0,0
00000000-0000-0000-697b-c57e626a5a98,usr_00572,1786381012.447822,29.91,16,0,restaurant,online,0.1,0.6,0.726,1.16,3.1,86400.0,0,0,0.0,0.77,0,0
00000000-0000-0000-1b2b-3fdb90760aa3,usr_00844,1786381038.2800472,26.36,16,0,utilities,pos_chip,0.04,0.05,0.791,2.35,5.14,86400.0,0,0,0.0,0.74,0,0
00000000-0000-0000-069c-b4f207f09717,usr_00017,1786381065.1142702,19.43,16,0,travel,p2p,0.4,0.45,0.664,8.53,1.36,86400.0,0,0,0.0,1.04,0,0
00000000-0000-0000-18a2-ee0bf0175f0d,usr_00802,1786381093.3286607,59.29,16,0,utilities,online,0.04,0.6,0.966,15.44,2.55,86400.0,0,0,0.0,1.46,0,0
00000000-0000-0000-04b7-c6b62d0e8d96,usr_00179,1786381116.8719027,42.15,16,0,grocery,pos_chip,0.05,0.05,0.898,22.42,3.78,86400.0,0,0,0.0,1.07,0,0
00000000-0000-0000-77da-34ad6e851dc6,usr_00291,1786381118.900157,65.42,16,0,health,online,0.08,0.6,0.818,11.44,3.17,86400.0,0,0,0.0,1.8,0,0
00000000-0000-0000-15b8-d01e598e6c8d,usr_00781,1786381128.0797186,40.3,16,0,electronics,online,0.65,0.6,0.888,4.15,1.6,86400.0,0,0,0.0,1.28,0,0
00000000-0000-0000-7d4a-26c9ac0da6b7,usr_00207,1786381180.461234,47.58,16,0,utilities,atm,0.04,0.25,0.673,1.4,21.82,86400.0,0,0,0.0,2.99,0,0
00000000-0000-0000-6d59-40b303804896,usr_00086,1786381224.2658622,29.34,17,0,utilities,atm,0.04,0.25,0.844,0.86,16.98,86400.0,0,0,0.0,1.17,0,0
00000000-0000-0000-0f38-7f0e3abc8942,usr_00180,1786381267.2552679,32.9,17,0,utilities,pos_contactless,0.04,0.1,0.762,15.83,6.49,86400.0,0,0,0.0,0.45,0,0
00000000-0000-0000-3388-7b07aca8838b,usr_00146,1786381340.6079388,19.26,17,0,general_retail,pos_chip,0.15,0.05,0.763,13.87,8.74,86400.0,0,0,0.0,0.84,0,0
00000000-0000-0000-6a32-58d021bd0ac3,usr_00257,1786381361.5725517,28.93,17,0,grocery,pos_chip,0.05,0.05,0.726,6.27,1.27,86400.0,0,0,0.0,1.09,0,0
00000000-0000-0000-6df6-86f2484e2149,usr_00989,1786381381.0053532,39.81,17,0,electronics,pos_chip,0.65,0.05,0.96,10.78,5.44,86400.0,0,0,0.0,1.61,0,0
00000000-0000-0000-4ab9-e3d1a5933f5e,usr_00743,1786381398.3415177,5.66,17,0,grocery,pos_contactless,0.05,0.1,0.795,6.84,11.28,86400.0,0,0,0.0,0.52,0,0
00000000-0000-0000-2087-fc20ebdb82b7,usr_00662,1786381400.0229006,13.8,17,0,general_retail,online,0.15,0.6,0.91,12.66,5.03,86400.0,0,0,0.0,0.72,0,0
00000000-0000-0000-0cb5-76ed27cf1c25,usr_00302,1786381418.4240177,58.22,17,0,restaurant,online,0.1,0.6,0.544,16.27,1.8,86400.0,0,0,0.0,1.05,0,0
00000000-0000-0000-7f9b-31ba9c540085,usr_00786,1786381451.6230342,11.1,17,0,travel,atm,0.4,0.25,0.629,23.98,5.21,86400.0,0,0,0.0,0.33,0,0
00000000-0000-0000-4abb-2953aee066d2,usr_00583,1786381459.8733594,21.1,17,0,utilities,pos_chip,0.04,0.05,0.936,9.49,5.75,86400.0,0,0,0.0,1.21,0,0
00000000-0000-0000-35da-b0f236ae1723,usr_00566,1786381515.7562315,35.67,17,0,grocery,p2p,0.05,0.45,0.947,3.7,8.09,86400.0,0,0,0.0,1.19,0,0
00000000-0000-0000-6f9b-f03b9fc08e4e,usr_00088,1786381540.9061732,52.4,17,0,restaurant,online,0.1,0.6,0.846,4.79,7.79,86400.0,0,0,0.0,1.19,0,0
00000000-0000-0000-3282-be53853dce1d,usr_00586,1786381570.8328476,21.35,17,0,restaurant,online,0.1,0.6,0.892,14.74,0.23,86400.0,0,0,0.0,1.31,0,0
00000000-0000-0000-25dc-2c59c47bb532,usr_00782,1786381594.3244932,95.04,17,0,crypto,atm,0.9,0.25,0.758,17.96,5.4,86400.0,0,0,0.0,0.98,0,0
00000000-0000-0000-5dbc-6e71cd0a13f2,usr_00460,1786381636.964863,31.9,17,0,health,online,0.08,0.6,0.877,32.0,0.45,86400.0,0,0,0.0,0.8,0,0
00000000-0000-0000-3cc9-dda0b3ed681d,usr_00039,1786381652.4485662,24.52,17,0,utilities,online,0.04,0.6,0.704,15.07,3.9,905.2,0,1,110.85,0.22,0,0
00000000-0000-0000-08c6-b65319288e44,usr_00181,1786381671.9839866,61.61,17,0,utilities,pos_chip,0.04,0.05,0.878,10.46,3.93,86400.0,0,0,0.0,1.63,0,0
00000000-0000-0000-1a3c-ec6f144e5880,usr_00039,1786381678.8478725,45.11,17,0,restaurant,online,0.1,0.6,0.693,7.99,4.07,26.4,1,2,135.37,0.67,0,0
00000000-0000-0000-68b4-6109aa56cf24,usr_00950,1786381696.9255593,6.54,17,0,restaurant,pos_chip,0.1,0.05,0.817,3.63,2.98,86400.0,0,0,0.0,0.56,0,0
00000000-0000-0000-0407-19452823b58c,usr_00704,1786381703.7232058,52.52,17,0,grocery,online,0.05,0.6,0.95,26.42,4.65,86400.0,0,0,0.0,0.85,0,0
00000000-0000-0000-7a70-82704bd5a9a1,usr_00891,1786381748.8677127,34.82,17,0,grocery,online,0.05,0.6,0.854,3.99,3.64,86400.0,0,0,0.0,1.47,0,0
00000000-0000-0000-519a-cc8a27e30adb,usr_00703,1786381770.1740751,11.49,17,0,utilities,pos_contactless,0.04,0.1,0.708,3.48,6.43,86400.0,0,0,0.0,0.36,0,0
00000000-0000-0000-3aa5-205cdc51b209,usr_00186,1786381791.1535394,45.8,17,0,grocery,pos_chip,0.05,0.05,0.832,2.12,2.4,86400.0,0,0,0.0,1.24,0,0
00000000-0000-0000-64d6-64201e34aa88,usr_00440,1786381831.1836758,19.02,17,0,electronics,pos_contactless,0.65,0.1,0.947,10.79,1.82,86400.0,0,0,0.0,0.64,0,0
00000000-0000-0000-52bc-a7f80ce6d29e,usr_00741,1786381837.4067597,48.9,17,0,utilities,pos_contactless,0.04,0.1,0.694,0.11,6.72,86400.0,0,0,0.0,0.72,0,0
00000000-0000-0000-7f00-8d878021d8e5,usr_00403,1786381843.8954456,21.19,17,0,restaurant,atm,0.1,0.25,0.896,15.56,0.45,86400.0,0,0,0.0,0.81,0,0
00000000-0000-0000-5738-03ecd6cba5f4,usr_00258,1786381920.9978664,21.71,17,0,utilities,pos_chip,0.04,0.05,0.919,7.27,10.6,86400.0,0,0,0.0,0.71,0,0
00000000-0000-0000-4c5a-faa0054ea452,usr_00346,1786381943.963492,16.84,17,0,health,pos_chip,0.08,0.05,0.846,33.28,4.03,86400.0,0,0,0.0,0.73,0,0
00000000-0000-0000-33a4-b37b7043fc4c,usr_00783,1786381965.1535356,111.49,17,0,electronics,pos_chip,0.65,0.05,0.774,26.04,2.23,86400.0,0,0,0.0,1.97,0,0
00000000-0000-0000-3123-633b7e13c8fc,usr_00866,1786381965.5676553,18.61,17,0,grocery,pos_contactless,0.05,0.1,0.934,6.32,1.22,86400.0,0,0,0.0,1.26,0,0
00000000-0000-0000-6f09-703a8abb8246,usr_00743,1786381977.981512,13.16,17,0,utilities,pos_contactless,0.04,0.1,0.692,15.58,0.4,579.6,0,1,5.66,2.33,0,0
00000000-0000-0000-4946-878c93d7b4ed,usr_00406,1786382035.7162676,25.68,17,0,grocery,online,0.05,0.6,0.768,1.83,2.47,86400.0,0,0,0.0,0.83,0,0
00000000-0000-0000-3f95-7829ef3da3cd,usr_00647,1786382077.5156224,12.61,17,0,restaurant,pos_chip,0.1,0.05,0.64,3.12,0.77,86400.0,0,0,0.0,1.08,0,0
00000000-0000-0000-5340-a46f6afea8d7,usr_00956,1786382090.2806327,15.06,17,0,electronics,online,0.65,0.6,0.701,10.08,8.22,86400.0,0,0,0.0,0.61,0,0
00000000-0000-0000-3563-8a90c2f5d0d9,usr_00738,1786382116.6590898,13.98,17,0,grocery,pos_chip,0.05,0.05,0.919,3.11,9.93,86400.0,0,0,0.0,1.12,0,0
00000000-0000-0000-42b6-d4203c4f0b80,usr_00519,1786382128.3111026,219.61,17,0,restaurant,online,0.1,0.6,0.838,15.33,11.36,86400.0,0,0,0.0,2.5,0,0
00000000-0000-0000-2f5f-5190e0f540bd,usr_00805,1786382143.4075353,49.77,17,0,grocery,pos_chip,0.05,0.05,0.722,19.66,3.42,86400.0,0,0,0.0,0.78,0,0
00000000-0000-0000-2ec8-f3b172937626,usr_00380,1786382154.2763069,36.93,17,0,gaming,pos_contactless,0.7,0.1,0.758,43.11,11.57,86400.0,0,0,0.0,1.05,0,0
00000000-0000-0000-0ec2-ebbe300fe0f4,usr_00541,1786382160.4420857,23.65,17,0,restaurant,online,0.1,0.6,0.734,7.99,4.28,86400.0,0,0,0.0,1.17,0,0
00000000-0000-0000-046b-92333c469744,usr_00515,1786382180.1697636,94.24,17,0,restaurant,pos_contactless,0.1,0.1,0.801,10.12,3.09,86400.0,0,0,0.0,2.31,0,0
00000000-0000-0000-68d7-79baa7813ce4,usr_00109,1786382197.0041935,20.36,17,0,restaurant,pos_chip,0.1,0.05,0.91,15.97,20.3,86400.0,0,0,0.0,1.73,0,0
00000000-0000-0000-4996-520402cda469,usr_00953,1786382273.8745515,7.16,17,0,jewelry,pos_contactless,0.8,0.1,0.711,52.97,2.53,86400.0,0,0,0.0,0.43,0,0
00000000-0000-0000-6e75-a3eedb1d2d21,usr_00536,1786382276.7826574,33.49,17,0,health,pos_contactless,0.08,0.1,0.841,7.73,1.83,86400.0,0,0,0.0,1.4,0,0
00000000-0000-0000-4c10-f430e6916886,usr_00137,1786382291.7362192,39.47,17,0,general_retail,pos_contactless,0.15,0.1,0.907,7.8,11.09,86400.0,0,0,0.0,0.72,0,0
00000000-0000-0000-7e2e-fcdadf021477,usr_00733,1786382327.823783,32.45,17,0,restaurant,pos_contactless,0.1,0.1,0.875,10.65,0.83,86400.0,0,0,0.0,1.1,0,0
00000000-0000-0000-1c7e-34615bd35728,usr_00420,1786382346.0167565,59.41,17,0,utilities,pos_contactless,0.04,0.1,0.732,0.46,1.38,86400.0,0,0,0.0,1.7,0,0
00000000-0000-0000-46b9-7a598ee70e76,usr_00354,1786382412.3225436,79.99,17,0,grocery,pos_chip,0.05,0.05,0.959,4.77,0.99,86400.0,0,0,0.0,1.27,0,0
00000000-0000-0000-54fd-c3e78772ffea,usr_00432,1786382424.4797056,15.58,17,0,gaming,atm,0.7,0.25,0.744,13.22,3.52,86400.0,0,0,0.0,0.51,0,0
00000000-0000-0000-6800-32551c735851,usr_00933,1786382428.610326,104.97,17,0,grocery,online,0.05,0.6,0.842,1.59,1.6,1630.8,0,1,35.43,2.96,0,0
00000000-0000-0000-4dc8-270dba3dcb4e,usr_00355,1786382482.4076154,22.45,17,0,jewelry,p2p,0.8,0.45,0.768,3.03,5.94,86400.0,0,0,0.0,0.59,0,0
00000000-0000-0000-22f3-37c056fb5157,usr_00479,1786382484.1765347,321.32,17,0,grocery,online,0.05,0.6,0.738,2.09,2.32,86400.0,0,0,0.0,2.04,0,0
00000000-0000-0000-3df0-443e275b844b,usr_00270,1786382498.1285203,33.02,17,0,jewelry,online,0.8,0.6,0.836,3.75,10.44,86400.0,0,0,0.0,1.54,0,0
00000000-0000-0000-0359-b135d1da71b5,usr_00294,1786382508.5529432,19.91,17,0,electronics,atm,0.65,0.25,0.852,3.06,13.59,86400.0,0,0,0.0,0.69,1,0
00000000-0000-0000-111c-9095b4048881,usr_00015,1786382531.5748153,22.03,17,0,restaurant,pos_chip,0.1,0.05,0.827,0.59,8.48,86400.0,0,0,0.0,1.11,0,0
00000000-0000-0000-18a8-80d2573c0cf0,usr_00912,1786382564.0552316,21.78,17,0,utilities,atm,0.04,0.25,0.91,0.11,2.67,1618.2,0,1,39.37,0.55,0,0
00000000-0000-0000-36d3-ec5697823c73,usr_00402,1786382580.0781531,122.01,17,0,restaurant,pos_contactless,0.1,0.1,0.849,3.68,9.89,86400.0,0,0,0.0,2.25,0,0
00000000-0000-0000-6d19-1e337bd0d36a,usr_00483,1786382627.1946867,94.92,17,0,utilities,online,0.04,0.6,0.938,2.34,11.74,86400.0,0,0,0.0,2.02,0,0
00000000-0000-0000-0deb-ec94972af915,usr_00747,1786382628.3760788,44.77,17,0,general_retail,pos_chip,0.15,0.05,0.84,4.07,17.29,86400.0,0,0,0.0,0.99,0,0
00000000-0000-0000-0abd-226cbfaff8b4,usr_00063,1786382638.160622,51.34,17,0,electronics,atm,0.65,0.25,0.952,12.24,0.71,86400.0,0,0,0.0,1.09,1,0
00000000-0000-0000-4ba5-9fb7ea59a840,usr_00898,1786382659.9925458,65.51,17,0,grocery,pos_contactless,0.05,0.1,0.891,20.88,2.43,86400.0,0,0,0.0,1.48,0,0
00000000-0000-0000-0dd5-7dee4d0916e3,usr_00292,1786382671.8980825,35.6,17,0,grocery,pos_chip,0.05,0.05,0.673,23.48,13.23,86400.0,0,0,0.0,0.44,0,0
00000000-0000-0000-4b77-4aa8519f95d7,usr_00850,1786382675.7852387,13.91,17,0,grocery,online,0.05,0.6,0.913,7.45,2.81,86400.0,0,0,0.0,0.52,0,0
00000000-0000-0000-0fd8-54d5e4d74229,usr_00186,1786382681.5111918,37.56,17,0,electronics,online,0.65,0.6,0.833,36.85,5.03,890.4,0,1,45.8,0.82,0,0
00000000-0000-0000-61da-7f15970dcac6,usr_00376,1786382694.1513472,32.14,17,0,utilities,p2p,0.04,0.45,0.818,9.68,0.47,86400.0,0,0,0.0,1.1,0,0
00000000-0000-0000-0dfc-097c717affa3,usr_00880,1786382704.6722164,37.9,17,0,general_retail,pos_chip,0.15,0.05,0.916,7.37,5.59,86400.0,0,0,0.0,1.0,0,0
00000000-0000-0000-6f18-35e956e5f215,usr_00025,1786382737.376808,88.82,17,0,health,online,0.08,0.6,0.856,52.68,0.26,86400.0,0,0,0.0,3.31,0,0
00000000-0000-0000-67ea-d5d7c71bd202,usr_00303,1786382766.9916637,22.09,17,0,grocery,pos_chip,0.05,0.05,0.952,8.44,1.56,86400.0,0,0,0.0,0.81,0,0
00000000-0000-0000-79f8-2d4a78c93be5,usr_00921,1786382795.0016155,14.71,17,0,utilities,online,0.04,0.6,0.769,26.51,0.05,86400.0,0,0,0.0,0.75,0,0
00000000-0000-0000-5397-9b4f78c1fa8f,usr_00476,1786382819.3096452,91.59,17,0,grocery,online,0.05,0.6,0.853,39.12,2.61,86400.0,0,0,0.0,1.46,0,0
00000000-0000-0000-46de-0e17095be91e,usr_00559,1786382854.2425,12.15,17,0,health,online,0.08,0.6,0.691,19.86,0.51,86400.0,0,0,0.0,0.63,0,0
00000000-0000-0000-7f59-5c18de852497,usr_00398,1786382928.1947389,109.58,17,0,utilities,online,0.04,0.6,0.842,44.75,2.52,86400.0,0,0,0.0,2.41,0,0
00000000-0000-0000-0648-f0598ff02868,usr_00497,1786382936.922063,75.37,17,0,restaurant,pos_contactless,0.1,0.1,0.625,0.65,1.13,86400.0,0,0,0.0,2.78,0,0
00000000-0000-0000-6e38-cfa2d79bb7f5,usr_00465,1786382990.7806928,34.62,17,0,gaming,pos_chip,0.7,0.05,0.871,37.23,0.92,86400.0,0,0,0.0,1.38,0,0
00000000-0000-0000-0936-47458cf60206,usr_00068,1786382991.157872,43.2,17,0,electronics,atm,0.65,0.25,0.692,3.76,1.18,86400.0,0,0,0.0,0.78,0,0
00000000-0000-0000-49bd-8ac695f8a486,usr_00512,1786383067.116729,20.35,17,0,grocery,pos_chip,0.05,0.05,0.959,12.27,1.35,2397.2,0,1,15.9,1.28,0,0
00000000-0000-0000-5042-79bc08667fb2,usr_00199,1786383069.7584314,35.22,17,0,jewelry,online,0.8,0.6,0.816,0.56,3.02,86400.0,0,0,0.0,1.17,0,0
00000000-0000-0000-7611-4f9f39906a45,usr_00361,1786383072.7412965,47.85,17,0,restaurant,pos_chip,0.1,0.05,0.966,16.95,3.92,86400.0,0,0,0.0,1.15,0,0
00000000-0000-0000-5018-7f31f6dc1cbb,usr_00472,1786383086.9876344,14.52,17,0,general_retail,online,0.15,0.6,0.716,9.26,5.36,86400.0,0,0,0.0,0.52,0,0
00000000-0000-0000-3041-d3c456d43048,usr_00173,1786383091.1533628,25.69,17,0,electronics,online,0.65,0.6,0.794,1.28,0.35,86400.0,0,0,0.0,1.62,0,0
00000000-0000-0000-4e25-e2195d73fb85,usr_00069,1786383091.4620078,42.3,17,0,electronics,online,0.65,0.6,0.786,2.14,21.54,86400.0,0,0,0.0,1.43,0,0
00000000-0000-0000-5079-7c1752646c6c,usr_00759,1786383091.4637883,59.44,17,0,restaurant,pos_contactless,0.1,0.1,0.512,4.35,3.01,86400.0,0,0,0.0,1.38,0,0
00000000-0000-0000-4e7a-947d9a2b5f65,usr_00516,1786383099.8211079,38.0,17,0,utilities,pos_chip,0.04,0.05,0.781,10.11,9.74,86400.0,0,0,0.0,0.77,0,0
00000000-0000-0000-0d60-6d1cde5442fd,usr_00395,1786383143.5066757,71.34,17,0,grocery,pos_chip,0.05,0.05,0.948,7.41,5.56,86400.0,0,0,0.0,1.98,0,0
00000000-0000-0000-2beb-c39a3f378924,usr_00145,1786383146.7215598,23.66,17,0,grocery,online,0.05,0.6,0.725,20.67,2.32,86400.0,0,0,0.0,0.92,0,0
00000000-0000-0000-7c51-3ded083ea05a,usr_00807,1786383169.6814334,16.78,17,0,travel,pos_chip,0.4,0.05,0.733,7.2,3.31,86400.0,0,0,0.0,1.07,0,0
00000000-0000-0000-669d-dd3d7443f2d3,usr_00193,1786383212.8233924,59.81,17,0,gaming,pos_contactless,0.7,0.1,0.889,6.49,9.99,86400.0,0,0,0.0,0.75,0,0
00000000-0000-0000-3ab1-180086391056,usr_00449,1786383218.2647598,24.05,17,0,restaurant,online,0.1,0.6,0.78,1.6,6.89,86400.0,0,0,0.0,0.58,0,0
00000000-0000-0000-0085-15f8f82042d4,usr_00702,1786383226.7964337,20.05,17,0,health,p2p,0.08,0.45,0.862,8.31,1.36,86400.0,0,0,0.0,1.12,0,0
00000000-0000-0000-3918-48219422c226,usr_00996,1786383353.3803225,53.25,17,0,jewelry,pos_contactless,0.8,0.1,0.647,8.02,1.15,86400.0,0,0,0.0,1.02,0,0
00000000-0000-0000-3a8f-dc291ea97a18,usr_00346,1786383383.5400956,16.87,17,0,utilities,online,0.04,0.6,0.778,9.51,0.73,1439.6,0,1,16.84,1.0,0,0
00000000-0000-0000-6523-716c8b92840d,usr_00979,1786383401.5966735,61.61,17,0,grocery,pos_contactless,0.05,0.1,0.924,11.15,8.89,86400.0,0,0,0.0,1.43,0,0
00000000-0000-0000-7017-b1d0f70ae9a6,usr_00383,1786383448.1386714,22.99,17,0,restaurant,pos_chip,0.1,0.05,0.635,3.22,3.05,86400.0,0,0,0.0,1.47,0,0
00000000-0000-0000-0326-ae67d682f25e,usr_00916,1786383450.8635683,30.25,17,0,jewelry,online,0.8,0.6,0.71,9.94,1.19,86400.0,0,0,0.0,0.39,0,0
00000000-0000-0000-1f7b-36b83abaff39,usr_00414,1786383489.5529594,19.03,17,0,utilities,pos_chip,0.04,0.05,0.823,6.41,4.58,86400.0,0,0,0.0,0.68,0,0
00000000-0000-0000-3f5f-e263a1308c8e,usr_00530,1786383523.7209826,13.34,17,0,electronics,online,0.65,0.6,0.828,1.17,12.1,86400.0,0,0,0.0,0.5,0,0
00000000-0000-0000-514f-edf8965f74a7,usr_00960,1786383535.0463002,39.48,17,0,utilities,pos_contactless,0.04,0.1,0.926,41.18,0.24,86400.0,0,0,0.0,0.45,0,0
00000000-0000-0000-3ab5-a1615b49a1e8,usr_00128,1786383544.1382232,46.25,17,0,restaurant,pos_chip,0.1,0.05,0.764,8.29,11.49,86400.0,0,0,0.0,2.05,1,0
00000000-0000-0000-3319-2f0014d9618c,usr_00507,1786383564.7222276,24.13,17,0,grocery,online,0.05,0.6,0.64,11.65,0.48,86400.0,0,0,0.0,0.56,0,0
00000000-0000-0000-1fbf-6e15264e3d7a,usr_00542,1786383601.0216112,40.66,17,0,general_retail,p2p,0.15,0.45,0.528,18.97,20.24,86400.0,0,0,0.0,1.06,1,0
00000000-0000-0000-2667-c4744e46b63f,usr_00398,1786383641.1737983,19.97,17,0,travel,pos_chip,0.4,0.05,0.803,7.58,10.72,713.0,0,1,109.58,0.18,0,0
00000000-0000-0000-5dfe-30d5ed825a87,usr_00402,1786383697.6854196,36.84,17,0,health,online,0.08,0.6,0.758,5.03,6.31,1117.6,0,1,122.01,0.3,0,0
00000000-0000-0000-3285-311624e3f06b,usr_00641,1786383702.7147994,48.42,17,0,grocery,pos_contactless,0.05,0.1,0.682,8.57,5.46,86400.0,0,0,0.0,0.96,0,0
00000000-0000-0000-36d1-23bca3bc1292,usr_00069,1786383709.6379757,15.09,17,0,health,online,0.08,0.6,0.842,32.64,6.73,618.2,0,1,42.3,0.36,0,0
00000000-0000-0000-44be-0d6aada57519,usr_00228,1786383743.4347112,10.71,17,0,restaurant,online,0.1,0.6,0.728,18.79,7.54,86400.0,0,0,0.0,0.54,1,0
00000000-0000-0000-1380-d769de6cbec4,usr_00484,1786383748.475067,82.26,17,0,utilities,pos_chip,0.04,0.05,0.577,20.12,1.39,86400.0,0,0,0.0,2.57,0,0
00000000-0000-0000-4462-18f9e04d385e,usr_00616,1786383748.7004232,49.39,17,0,general_retail,pos_contactless,0.15,0.1,0.807,4.9,1.56,86400.0,0,0,0.0,0.97,0,0
00000000-0000-0000-507f-f4c0dd7c3206,usr_00744,1786383754.6563253,26.83,17,0,restaurant,pos_chip,0.1,0.05,0.866,14.47,4.96,86400.0,0,0,0.0,0.76,0,0
00000000-0000-0000-0ce2-858660b9a933,usr_00154,1786383763.7137654,42.63,17,0,restaurant,pos_contactless,0.1,0.1,0.757,17.59,11.65,86400.0,0,0,0.0,1.33,0,0
00000000-0000-0000-4f84-25aeeb73b247,usr_00646,1786383772.836429,15.83,17,0,health,atm,0.08,0.25,0.981,33.09,2.87,86400.0,0,0,0.0,0.33,0,0
00000000-0000-0000-30c4-7f8c3b890e63,usr_00312,1786383800.96826,179.8,17,0,jewelry,atm,0.8,0.25,0.678,11.94,3.12,86400.0,0,0,0.0,1.91,0,0
00000000-0000-0000-028b-e2ed983fb2a9,usr_00804,1786383826.339236,81.75,17,0,grocery,pos_chip,0.05,0.05,0.929,12.57,18.55,86400.0,0,0,0.0,1.14,0,0
00000000-0000-0000-5ac0-d9d6569460c6,usr_00615,1786383841.1598542,12.55,17,0,general_retail,pos_chip,0.15,0.05,0.941,9.43,2.29,86400.0,0,0,0.0,0.82,0,0
00000000-0000-0000-3116-97b5ac2d47d2,usr_00929,1786383873.6450408,53.12,17,0,restaurant,online,0.1,0.6,0.91,17.89,0.39,86400.0,0,0,0.0,1.53,1,0
00000000-0000-0000-1850-37b49a978904,usr_00156,1786383890.4245596,53.08,17,0,restaurant,online,0.1,0.6,0.942,16.65,12.37,86400.0,0,0,0.0,1.48,0,0
00000000-0000-0000-45a8-1f03aad2acbe,usr_00766,1786383916.606802,42.35,17,0,general_retail,online,0.15,0.6,0.859,5.35,0.9,86400.0,0,0,0.0,1.22,0,0
00000000-0000-0000-441a-c03bf84e7b75,usr_00114,1786383995.2417517,38.95,17,0,utilities,online,0.04,0.6,0.722,17.36,5.12,86400.0,0,0,0.0,1.13,0,0
00000000-0000-0000-6deb-a97a008be77e,usr_00599,1786384030.6092658,9.97,17,0,health,pos_chip,0.08,0.05,0.829,4.93,5.57,86400.0,0,0,0.0,0.87,0,0
00000000-0000-0000-094a-acd978be66e7,usr_00735,1786384038.4602892,54.14,17,0,grocery,pos_contactless,0.05,0.1,0.968,0.18,2.02,86400.0,0,0,0.0,1.49,0,0
00000000-0000-0000-7725-997b45033bec,usr_00646,1786384042.7501974,65.36,17,0,travel,pos_chip,0.4,0.05,0.972,4.32,0.46,269.9,1,1,15.83,4.13,0,0
00000000-0000-0000-5970-abb9c6106599,usr_00826,1786384113.8430793,25.26,17,0,grocery,pos_contactless,0.05,0.1,0.83,7.26,0.57,86400.0,0,0,0.0,0.75,0,0
00000000-0000-0000-47df-9e372770afa6,usr_00592,1786384140.832854,149.16,17,0,general_retail,pos_contactless,0.15,0.1,0.628,5.74,6.55,86400.0,0,0,0.0,1.51,0,0
00000000-0000-0000-3adf-9d16f0eed77f,usr_00967,1786384185.480233,11.52,17,0,grocery,atm,0.05,0.25,0.652,3.66,0.36,86400.0,0,0,0.0,0.54,0,0
00000000-0000-0000-67cd-568bbd174a24,usr_00241,1786384207.2332988,40.19,17,0,grocery,pos_contactless,0.05,0.1,0.895,7.01,1.03,86400.0,0,0,0.0,1.28,0,0
00000000-0000-0000-6a6f-d1e3610ae313,usr_00730,1786384229.051917,35.19,17,0,gaming,pos_contactless,0.7,0.1,0.919,5.42,0.42,86400.0,0,0,0.0,0.81,0,0
00000000-0000-0000-47ed-8679da2bf04d,usr_00136,1786384409.2011654,60.39,17,0,general_retail,atm,0.15,0.25,0.88,22.73,2.86,86400.0,0,0,0.0,1.51,0,0
00000000-0000-0000-14aa-ade2e0d5b205,usr_00330,1786384471.2455559,62.0,17,0,general_retail,pos_chip,0.15,0.05,0.855,9.44,1.55,86400.0,0,0,0.0,0.76,0,0
00000000-0000-0000-74e5-6792fb130f92,usr_00624,1786384472.8979084,64.16,17,0,travel,pos_contactless,0.4,0.1,0.881,14.6,0.9,86400.0,0,0,0.0,1.46,0,0
00000000-0000-0000-63c8-383dde599e04,usr_00651,1786384477.628093,23.39,17,0,gaming,online,0.7,0.6,0.794,2.03,1.81,86400.0,0,0,0.0,0.78,0,0
00000000-0000-0000-42f5-6c6fe6289533,usr_00992,1786384488.8181589,182.18,17,0,grocery,pos_chip,0.05,0.05,0.823,6.0,4.55,86400.0,0,0,0.0,1.87,0,0
00000000-0000-0000-4e4e-0adad48b3885,usr_00746,1786384499.4520895,68.55,17,0,general_retail,pos_chip,0.15,0.05,0.657,4.88,1.29,86400.0,0,0,0.0,0.7,0,0
00000000-0000-0000-7b2c-f4ebec4e4637,usr_00273,1786384504.3639853,93.32,17,0,grocery,pos_contactless,0.05,0.1,0.831,1.36,0.82,86400.0,0,0,0.0,0.8,0,0
00000000-0000-0000-76f0-8968e13c8a4b,usr_00614,1786384532.0630045,33.44,17,0,gaming,online,0.7,0.6,0.884,1.37,0.48,86400.0,0,0,0.0,1.64,0,0
00000000-0000-0000-21c7-a8f4000c9064,usr_00812,1786384545.9510038,45.91,17,0,utilities,atm,0.04,0.25,0.794,17.55,2.16,86400.0,0,0,0.0,1.19,0,0
00000000-0000-0000-41c8-f96ce6abf5bc,usr_00688,1786384600.210588,53.84,17,0,general_retail,online,0.15,0.6,0.78,29.13,5.93,86400.0,0,0,0.0,2.14,0,0
00000000-0000-0000-25fb-cbdd7f3cab5f,usr_00485,1786384611.1146557,27.84,17,0,grocery,pos_chip,0.05,0.05,0.636,6.4,1.33,86400.0,0,0,0.0,0.93,0,0
00000000-0000-0000-2040-7a6becb84027,usr_00835,1786384629.7596095,15.18,17,0,restaurant,pos_chip,0.1,0.05,0.826,15.21,2.19,86400.0,0,0,0.0,0.78,0,0
00000000-0000-0000-51f1-565754828ebf,usr_00605,1786384643.4405246,55.24,17,0,utilities,p2p,0.04,0.45,0.778,23.86,1.01,86400.0,0,0,0.0,1.21,0,0
00000000-0000-0000-1541-02b0c3e2c464,usr_00658,1786384670.010586,128.84,17,0,grocery,pos_chip,0.05,0.05,0.69,2.97,15.64,86400.0,0,0,0.0,1.88,0,0
00000000-0000-0000-4c59-945f0139485a,usr_00481,1786384677.2326355,126.08,17,0,travel,atm,0.4,0.25,0.866,0.43,7.2,86400.0,0,0,0.0,1.61,0,0
00000000-0000-0000-3a20-20d7639675b5,usr_00867,1786384721.4427297,28.43,17,0,grocery,online,0.05,0.6,0.689,26.01,12.63,86400.0,0,0,0.0,1.1,0,0
00000000-0000-0000-5c3e-e969b76123ff,usr_00307,1786384806.9426384,73.64,18,0,grocery,pos_contactless,0.05,0.1,0.882,3.38,1.28,86400.0,0,0,0.0,1.02,0,0
00000000-0000-0000-2a1a-95d875e6b8b6,usr_00977,1786384808.6707146,23.57,18,0,grocery,p2p,0.05,0.45,0.63,28.87,11.4,86400.0,0,0,0.0,0.91,0,0
00000000-0000-0000-75ed-f73b90dd02ff,usr_00911,1786384808.779704,85.1,18,0,grocery,pos_chip,0.05,0.05,0.851,13.16,14.21,86400.0,0,0,0.0,2.03,0,0
00000000-0000-0000-1741-f47c1825742d,usr_00526,1786384822.0786057,101.62,18,0,health,online,0.08,0.6,0.571,7.8,2.0,86400.0,0,0,0.0,1.28,0,0
00000000-0000-0000-3e48-586d19e89e04,usr_00337,1786384841.402393,43.71,18,0,grocery,p2p,0.05,0.45,0.843,0.45,4.7,86400.0,0,0,0.0,1.09,0,0
00000000-0000-0000-614f-13871985a2f3,usr_00671,1786384873.829091,55.4,18,0,general_retail,pos_chip,0.15,0.05,0.79,2.61,11.38,86400.0,0,0,0.0,1.42,0,0
00000000-0000-0000-572f-a83c6aab7074,usr_00124,1786384887.183485,30.71,18,0,restaurant,pos_contactless,0.1,0.1,0.781,3.53,4.76,86400.0,0,0,0.0,0.56,0,0
00000000-0000-0000-13d1-01a92574c265,usr_00101,1786384902.7489154,45.36,18,0,general_retail,pos_chip,0.15,0.05,0.613,4.78,9.51,86400.0,0,0,0.0,0.63,0,0
00000000-0000-0000-627e-74f7198404a7,usr_00349,1786384925.987916,139.73,18,0,restaurant,pos_contactless,0.1,0.1,0.641,12.47,25.7,86400.0,0,0,0.0,1.74,0,0
00000000-0000-0000-6c11-f0505042451c,usr_00235,1786384938.565772,40.7,18,0,crypto,online,0.9,0.6,0.638,6.9,4.58,86400.0,0,0,0.0,1.82,0,0
00000000-0000-0000-2fc8-f28dea211677,usr_00658,1786385023.9151587,107.34,18,0,grocery,online,0.05,0.6,0.822,2.41,9.66,353.9,0,1,128.84,0.83,0,0
00000000-0000-0000-03dd-6504412f9ca2,usr_00888,1786385025.5824363,7.41,18,0,health,pos_chip,0.08,0.05,0.728,26.91,0.4,86400.0,0,0,0.0,1.0,0,0
00000000-0000-0000-0de0-7949c8dc1649,usr_00485,1786385028.5900939,44.21,18,0,utilities,online,0.04,0.6,0.727,9.36,4.36,417.5,0,1,27.84,1.59,0,0
00000000-0000-0000-0202-6cf6853bcc0c,usr_00395,1786385047.2386253,51.05,18,0,grocery,online,0.05,0.6,0.89,9.72,0.81,1903.7,0,1,71.34,0.72,0,0
00000000-0000-0000-2d3d-eb188ec04257,usr_00243,1786385054.9808247,13.56,18,0,restaurant,online,0.1,0.6,0.922,11.51,13.05,86400.0,0,0,0.0,0.99,0,0
00000000-0000-0000-5435-ded3aeaa6245,usr_00644,1786385098.2138047,31.42,18,0,grocery,online,0.05,0.6,0.961,36.78,0.34,86400.0,0,0,0.0,1.16,0,0
00000000-0000-0000-5352-c392fda31488,usr_00960,1786385108.8777683,149.42,18,0,restaurant,pos_chip,0.1,0.05,0.724,24.15,5.61,1573.8,0,1,39.48,3.78,0,0
00000000-0000-0000-1374-a3f50af9410c,usr_00638,1786385114.5953743,28.77,18,0,utilities,online,0.04,0.6,0.79,1.45,0.9,86400.0,0,0,0.0,0.61,0,0
00000000-0000-0000-1921-5f9081862583,usr_00576,1786385119.0109735,75.41,18,0,general_retail,pos_chip,0.15,0.05,0.912,15.36,0.21,86400.0,0,0,0.0,1.02,0,0
00000000-0000-0000-2f78-884eb4034ee2,usr_00140,1786385143.2065983,57.45,18,0,restaurant,p2p,0.1,0.45,0.79,4.92,5.35,4172.6,0,0,51.99,1.11,0,0
00000000-0000-0000-6720-1cf55d781843,usr_00943,1786385147.671729,75.79,18,0,utilities,atm,0.04,0.25,0.942,23.55,3.09,86400.0,0,0,0.0,1.11,0,0
00000000-0000-0000-7f78-f46b2ccd29a1,usr_00724,1786385161.8255498,15.13,18,0,crypto,pos_chip,0.9,0.05,0.798,2.03,3.47,86400.0,0,0,0.0,0.79,0,0
00000000-0000-0000-2b0b-edc548990457,usr_00653,1786385190.4074774,7.03,18,0,grocery,online,0.05,0.6,0.964,14.19,5.13,86400.0,0,0,0.0,0.41,0,0
00000000-0000-0000-1089-b97865554c0e,usr_00617,1786385222.6731462,46.44,18,0,grocery,pos_contactless,0.05,0.1,0.905,0.09,6.44,86400.0,0,0,0.0,1.21,0,0
00000000-0000-0000-265c-92d0cf745fe4,usr_00040,1786385234.65896,45.48,18,0,restaurant,p2p,0.1,0.45,0.728,30.44,0.83,86400.0,0,0,0.0,0.88,0,0
00000000-0000-0000-305a-012736c0d36f,usr_00189,1786385235.8380396,112.87,18,0,restaurant,pos_contactless,0.1,0.1,0.679,2.31,0.81,86400.0,0,0,0.0,1.27,0,0
00000000-0000-0000-7964-b9098fdad470,usr_00715,1786385247.1167405,12.0,18,0,gaming,pos_contactless,0.7,0.1,0.852,8.87,1.04,86400.0,0,0,0.0,0.75,0,0
00000000-0000-0000-5f4b-9d61a348f4c3,usr_00938,1786385260.6960685,70.84,18,0,travel,pos_contactless,0.4,0.1,0.826,16.78,2.12,86400.0,0,0,0.0,1.22,0,0
00000000-0000-0000-034c-fb95013f4f2a,usr_00412,1786385276.1719508,11.53,18,0,grocery,p2p,0.05,0.45,0.755,18.85,4.57,86400.0,0,0,0.0,0.52,0,0
00000000-0000-0000-0bbd-74e1ae1832ea,usr_00040,1786385282.9958196,61.02,18,0,utilities,online,0.04,0.6,0.75,4.58,3.44,48.3,1,1,45.48,1.34,0,0
00000000-0000-0000-7443-ab0d04ebf023,usr_00592,1786385388.1614769,245.5,18,0,utilities,atm,0.04,0.25,0.699,17.85,7.47,1247.3,0,1,149.16,1.65,0,0
00000000-0000-0000-17c0-0565dd57a3cc,usr_00376,1786385422.7673361,46.21,18,0,jewelry,pos_contactless,0.8,0.1,0.889,21.8,7.63,2728.6,0,1,32.14,1.44,0,0
00000000-0000-0000-7f07-60db9844b323,usr_00618,1786385425.111425,14.8,18,0,grocery,pos_chip,0.05,0.05,0.473,0.8,5.27,86400.0,0,0,0.0,0.65,0,0
00000000-0000-0000-3945-34821ebc747c,usr_00967,1786385427.2276013,10.55,18,0,electronics,online,0.65,0.6,0.793,0.11,1.45,1241.7,0,1,11.52,0.92,0,0
00000000-0000-0000-5fd2-acd60ee50914,usr_00880,1786385442.166663,24.81,18,0,restaurant,pos_chip,0.1,0.05,0.797,14.77,3.61,2737.5,0,1,37.9,0.65,0,0
00000000-0000-0000-4f14-ba34cf9f2cd9,usr_00985,1786385482.202668,30.59,18,0,health,online,0.08,0.6,0.864,65.4,1.95,86400.0,0,0,0.0,0.63,0,0
00000000-0000-0000-452b-49522f8cf50c,usr_00030,1786385484.3694804,118.99,18,0,grocery,pos_chip,0.05,0.05,0.883,11.24,6.4,86400.0,0,0,0.0,0.99,0,0
00000000-0000-0000-1d2d-44b616e89127,usr_00764,1786385524.7181087,19.87,18,0,travel,p2p,0.4,0.45,0.812,13.34,6.35,86400.0,0,0,0.0,0.49,0,0
00000000-0000-0000-5442-bbae9c4cd7af,usr_00594,1786385551.4846513,20.44,18,0,travel,pos_contactless,0.4,0.1,0.652,6.44,12.54,86400.0,0,0,0.0,1.33,0,0
00000000-0000-0000-0ca1-e14bd3925067,usr_00103,1786385593.219851,40.32,18,0,restaurant,online,0.1,0.6,0.786,0.02,1.04,86400.0,0,0,0.0,0.78,0,0
00000000-0000-0000-76c7-94e3e75e46d9,usr_00065,1786385636.4448266,59.93,18,0,health,atm,0.08,0.25,0.725,22.74,0.76,86400.0,0,0,0.0,1.12,0,0
00000000-0000-0000-7102-51c33bae74bd,usr_00490,1786385671.117458,21.35,18,0,utilities,online,0.04,0.6,0.822,20.69,6.31,86400.0,0,0,0.0,0.34,0,0
00000000-0000-0000-2caf-6c5de4820911,usr_00159,1786385694.769097,29.66,18,0,crypto,online,0.9,0.6,0.872,8.17,13.47,86400.0,0,0,0.0,1.82,0,0
00000000-0000-0000-00a6-e1f8fa22cba7,usr_00393,1786385747.1003911,60.32,18,0,grocery,online,0.05,0.6,0.927,16.4,0.9,86400.0,0,0,0.0,1.38,0,0
00000000-0000-0000-2495-805a3575b2ea,usr_00454,1786385772.1038213,62.42,18,0,utilities,online,0.04,0.6,0.953,7.72,3.89,86400.0,0,0,0.0,1.81,0,0
00000000-0000-0000-09e2-fdf0bf85b6a9,usr_00287,1786385793.4025602,41.85,18,0,travel,pos_chip,0.4,0.05,0.695,9.31,10.45,86400.0,0,0,0.0,1.22,0,0
00000000-0000-0000-5ee3-4c9f80cc3381,usr_00768,1786385812.1626093,6.91,18,0,grocery,pos_chip,0.05,0.05,0.847,2.51,5.83,86400.0,0,0,0.0,0.45,0,0
00000000-0000-0000-312f-dbc7014d88b8,usr_00381,1786385847.1718585,68.93,18,0,health,online,0.08,0.6,0.862,13.5,10.67,86400.0,0,0,0.0,0.95,0,0
00000000-0000-0000-19e8-f8652f9d8760,usr_00130,1786385855.8901033,36.56,18,0,restaurant,online,0.1,0.6,0.962,33.37,8.58,86400.0,0,0,0.0,1.39,0,0
00000000-0000-0000-4d65-5a03e75d5bd5,usr_00360,1786385963.2282043,59.7,18,0,restaurant,pos_contactless,0.1,0.1,0.887,12.36,3.75,86400.0,0,0,0.0,1.98,0,0
00000000-0000-0000-3db5-c50f0a532ea3,usr_00028,1786386003.4680474,24.67,18,0,electronics,pos_contactless,0.65,0.1,0.67,27.57,19.29,86400.0,0,0,0.0,0.58,0,0
00000000-0000-0000-7d81-b9a0e51cffd2,usr_00846,1786386007.9439301,322.87,18,0,general_retail,p2p,0.15,0.45,0.942,3.98,19.02,86400.0,0,0,0.0,1.45,0,0
00000000-0000-0000-6d46-637f9306eb05,usr_00470,1786386039.6838973,17.18,18,0,health,online,0.08,0.6,0.836,25.2,6.18,86400.0,0,0,0.0,0.42,0,0
00000000-0000-0000-5921-1c0c801ae2a4,usr_00733,1786386072.6615198,25.07,18,0,grocery,online,0.05,0.6,0.982,4.49,6.74,3744.8,0,0,32.45,0.77,0,0
00000000-0000-0000-0b65-ebb5fdf7e08d,usr_00126,1786386075.9418688,138.66,18,0,utilities,online,0.04,0.6,0.809,3.71,16.53,86400.0,0,0,0.0,1.74,0,0
00000000-0000-0000-3924-c321e832ade0,usr_00293,1786386089.9624228,8.03,18,0,health,pos_contactless,0.08,0.1,0.753,0.13,2.36,86400.0,0,0,0.0,1.13,0,0
00000000-0000-0000-6298-9f902fd39bda,usr_00491,1786386098.5246003,52.07,18,0,jewelry,pos_chip,0.8,0.05,0.898,19.15,2.49,86400.0,0,0,0.0,1.26,0,0
00000000-0000-0000-431d-8216a0de005b,usr_00317,1786386103.5581536,18.44,18,0,travel,p2p,0.4,0.45,0.916,4.21,6.96,86400.0,0,0,0.0,0.85,0,0
00000000-0000-0000-50a6-7156803f581b,usr_00069,1786386110.9354641,44.56,18,0,general_retail,atm,0.15,0.25,0.739,16.28,0.23,2401.3,0,2,57.39,1.55,1,0
00000000-0000-0000-6b99-a507cae5a2c7,usr_00157,1786386145.1711535,44.91,18,0,grocery,pos_chip,0.05,0.05,0.867,37.13,0.3,86400.0,0,0,0.0,0.75,0,0
00000000-0000-0000-30cf-fbe30ec7f3dc,usr_00849,1786386162.7787838,130.29,18,0,travel,online,0.4,0.6,0.634,9.01,0.74,86400.0,0,0,0.0,2.2,0,0
00000000-0000-0000-2626-ebf53df51c9c,usr_00194,1786386171.496897,8.45,18,0,utilities,online,0.04,0.6,0.834,0.56,5.22,86400.0,0,0,0.0,0.5,0,0
00000000-0000-0000-5fa3-c1e3751a32df,usr_00221,1786386177.262184,35.71,18,0,restaurant,pos_chip,0.1,0.05,0.882,28.11,2.14,86400.0,0,0,0.0,0.93,0,0
00000000-0000-0000-2174-85fde39c94c4,usr_00720,1786386222.3322904,36.04,18,0,restaurant,online,0.1,0.6,0.756,1.25,9.0,86400.0,0,0,0.0,1.15,0,0
00000000-0000-0000-6af9-0d658905fd4e,usr_00412,1786386237.7464612,42.23,18,0,general_retail,online,0.15,0.6,0.906,3.75,6.11,961.6,0,1,11.53,3.66,0,0
00000000-0000-0000-6a8c-f804edbb4e66,usr_00019,1786386267.9581935,30.78,18,0,utilities,p2p,0.04,0.45,0.787,6.42,7.66,86400.0,0,0,0.0,0.96,0,0
00000000-0000-0000-2fa4-8504cc8c6042,usr_00262,1786386281.8509185,36.91,18,0,general_retail,pos_chip,0.15,0.05,0.947,1.79,6.4,86400.0,0,0,0.0,0.97,0,0
00000000-0000-0000-1e4d-6044b74d88f0,usr_00322,1786386289.3177521,44.96,18,0,restaurant,online,0.1,0.6,0.7,3.46,1.44,86400.0,0,0,0.0,0.67,0,0
00000000-0000-0000-65c5-9708ae94a1a6,usr_00652,1786386324.3459,37.39,18,0,grocery,atm,0.05,0.25,0.66,0.7,1.42,86400.0,0,0,0.0,0.42,0,0
00000000-0000-0000-7260-7320b2074448,usr_00779,1786386342.4265723,11.51,18,0,utilities,pos_contactless,0.04,0.1,0.758,9.54,1.63,86400.0,0,0,0.0,0.76,0,0
00000000-0000-0000-096e-9417635fe960,usr_00137,1786386368.2798653,111.93,18,0,restaurant,online,0.1,0.6,0.951,9.9,4.02,4076.5,0,0,39.47,2.84,0,0
00000000-0000-0000-055b-d3c165f6e529,usr_00612,1786386415.567886,14.47,18,0,grocery,pos_chip,0.05,0.05,0.89,5.22,1.67,86400.0,0,0,0.0,1.03,1,0
00000000-0000-0000-4e2a-b39420dc2813,usr_00310,1786386479.9404302,86.25,18,0,crypto,pos_contactless,0.9,0.1,0.902,15.31,14.08,86400.0,0,0,0.0,1.29,1,0
00000000-0000-0000-1160-91aced64ddb2,usr_00332,1786386511.8083792,32.26,18,0,general_retail,pos_contactless,0.15,0.1,0.86,2.64,1.82,5950.8,0,0,27.24,1.18,0,0
00000000-0000-0000-696e-9886d7e6057d,usr_00294,1786386536.2145996,30.15,18,0,utilities,p2p,0.04,0.45,0.74,12.89,0.3,4027.7,0,0,19.91,1.51,0,0
00000000-0000-0000-69a1-ba4d26c7fbba,usr_00364,1786386575.9982061,37.28,18,0,restaurant,pos_chip,0.1,0.05,0.835,12.58,5.72,86400.0,0,0,0.0,1.21,0,0
00000000-0000-0000-3b5a-69a702c0e469,usr_00991,1786386584.091677,92.25,18,0,travel,pos_contactless,0.4,0.1,0.844,9.03,1.06,86400.0,0,0,0.0,1.15,0,0
00000000-0000-0000-3b9e-5c1d36b481f2,usr_00628,1786386593.810821,42.53,18,0,general_retail,pos_contactless,0.15,0.1,0.746,38.82,2.33,86400.0,0,0,0.0,2.4,0,0
00000000-0000-0000-6017-06b61b993b40,usr_00836,1786386626.5710452,18.76,18,0,restaurant,pos_chip,0.1,0.05,0.999,13.18,1.09,86400.0,0,0,0.0,0.69,0,0
00000000-0000-0000-1d44-b70adcf9ce97,usr_00589,1786386636.2269313,91.09,18,0,jewelry,online,0.8,0.6,0.743,26.16,1.6,86400.0,0,0,0.0,1.05,0,0
00000000-0000-0000-3a12-b3c499f73b01,usr_00264,1786386645.7343931,99.38,18,0,travel,atm,0.4,0.25,0.899,0.57,0.26,86400.0,0,0,0.0,2.26,0,0
00000000-0000-0000-77ba-76b7e073f5df,usr_00883,1786386698.8966813,26.58,18,0,electronics,online,0.65,0.6,0.892,20.08,0.97,86400.0,0,0,0.0,1.62,0,0
00000000-0000-0000-103c-6745fc50f7d2,usr_00658,1786386741.192973,73.53,18,0,grocery,online,0.05,0.6,0.548,7.12,11.64,1717.3,0,2,236.18,0.62,0,0
00000000-0000-0000-750d-b6803a7624c7,usr_00711,1786386751.155885,50.05,18,0,grocery,online,0.05,0.6,0.654,35.13,6.54,86400.0,0,0,0.0,0.99,0,0
00000000-0000-0000-5896-47186757a13c,usr_00847,1786386766.3060381,62.54,18,0,utilities,online,0.04,0.6,0.816,31.61,2.26,86400.0,0,0,0.0,1.13,0,0
00000000-0000-0000-3578-71e3afc67d61,usr_00410,1786386809.89162,9.31,18,0,general_retail,atm,0.15,0.25,0.698,20.13,9.35,86400.0,0,0,0.0,0.68,0,0
00000000-0000-0000-09ac-295d5a60ecb0,usr_00725,1786386812.3577783,61.53,18,0,restaurant,online,0.1,0.6,0.797,36.08,1.58,6295.5,0,0,89.48,0.69,0,0
00000000-0000-0000-2573-225a1ed41ba7,usr_00021,1786386844.2549167,51.04,18,0,jewelry,p2p,0.8,0.45,0.703,52.74,8.36,86400.0,0,0,0.0,2.32,0,0
00000000-0000-0000-71de-9606510cb2e1,usr_00749,1786386848.9457798,36.36,18,0,grocery,pos_chip,0.05,0.05,0.785,14.98,3.27,86400.0,0,0,0.0,1.88,0,0
00000000-0000-0000-6d2a-4473f77b6c5e,usr_00709,1786386897.7861562,53.07,18,0,electronics,online,0.65,0.6,0.858,4.41,2.14,86400.0,0,0,0.0,1.09,0,0
00000000-0000-0000-4335-3592060b8e02,usr_00986,1786386913.8100562,21.16,18,0,general_retail,pos_chip,0.15,0.05,0.83,13.78,10.01,86400.0,0,0,0.0,1.48,0,0
00000000-0000-0000-6a22-f2bd30fc9247,usr_00471,1786386918.197629,28.82,18,0,grocery,pos_chip,0.05,0.05,0.853,21.63,1.5,86400.0,0,0,0.0,1.11,0,0
00000000-0000-0000-580a-b545d8d15e4d,usr_00788,1786386918.2097347,6.09,18,0,utilities,p2p,0.04,0.45,0.547,6.21,4.8,86400.0,0,0,0.0,0.35,0,0
00000000-0000-0000-20a0-8b78798947f5,usr_00363,1786386919.0215354,29.91,18,0,grocery,p2p,0.05,0.45,0.848,8.52,16.25,86400.0,0,0,0.0,1.7,0,0
00000000-0000-0000-2e2c-6a06be5527aa,usr_00037,1786386928.944214,8.64,18,0,grocery,online,0.05,0.6,0.821,16.71,2.98,86400.0,0,0,0.0,0.43,0,0
00000000-0000-0000-788a-bad04ab42769,usr_00025,1786386967.383057,20.87,18,0,utilities,pos_contactless,0.04,0.1,0.413,24.17,0.57,4230.0,0,0,88.82,0.23,0,0
00000000-0000-0000-5222-8e94a8e1acbb,usr_00438,1786386968.2869089,18.4,18,0,electronics,pos_contactless,0.65,0.1,0.92,20.85,2.03,86400.0,0,0,0.0,0.82,0,0
00000000-0000-0000-5782-1a85d772c37e,usr_00691,1786387001.7224736,37.92,18,0,electronics,pos_contactless,0.65,0.1,0.761,11.54,9.23,86400.0,0,0,0.0,1.33,0,0
00000000-0000-0000-7e56-964c9827475a,usr_00616,1786387057.658125,43.5,18,0,general_retail,pos_contactless,0.15,0.1,0.856,18.24,2.26,3309.0,0,1,49.39,0.88,0,0
00000000-0000-0000-6586-cc865cd81382,usr_00616,1786387068.3820407,62.62,18,0,grocery,online,0.05,0.6,0.587,1.22,5.18,10.7,1,2,92.89,1.35,0,0
00000000-0000-0000-526c-324888c8050d,usr_00993,1786387101.8160195,34.51,18,0,restaurant,pos_contactless,0.1,0.1,0.654,0.55,1.88,86400.0,0,0,0.0,0.47,0,0
00000000-0000-0000-6332-1700dd14a15c,usr_00890,1786387102.2261446,35.46,18,0,restaurant,atm,0.1,0.25,0.811,9.33,4.07,86400.0,0,0,0.0,1.77,0,0
00000000-0000-0000-5d55-8cfd3c211711,usr_00509,1786387105.4735847,91.56,18,0,restaurant,pos_chip,0.1,0.05,0.734,8.0,12.71,86400.0,0,0,0.0,2.09,0,0
00000000-0000-0000-3204-9774656e44a9,usr_00407,1786387112.6179163,62.46,18,0,restaurant,pos_chip,0.1,0.05,0.865,1.5,1.57,6479.9,0,0,18.92,3.3,0,0
00000000-0000-0000-66a9-4f3d00f210ae,usr_00918,1786387126.4723868,31.03,18,0,grocery,online,0.05,0.6,0.917,3.54,0.31,86400.0,0,0,0.0,0.41,0,0
00000000-0000-0000-5e0c-6f599bf9190e,usr_00028,1786387157.427532,29.87,18,0,grocery,online,0.05,0.6,0.973,2.1,1.35,1154.0,0,1,24.67,1.21,0,0
00000000-0000-0000-1078-d591cd802e2e,usr_00198,1786387200.9156485,13.42,18,0,grocery,pos_contactless,0.05,0.1,0.966,30.68,2.33,86400.0,0,0,0.0,0.41,0,0
00000000-0000-0000-6461-3cf6c5ac7c43,usr_00395,1786387212.80799,20.68,18,0,general_retail,pos_contactless,0.15,0.1,0.655,2.02,16.26,2165.6,0,1,122.39,0.34,0,0
00000000-0000-0000-7233-f7f5960646cb,usr_00403,1786387230.7947311,22.92,18,0,general_retail,pos_chip,0.15,0.05,0.732,1.63,7.42,5386.9,0,0,21.19,1.08,0,0
00000000-0000-0000-563c-b275fe3242bc,usr_00112,1786387331.1741173,25.42,18,0,electronics,p2p,0.65,0.45,0.767,1.9,17.54,86400.0,0,0,0.0,1.1,0,0
00000000-0000-0000-5d5d-b6b78cb0ca7a,usr_00221,1786387350.9921374,18.62,18,0,restaurant,online,0.1,0.6,0.835,21.81,1.75,1173.7,0,1,35.71,0.52,0,0
00000000-0000-0000-3c69-65d78c5a78c3,usr_00665,1786387364.3057077,7.07,18,0,general_retail,online,0.15,0.6,0.749,57.29,4.03,86400.0,0,0,0.0,0.59,0,0
00000000-0000-0000-4044-21d752c7cd74,usr_00723,1786387407.4051566,18.29,18,0,health,online,0.08,0.6,0.729,15.3,3.39,86400.0,0,0,0.0,1.36,0,0
00000000-0000-0000-3363-eeb842e7b875,usr_00248,1786387543.906132,83.68,18,0,jewelry,pos_contactless,0.8,0.1,0.731,18.94,18.07,86400.0,0,0,0.0,0.44,0,0
00000000-0000-0000-6b35-8453b5205116,usr_00765,1786387557.396072,6.49,18,0,general_retail,p2p,0.15,0.45,0.907,3.06,8.81,86400.0,0,0,0.0,0.57,0,0
00000000-0000-0000-2464-dcbbf383c426,usr_00976,1786387584.9846954,135.46,18,0,restaurant,online,0.1,0.6,0.852,27.94,9.62,86400.0,0,0,0.0,2.11,0,0
00000000-0000-0000-57e3-7efce4da7914,usr_00249,1786387646.5266972,8.82,18,0,gaming,online,0.7,0.6,0.835,17.8,1.54,86400.0,0,0,0.0,0.54,0,0
00000000-0000-0000-623a-d85b4b15fad3,usr_00794,1786387657.705777,13.82,18,0,restaurant,pos_contactless,0.1,0.1,0.923,3.69,10.72,86400.0,0,0,0.0,1.22,0,0
00000000-0000-0000-1771-8b9f08c97396,usr_00638,1786387672.423232,37.38,18,0,restaurant,pos_chip,0.1,0.05,0.875,21.93,9.76,2557.8,0,1,28.77,1.3,0,0
00000000-0000-0000-387d-3e5967c921f2,usr_00774,1786387691.8788831,33.87,18,0,grocery,pos_chip,0.05,0.05,0.701,8.08,13.64,86400.0,0,0,0.0,1.02,0,0
00000000-0000-0000-523a-8bc002b54ee8,usr_00721,1786387713.3036919,64.0,18,0,grocery,pos_chip,0.05,0.05,0.843,11.31,4.6,86400.0,0,0,0.0,0.98,0,0
00000000-0000-0000-4ec8-a82468b10f25,usr_00237,1786387746.7562225,31.42,18,0,grocery,pos_chip,0.05,0.05,0.967,13.93,3.72,86400.0,0,0,0.0,1.05,0,0
00000000-0000-0000-4c1d-c9fb7b67b3be,usr_00982,1786387776.771862,20.32,18,0,general_retail,pos_chip,0.15,0.05,0.703,63.45,2.99,86400.0,0,0,0.0,0.53,0,0
00000000-0000-0000-3aa8-ea5ad4b36bc1,usr_00657,1786387790.4188213,40.89,18,0,utilities,atm,0.04,0.25,0.763,0.58,3.78,86400.0,0,0,0.0,1.11,0,0
00000000-0000-0000-037c-fdfc6daa44b0,usr_00052,1786387854.6206698,8.82,18,0,restaurant,pos_chip,0.1,0.05,0.433,24.34,3.53,86400.0,0,0,0.0,0.64,0,0
00000000-0000-0000-6fe2-e5b12be9e313,usr_00203,1786387868.8472512,112.71,18,0,general_retail,atm,0.15,0.25,0.884,10.53,2.51,86400.0,0,0,0.0,2.31,1,0
00000000-0000-0000-23bd-09b9424db1c0,usr_00636,1786387875.5739732,78.55,18,0,restaurant,online,0.1,0.6,0.884,14.92,1.25,86400.0,0,0,0.0,2.66,0,0
00000000-0000-0000-114c-a6f833541bec,usr_00481,1786387900.0025826,45.39,18,0,restaurant,pos_chip,0.1,0.05,0.735,6.47,0.88,3222.8,0,1,126.08,0.36,0,0
00000000-0000-0000-7ff1-3df85d511ffd,usr_00717,1786387945.8767738,20.0,18,0,utilities,online,0.04,0.6,0.855,0.26,2.61,7061.3,0,0,43.34,0.46,1,0
00000000-0000-0000-6db4-b045d96c9de3,usr_00797,1786387953.6949832,70.41,18,0,grocery,online,0.05,0.6,0.834,0.45,11.97,86400.0,0,0,0.0,1.13,0,0
00000000-0000-0000-3945-b45b776dc659,usr_00393,1786387976.067435,53.6,18,0,grocery,pos_contactless,0.05,0.1,0.727,0.28,0.33,2229.0,0,1,60.32,0.89,0,0
00000000-0000-0000-0dce-95d8ad100431,usr_00819,1786387986.0542305,21.94,18,0,grocery,p2p,0.05,0.45,0.873,11.24,6.92,86400.0,0,0,0.0,1.31,0,0
00000000-0000-0000-0b81-443bb1a28ed9,usr_00225,1786387986.8775702,50.59,18,0,utilities,p2p,0.04,0.45,0.657,9.31,5.86,86400.0,0,0,0.0,1.33,0,0
00000000-0000-0000-55ae-5e3b2ecb1e78,usr_00130,1786387993.8311143,93.21,18,0,crypto,online,0.9,0.6,0.98,6.74,8.68,2137.9,0,1,36.56,2.55,0,0
00000000-0000-0000-1b96-b4c5c6bf9a40,usr_00008,1786388023.1041722,24.33,18,0,grocery,online,0.05,0.6,0.747,7.09,10.96,86400.0,0,0,0.0,0.74,0,0
00000000-0000-0000-5fd7-2f74aecc2781,usr_00042,1786388058.2374578,44.57,18,0,general_retail,pos_chip,0.15,0.05,0.68,1.24,8.6,86400.0,0,0,0.0,2.01,0,0
00000000-0000-0000-494d-965e8d6bf078,usr_00817,1786388064.8579526,44.98,18,0,utilities,online,0.04,0.6,0.793,2.82,7.29,86400.0,0,0,0.0,1.17,0,0
00000000-0000-0000-5133-46b50a2d92cf,usr_00722,1786388089.7358594,10.45,18,0,general_retail,online,0.15,0.6,0.842,18.23,9.0,86400.0,0,0,0.0,1.24,0,0
00000000-0000-0000-1407-04efc765ca6c,usr_00100,1786388103.7593853,41.37,18,0,health,pos_chip,0.08,0.05,0.921,0.73,2.94,86400.0,0,0,0.0,1.57,0,0
00000000-0000-0000-76af-9f85405f99a9,usr_00340,1786388126.9718962,24.71,18,0,grocery,online,0.05,0.6,0.836,7.5,1.26,86400.0,0,0,0.0,2.95,0,0
00000000-0000-0000-43d9-334ebd3f64c3,usr_00230,1786388127.9454894,15.1,18,0,grocery,online,0.05,0.6,0.744,5.72,0.08,86400.0,0,0,0.0,1.1,0,0
00000000-0000-0000-2205-3e08bc85ec20,usr_00392,1786388131.8782103,27.24,18,0,utilities,atm,0.04,0.25,0.57,2.04,2.65,86400.0,0,0,0.0,1.09,0,0
00000000-0000-0000-614d-da8a00e63763,usr_00707,1786388137.3032763,128.62,18,0,restaurant,pos_chip,0.1,0.05,0.947,11.21,0.62,86400.0,0,0,0.0,2.78,0,0
00000000-0000-0000-4de3-deab5270caaa,usr_00326,1786388145.8566523,9.13,18,0,utilities,online,0.04,0.6,0.913,18.31,4.22,86400.0,0,0,0.0,0.71,0,0
00000000-0000-0000-6ba6-b3c0ebf5b459,usr_00724,1786388159.5504603,17.87,18,0,electronics,pos_contactless,0.65,0.1,0.842,15.61,10.47,2997.7,0,1,15.13,1.18,0,0
00000000-0000-0000-6ff5-927fdb06b36f,usr_00285,1786388173.7986345,14.64,18,0,grocery,online,0.05,0.6,0.46,14.64,1.81,86400.0,0,0,0.0,0.59,0,0
00000000-0000-0000-69ee-c4feb152a457,usr_00072,1786388187.742943,22.39,18,0,health,pos_chip,0.08,0.05,0.698,7.08,1.71,86400.0,0,0,0.0,1.17,0,0
00000000-0000-0000-2093-8d1be3a8ad08,usr_00916,1786388191.234067,81.22,18,0,health,online,0.08,0.6,0.918,6.25,0.82,4740.4,0,0,30.25,2.68,0,0
00000000-0000-0000-72f3-ff2ae17486db,usr_00813,1786388263.4882798,14.63,18,0,grocery,atm,0.05,0.25,0.6,12.82,11.59,7797.2,0,0,21.05,0.7,0,0
00000000-0000-0000-39d9-13b71a427a1c,usr_00623,1786388273.971282,25.41,18,0,travel,online,0.4,0.6,0.861,5.6,1.44,86400.0,0,0,0.0,1.11,0,0
00000000-0000-0000-77a5-86e7298a5b25,usr_00617,1786388294.0468013,39.37,18,0,grocery,pos_chip,0.05,0.05,0.707,5.02,3.72,3071.4,0,1,46.44,0.85,0,0
00000000-0000-0000-6556-97eae7732368,usr_00666,1786388343.6528685,10.33,18,0,grocery,atm,0.05,0.25,0.684,16.39,4.55,86400.0,0,0,0.0,0.82,0,0
00000000-0000-0000-2c1b-20188261246f,usr_00053,1786388347.0750647,15.89,18,0,grocery,atm,0.05,0.25,0.95,0.69,2.46,86400.0,0,0,0.0,0.58,0,0
00000000-0000-0000-0f41-ebca2e2f86d2,usr_00573,1786388368.001507,17.18,18,0,grocery,online,0.05,0.6,0.965,13.4,0.43,86400.0,0,0,0.0,0.89,0,0
00000000-0000-0000-06f9-3cca5619ec21,usr_00852,1786388380.446695,71.28,18,0,gaming,pos_chip,0.7,0.05,0.707,14.15,6.14,86400.0,0,0,0.0,1.25,0,0
00000000-0000-0000-4ddc-8621265ef709,usr_00486,1786388422.4087546,33.38,19,0,gaming,online,0.7,0.6,0.806,1.39,1.53,86400.0,0,0,0.0,1.61,0,0
00000000-0000-0000-7a2f-da61df9340c1,usr_00649,1786388438.885261,32.99,19,0,restaurant,pos_contactless,0.1,0.1,0.766,19.2,0.21,7942.0,0,0,20.88,1.58,0,0
00000000-0000-0000-5fbe-9b3a8253b584,usr_00133,1786388449.698009,34.14,19,0,restaurant,atm,0.1,0.25,0.958,0.02,8.63,86400.0,0,0,0.0,1.18,1,0
00000000-0000-0000-19e9-c64fef7c6042,usr_00695,1786388450.0315924,45.62,19,0,grocery,atm,0.05,0.25,0.914,20.44,1.85,86400.0,0,0,0.0,2.2,0,0
00000000-0000-0000-3254-88ee90c6c04f,usr_00291,1786388517.582253,58.41,19,0,crypto,pos_chip,0.9,0.05,0.97,8.52,1.29,7398.7,0,0,65.42,0.89,0,0
00000000-0000-0000-71a0-51a7681fb0d3,usr_00972,1786388520.434161,57.79,19,0,utilities,p2p,0.04,0.45,0.951,9.56,7.22,86400.0,0,0,0.0,1.53,0,0
00000000-0000-0000-52fb-319373257f59,usr_00771,1786388544.8769445,84.34,19,0,utilities,atm,0.04,0.25,0.791,8.6,3.63,86400.0,0,0,0.0,1.13,0,0
00000000-0000-0000-18ca-34d9d2bcd453,usr_00305,1786388554.1524286,6.71,19,0,restaurant,online,0.1,0.6,0.761,11.01,7.43,86400.0,0,0,0.0,0.38,0,0
00000000-0000-0000-4d71-e2f1ccbd8884,usr_00983,1786388636.532028,47.19,19,0,gaming,p2p,0.7,0.45,0.534,13.07,2.68,86400.0,0,0,0.0,0.92,0,0
00000000-0000-0000-0f2f-a8091718fb66,usr_00796,1786388640.6952178,63.22,19,0,grocery,pos_chip,0.05,0.05,0.881,12.97,0.8,86400.0,0,0,0.0,1.05,0,0
00000000-0000-0000-6e92-aa81dd2a9425,usr_00498,1786388708.4466014,7.95,19,0,health,pos_contactless,0.08,0.1,0.79,6.64,1.61,86400.0,0,0,0.0,0.79,0,0
00000000-0000-0000-6e83-b682ff6d0a8a,usr_00944,1786388811.8492517,59.6,19,0,general_retail,online,0.15,0.6,0.873,0.77,2.07,86400.0,0,0,0.0,1.51,0,0
00000000-0000-0000-07cb-453c9706de8c,usr_00773,1786388819.7483654,272.76,19,0,restaurant,online,0.1,0.6,0.83,2.3,2.86,86400.0,0,0,0.0,3.66,0,0
00000000-0000-0000-1028-0d02e59ca46f,usr_00247,1786388822.5392,33.59,19,0,health,pos_contactless,0.08,0.1,0.95,1.53,3.32,86400.0,0,0,0.0,0.34,0,0
00000000-0000-0000-417c-db9a6f5710e6,usr_00165,1786388849.112833,48.89,19,0,restaurant,pos_chip,0.1,0.05,0.759,2.27,5.81,86400.0,0,0,0.0,2.54,0,0
00000000-0000-0000-24dc-a356c84a9b10,usr_00665,1786388856.759143,4.58,19,0,restaurant,atm,0.1,0.25,0.781,3.59,0.18,1492.5,0,1,7.07,0.65,0,0
00000000-0000-0000-0c72-b8495ab1642c,usr_00973,1786388866.5606527,69.56,19,0,utilities,online,0.04,0.6,0.963,8.32,2.99,86400.0,0,0,0.0,1.45,0,0
00000000-0000-0000-7a54-047631f5fcb6,usr_00490,1786388900.3806822,127.86,19,0,crypto,pos_chip,0.9,0.05,0.961,12.71,3.07,3229.3,0,1,21.35,5.99,0,0
00000000-0000-0000-7f13-7091418edbf5,usr_00739,1786388953.3594666,29.62,19,0,health,pos_chip,0.08,0.05,0.567,0.31,2.5,86400.0,0,0,0.0,3.44,0,0
00000000-0000-0000-1793-1961525082a9,usr_00683,1786388976.6083317,20.08,19,0,health,online,0.08,0.6,0.965,13.27,10.45,86400.0,0,0,0.0,0.83,0,0
00000000-0000-0000-0b77-6ae52c8e491e,usr_00151,1786389017.6744254,9.25,19,0,utilities,online,0.04,0.6,0.76,45.07,1.48,86400.0,0,0,0.0,0.52,0,0
00000000-0000-0000-765e-0c9cfe6eb040,usr_00620,1786389020.7281616,41.88,19,0,health,online,0.08,0.6,0.794,6.88,0.51,86400.0,0,0,0.0,1.65,0,0
00000000-0000-0000-2820-9dc065dfbe93,usr_00482,1786389083.3280602,31.45,19,0,grocery,pos_contactless,0.05,0.1,0.823,15.04,8.85,86400.0,0,0,0.0,0.9,0,0
00000000-0000-0000-0fd2-65ddd5e6f45e,usr_00479,1786389086.7711017,214.73,19,0,travel,online,0.4,0.6,0.709,7.86,2.59,6602.6,0,0,321.32,0.67,0,0
00000000-0000-0000-3254-aa17a66b1046,usr_00485,1786389089.7565813,19.75,19,0,utilities,pos_chip,0.04,0.05,0.962,21.1,3.6,4061.2,0,0,72.05,0.55,0,0
00000000-0000-0000-3921-daaeb72587e8,usr_00512,1786389097.3901913,54.12,19,0,gaming,pos_chip,0.7,0.05,0.708,4.89,2.09,6030.3,0,0,36.25,2.99,0,0
00000000-0000-0000-5233-0d86ca65b4cc,usr_00248,1786389116.1271093,311.04,19,0,restaurant,online,0.1,0.6,0.858,1.89,5.29,1572.2,0,1,83.68,3.72,0,0
00000000-0000-0000-30c2-6a4e595dee67,usr_00159,1786389120.688859,15.11,19,0,health,pos_chip,0.08,0.05,0.94,18.85,0.45,3425.9,0,1,29.66,0.51,0,0
00000000-0000-0000-361b-1efd7b920a78,usr_00264,1786389185.1148992,42.42,19,0,travel,online,0.4,0.6,0.908,13.24,2.73,2539.4,0,1,99.38,0.43,0,0
00000000-0000-0000-0110-8d7595f940b6,usr_00914,1786389191.421784,109.9,19,0,grocery,pos_contactless,0.05,0.1,0.697,2.95,5.28,86400.0,0,0,0.0,1.84,0,0
00000000-0000-0000-68c2-501b09d22ab9,usr_00981,1786389245.0568726,5.76,19,0,utilities,pos_chip,0.04,0.05,0.808,13.02,5.46,86400.0,0,0,0.0,0.44,0,0
00000000-0000-0000-58f4-008cf8866218,usr_00360,1786389307.472699,12.24,19,0,utilities,pos_chip,0.04,0.05,0.931,10.61,1.24,3344.2,0,1,59.7,0.21,0,0
00000000-0000-0000-7dd4-3e21a4500fca,usr_00104,1786389321.6901197,10.11,19,0,grocery,pos_chip,0.05,0.05,0.802,0.61,1.08,86400.0,0,0,0.0,0.53,0,0
00000000-0000-0000-18f3-8f18dac07cfc,usr_00505,1786389377.8673272,31.79,19,0,crypto,pos_contactless,0.9,0.1,0.761,49.26,0.6,86400.0,0,0,0.0,1.33,0,0
00000000-0000-0000-7cec-88bf8b8f5148,usr_00773,1786389419.4872406,160.07,19,0,grocery,online,0.05,0.6,0.725,5.37,0.38,599.7,0,1,272.76,0.59,0,0
00000000-0000-0000-02da-e4bffa1f3973,usr_00576,1786389432.539324,49.58,19,0,grocery,online,0.05,0.6,0.68,4.08,0.44,4313.5,0,0,75.41,0.66,0,0
00000000-0000-0000-2832-cf5b2d6a060b,usr_00301,1786389474.4744544,11.34,19,0,gaming,pos_chip,0.7,0.05,0.877,15.71,3.31,86400.0,0,0,0.0,0.86,0,0
00000000-0000-0000-6a23-3402a4600170,usr_00347,1786389503.2866056,62.54,19,0,restaurant,online,0.1,0.6,0.89,9.36,7.62,86400.0,0,0,0.0,1.32,0,0
00000000-0000-0000-79a2-e0f6e79064dd,usr_00575,1786389511.5726721,17.16,19,0,grocery,pos_chip,0.05,0.05,0.867,3.1,3.99,86400.0,0,0,0.0,1.24,0,0
00000000-0000-0000-6bfb-21774c0a2cf7,usr_00096,1786389604.50351,11.05,19,0,grocery,pos_contactless,0.05,0.1,0.885,2.4,0.6,86400.0,0,0,0.0,0.74,0,0
00000000-0000-0000-29a4-d1faff1058dc,usr_00517,1786389628.7760675,10.77,19,0,gaming,online,0.7,0.6,0.899,2.34,7.85,86400.0,0,0,0.0,0.49,0,0
00000000-0000-0000-5aa4-f995ac5fd618,usr_00124,1786389675.455192,69.6,19,0,jewelry,p2p,0.8,0.45,0.807,0.44,2.29,4788.3,0,0,30.71,2.27,0,0
00000000-0000-0000-5dc7-894d74a16dd2,usr_00803,1786389689.558282,68.11,19,0,health,online,0.08,0.6,0.897,20.36,10.54,86400.0,0,0,0.0,1.64,0,0
00000000-0000-0000-4072-8cbe87c29758,usr_00431,1786389716.3041954,21.43,19,0,restaurant,pos_contactless,0.1,0.1,0.781,12.18,5.49,86400.0,0,0,0.0,0.49,0,0
00000000-0000-0000-566d-315c047df956,usr_00537,1786389723.403796,28.6,19,0,gaming,pos_contactless,0.7,0.1,0.792,1.3,0.07,86400.0,0,0,0.0,0.43,0,0
00000000-0000-0000-0dec-c9633e972955,usr_00722,1786389732.570763,12.76,19,0,utilities,pos_chip,0.04,0.05,0.763,0.61,11.07,1642.8,0,1,10.45,1.22,0,0
00000000-0000-0000-180b-93b75cae4345,usr_00797,1786389768.4239528,29.38,19,0,utilities,pos_contactless,0.04,0.1,0.793,14.66,0.35,1814.7,0,1,70.41,0.42,0,0
00000000-0000-0000-3461-26a6ed7218f9,usr_00154,1786389819.2733302,20.7,19,0,restaurant,pos_chip,0.1,0.05,0.784,11.16,3.29,6055.6,0,0,42.63,0.49,0,0
00000000-0000-0000-6fa3-2d8f1ecd25ac,usr_00961,1786389921.7716534,45.07,19,0,health,online,0.08,0.6,0.993,0.62,12.03,86400.0,0,0,0.0,1.26,0,0
00000000-0000-0000-2be8-3604638df782,usr_00961,1786389939.2605457,32.43,19,0,grocery,atm,0.05,0.25,0.66,1.56,0.04,17.5,1,1,45.07,0.72,0,0
00000000-0000-0000-1bb9-9ee732fd9feb,usr_00174,1786389940.001449,15.68,19,0,electronics,pos_contactless,0.65,0.1,0.804,14.39,15.83,86400.0,0,0,0.0,1.02,1,0
00000000-0000-0000-11cb-2ce2a8fe0c98,usr_00637,1786389944.586381,15.14,19,0,restaurant,p2p,0.1,0.45,0.648,4.92,0.32,86400.0,0,0,0.0,0.89,0,0
00000000-0000-0000-61a8-534ba8301dd9,usr_00216,1786389949.3640902,43.46,19,0,restaurant,online,0.1,0.6,0.967,3.81,0.56,86400.0,0,0,0.0,0.95,0,0
00000000-0000-0000-3484-c50e46109405,usr_00861,1786390032.8077753,13.4,19,0,crypto,pos_chip,0.9,0.05,0.776,13.05,7.11,86400.0,0,0,0.0,0.96,0,0
00000000-0000-0000-5313-af7692ef83e4,usr_00768,1786390042.1475103,16.88,19,0,general_retail,online,0.15,0.6,0.81,3.16,0.89,4230.0,0,0,6.91,2.44,0,0
00000000-0000-0000-628e-df289739b1e7,usr_00744,1786390051.8842037,50.66,19,0,travel,online,0.4,0.6,0.808,17.65,2.03,6297.2,0,0,26.83,1.89,0,0
00000000-0000-0000-5d4b-dbcce3cbd349,usr_00935,1786390119.65751,26.89,19,0,electronics,online,0.65,0.6,0.757,59.11,10.1,86400.0,0,0,0.0,0.57,0,0
00000000-0000-0000-2fe0-a6e15658d69b,usr_00352,1786390139.4446301,15.66,19,0,grocery,online,0.05,0.6,0.936,4.39,4.41,86400.0,0,0,0.0,0.67,0,0
00000000-0000-0000-5e09-2ab7e856c7b1,usr_00249,1786390150.2316072,50.4,19,0,general_retail,online,0.15,0.6,0.667,8.18,14.74,2503.7,0,1,8.82,5.71,0,0
00000000-0000-0000-4f9e-57875fefd8ca,usr_00652,1786390151.0202596,130.7,19,0,gaming,online,0.7,0.6,0.851,9.64,0.9,3826.7,0,0,37.39,3.5,1,0
00000000-0000-0000-443d-0575ea303a29,usr_00885,1786390153.486552,13.34,19,0,jewelry,pos_chip,0.8,0.05,0.852,1.31,4.86,86400.0,0,0,0.0,0.34,0,0
00000000-0000-0000-3c37-758ee47890b4,usr_00993,1786390159.618993,41.29,19,0,utilities,pos_chip,0.04,0.05,0.711,11.19,10.2,3057.8,0,1,34.51,1.2,0,0
00000000-0000-0000-499a-0b7c300b593b,usr_00384,1786390166.3211691,13.9,19,0,restaurant,pos_chip,0.1,0.05,0.679,61.43,10.3,86400.0,0,0,0.0,1.1,0,0
00000000-0000-0000-7ec1-1f36b9c4f498,usr_00021,1786390181.4943223,21.76,19,0,utilities,online,0.04,0.6,0.797,18.12,22.11,3337.2,0,1,51.04,0.43,0,0
00000000-0000-0000-7797-2b5f9b20fc8f,usr_00074,1786390204.1377976,23.71,19,0,restaurant,p2p,0.1,0.45,0.736,1.4,3.04,86400.0,0,0,0.0,0.66,0,0
00000000-0000-0000-20b7-a4935845cf05,usr_00981,1786390211.1469603,11.16,19,0,restaurant,atm,0.1,0.25,0.7,2.88,5.99,966.1,0,1,5.76,1.94,0,0
00000000-0000-0000-77b2-d466495842dd,usr_00999,1786390232.8258953,68.44,19,0,restaurant,online,0.1,0.6,0.881,5.54,2.37,86400.0,0,0,0.0,1.26,0,0
00000000-0000-0000-70cf-0415d1519588,usr_00939,1786390246.8430836,53.82,19,0,grocery,online,0.05,0.6,0.723,28.28,5.72,86400.0,0,0,0.0,0.97,0,0
00000000-0000-0000-63ad-6db13a9b4e6a,usr_00460,1786390291.332366,23.75,19,0,grocery,pos_chip,0.05,0.05,0.836,11.92,2.27,8654.4,0,0,31.9,0.74,0,0
00000000-0000-0000-6134-3cb122fadbbc,usr_00337,1786390310.4907084,75.17,19,0,grocery,p2p,0.05,0.45,0.75,18.77,3.42,5469.1,0,0,43.71,1.72,0,0
00000000-0000-0000-254b-649a61e90f36,usr_00799,1786390327.9885657,15.71,19,0,general_retail,online,0.15,0.6,0.891,6.43,1.53,86400.0,0,0,0.0,0.46,0,0
00000000-0000-0000-314b-87c0e4bf8953,usr_00492,1786390340.0676227,40.55,19,0,grocery,pos_chip,0.05,0.05,0.896,8.71,1.04,86400.0,0,0,0.0,1.45,0,0
00000000-0000-0000-5cdc-0fa01ee7d129,usr_00694,1786390356.7776859,10.14,19,0,health,pos_contactless,0.08,0.1,0.659,12.64,0.34,9904.1,0,0,19.44,0.52,0,0
00000000-0000-0000-4231-889474faa287,usr_00420,1786390365.8994691,58.24,19,0,general_retail,pos_contactless,0.15,0.1,0.867,8.13,1.37,8019.9,0,0,59.41,0.98,0,0
00000000-0000-0000-7c5f-71c45bc02b75,usr_00756,1786390373.0921109,17.87,19,0,restaurant,online,0.1,0.6,0.908,1.26,13.11,86400.0,0,0,0.0,0.94,0,0
00000000-0000-0000-065c-03eb2818cf57,usr_00438,1786390394.7430775,23.74,19,0,electronics,pos_contactless,0.65,0.1,0.621,51.52,2.5,3426.5,0,1,18.4,1.29,0,0
00000000-0000-0000-635e-11893b0322a8,usr_00831,1786390404.898502,78.44,19,0,general_retail,online,0.15,0.6,0.639,5.55,1.81,86400.0,0,0,0.0,0.93,0,0
00000000-0000-0000-6069-8f610ef34279,usr_00203,1786390414.589739,55.66,19,0,electronics,atm,0.65,0.25,0.7,6.98,1.65,2545.7,0,1,112.71,0.49,0,0
00000000-0000-0000-44d2-9b15658e8f54,usr_00355,1786390494.4098737,19.23,19,0,general_retail,atm,0.15,0.25,0.797,5.28,1.23,8012.0,0,0,22.45,0.86,0,0
00000000-0000-0000-0d14-28c776e729ab,usr_00706,1786390523.3642433,39.44,19,0,electronics,pos_chip,0.65,0.05,0.875,17.59,0.72,86400.0,0,0,0.0,2.06,0,0
00000000-0000-0000-3616-faa3fa885125,usr_00005,1786390536.0580554,17.37,19,0,grocery,online,0.05,0.6,0.751,16.63,0.06,86400.0,0,0,0.0,1.15,0,0
00000000-0000-0000-2ed4-71a58beaa15c,usr_00240,1786390563.772152,12.42,19,0,restaurant,online,0.1,0.6,0.715,2.79,5.02,86400.0,0,0,0.0,0.63,0,0
00000000-0000-0000-73aa-8b7f1ef37ab5,usr_00357,1786390608.7590969,42.15,19,0,restaurant,p2p,0.1,0.45,0.883,1.05,1.88,86400.0,0,0,0.0,1.08,0,0
00000000-0000-0000-3ba7-ae8e4cec2a75,usr_00139,1786390707.7046163,385.44,19,0,grocery,online,0.05,0.6,0.942,1.86,3.69,86400.0,0,0,0.0,2.03,0,0
00000000-0000-0000-39f5-cf18578a7af6,usr_00900,1786390728.5866127,33.81,19,0,grocery,pos_chip,0.05,0.05,0.871,9.36,3.72,86400.0,0,0,0.0,0.81,0,0
00000000-0000-0000-7547-53012d6b1c65,usr_00002,1786390730.0365593,35.37,19,0,crypto,pos_chip,0.9,0.05,0.779,0.47,1.97,86400.0,0,0,0.0,0.68,0,0
00000000-0000-0000-6e10-2320d0d1d8d3,usr_00842,1786390747.9515138,62.17,19,0,restaurant,online,0.1,0.6,0.518,33.6,5.58,86400.0,0,0,0.0,0.66,1,0
00000000-0000-0000-0fd6-2367f3e84502,usr_00037,1786390750.1013181,23.3,19,0,general_retail,online,0.15,0.6,0.702,23.7,0.28,3821.2,0,0,8.64,2.7,0,0
00000000-0000-0000-4e32-34dc0dd73ce4,usr_00234,1786390835.553589,11.33,19,0,utilities,pos_chip,0.04,0.05,0.854,2.72,0.28,86400.0,0,0,0.0,0.53,0,0
00000000-0000-0000-4005-8808d47f1770,usr_00761,1786390839.4604936,21.63,19,0,crypto,online,0.9,0.6,0.804,13.47,3.81,86400.0,0,0,0.0,0.45,0,0
00000000-0000-0000-3c9a-b4f887b47cdb,usr_00453,1786390841.2453294,117.77,19,0,crypto,pos_chip,0.9,0.05,0.856,22.24,2.44,86400.0,0,0,0.0,1.02,0,0
00000000-0000-0000-25e9-784029ab020e,usr_00584,1786390899.0283473,117.91,19,0,utilities,online,0.04,0.6,0.531,20.69,1.89,86400.0,0,0,0.0,2.32,0,0
00000000-0000-0000-4eac-c2f2440295e8,usr_00637,1786390913.4505,19.47,19,0,general_retail,pos_contactless,0.15,0.1,0.778,8.05,7.86,968.9,0,1,15.14,1.29,0,0
00000000-0000-0000-1ee4-2a530a58224b,usr_00036,1786390931.484546,32.2,19,0,electronics,p2p,0.65,0.45,0.659,4.8,13.95,86400.0,0,0,0.0,1.04,0,0
00000000-0000-0000-0a4d-322a13b3df3e,usr_00161,1786390946.1145508,20.41,19,0,travel,online,0.4,0.6,0.653,33.91,4.87,86400.0,0,0,0.0,0.95,0,0
00000000-0000-0000-0cfc-d33a8d1db404,usr_00954,1786391012.458109,7.97,19,0,general_retail,pos_chip,0.15,0.05,0.906,4.75,1.74,86400.0,0,0,0.0,0.37,0,0
00000000-0000-0000-12d0-7a3db4cd8d58,usr_00366,1786391034.2705529,14.18,19,0,grocery,pos_chip,0.05,0.05,0.888,8.72,4.49,86400.0,0,0,0.0,0.67,0,0
00000000-0000-0000-2281-0bfc20541d4e,usr_00337,1786391050.3430126,24.43,19,0,health,atm,0.08,0.25,0.821,25.91,1.71,739.9,0,1,118.88,0.41,0,0
00000000-0000-0000-64a7-08f976cf2063,usr_00185,1786391053.1756136,47.17,19,0,utilities,pos_contactless,0.04,0.1,0.75,6.56,3.1,86400.0,0,0,0.0,0.57,0,0
00000000-0000-0000-6b02-73573b6818db,usr_00908,1786391126.387629,12.74,19,0,restaurant,pos_chip,0.1,0.05,0.641,6.12,1.72,86400.0,0,0,0.0,0.37,0,0
00000000-0000-0000-7c1b-2b14df2d9ba8,usr_00754,1786391132.961339,47.03,19,0,electronics,online,0.65,0.6,0.736,11.47,5.6,86400.0,0,0,0.0,0.49,0,0
00000000-0000-0000-4ed9-9567adde739b,usr_00588,1786391202.0533442,32.43,19,0,grocery,online,0.05,0.6,0.856,4.42,2.08,86400.0,0,0,0.0,0.85,0,0
00000000-0000-0000-1a9e-e52e96d2bef0,usr_00840,1786391203.2876904,91.42,19,0,general_retail,atm,0.15,0.25,0.898,2.05,1.53,86400.0,0,0,0.0,0.88,0,0
00000000-0000-0000-0397-26a13774e5a9,usr_00733,1786391254.3511229,76.58,19,0,grocery,online,0.05,0.6,0.881,0.89,12.59,5181.7,0,0,57.52,2.66,0,0
00000000-0000-0000-1399-a5208a0c83ee,usr_00614,1786391268.3836064,29.39,19,0,utilities,pos_contactless,0.04,0.1,0.947,1.9,3.38,6736.3,0,0,33.44,0.88,0,0
00000000-0000-0000-7e7e-03a658899ed4,usr_00931,1786391376.7327232,124.18,19,0,restaurant,pos_contactless,0.1,0.1,0.765,5.74,3.65,86400.0,0,0,0.0,2.87,0,0
00000000-0000-0000-60ec-fa6aa9a56adc,usr_00091,1786391421.1326468,11.01,19,0,gaming,p2p,0.7,0.45,0.87,21.63,1.38,86400.0,0,0,0.0,0.35,0,0
00000000-0000-0000-059c-948b45b4621a,usr_00908,1786391424.364684,28.31,19,0,grocery,pos_contactless,0.05,0.1,0.907,9.12,10.17,298.0,1,1,12.74,2.22,0,0
00000000-0000-0000-00d5-909261599fdb,usr_00737,1786391427.7589383,52.63,19,0,electronics,pos_chip,0.65,0.05,0.708,17.52,1.35,86400.0,0,0,0.0,0.98,0,0
00000000-0000-0000-6f2c-bb7db1ce500e,usr_00480,1786391437.597658,95.55,19,0,grocery,atm,0.05,0.25,0.823,8.2,13.85,86400.0,0,0,0.0,2.52,0,0
00000000-0000-0000-68b5-08a8fc665ada,usr_00753,1786391525.1585855,110.84,19,0,electronics,online,0.65,0.6,0.785,0.36,2.21,86400.0,0,0,0.0,0.98,1,0
00000000-0000-0000-3dca-04aeb871cb38,usr_00057,1786391547.5999339,58.87,19,0,gaming,online,0.7,0.6,0.48,22.0,2.44,86400.0,0,0,0.0,0.72,0,0
00000000-0000-0000-4477-e862dd8f2676,usr_00093,1786391569.6926174,59.91,19,0,grocery,pos_chip,0.05,0.05,0.869,6.75,3.45,86400.0,0,0,0.0,1.9,0,0
00000000-0000-0000-65cd-7e333f2bcff4,usr_00979,1786391614.2438364,113.39,19,0,health,online,0.08,0.6,0.867,9.49,2.2,8212.6,0,0,61.61,1.84,0,0
00000000-0000-0000-5a13-b0dea4ac21de,usr_00879,1786391644.9990122,60.9,19,0,grocery,pos_chip,0.05,0.05,0.929,3.04,10.43,86400.0,0,0,0.0,1.87,0,0
00000000-0000-0000-136e-a57bf36f9ea4,usr_00376,1786391674.7316124,26.47,19,0,electronics,pos_chip,0.65,0.05,0.556,8.74,0.71,6252.0,0,0,78.35,0.68,0,0
00000000-0000-0000-0bbd-76aad90b466f,usr_00725,1786391722.6945775,84.84,19,0,gaming,pos_chip,0.7,0.05,0.881,14.15,4.03,4910.3,0,0,151.01,1.12,0,0
00000000-0000-0000-3727-5bccb550957c,usr_00345,1786391743.8985128,20.3,19,0,grocery,online,0.05,0.6,0.678,11.15,9.15,86400.0,0,0,0.0,2.11,0,0
00000000-0000-0000-03be-6dc722298219,usr_00449,1786391776.8929927,18.83,19,0,restaurant,online,0.1,0.6,0.657,9.41,0.25,8558.6,0,0,24.05,0.78,0,0
00000000-0000-0000-5f82-12d266dbb65f,usr_00667,1786391789.319952,41.04,19,0,grocery,pos_chip,0.05,0.05,0.941,14.27,5.55,86400.0,0,0,0.0,0.93,0,0
00000000-0000-0000-4f86-13665cfb843d,usr_00229,1786391808.1577818,42.36,19,0,utilities,online,0.04,0.6,0.855,20.68,1.89,86400.0,0,0,0.0,1.52,0,0
00000000-0000-0000-2119-624d4b251cb2,usr_00755,1786391832.456244,37.34,19,0,grocery,online,0.05,0.6,0.883,5.89,7.13,86400.0,0,0,0.0,0.57,0,0
00000000-0000-0000-3eeb-fe9cb16d0bb3,usr_00402,1786391845.0073225,38.28,19,0,restaurant,online,0.1,0.6,0.765,15.45,11.67,8147.3,0,0,158.85,0.48,0,0
00000000-0000-0000-58c8-da174e71f64c,usr_00596,1786391888.1167202,30.62,19,0,grocery,pos_chip,0.05,0.05,0.623,1.32,7.93,86400.0,0,0,0.0,1.26,0,0
00000000-0000-0000-2efa-fdb0138722d3,usr_00653,1786391947.6661887,4.95,19,0,health,atm,0.08,0.25,0.748,0.43,2.16,6757.3,0,0,7.03,0.7,0,0
00000000-0000-0000-38ae-d2b0eaa5cc86,usr_00764,1786391952.2633305,58.59,19,0,grocery,p2p,0.05,0.45,0.6,0.7,3.61,6427.5,0,0,19.87,2.95,0,0
00000000-0000-0000-3520-0e5656d421c1,usr_00062,1786391998.2406201,23.18,19,0,gaming,online,0.7,0.6,0.933,7.75,3.03,86400.0,0,0,0.0,0.63,0,0
00000000-0000-0000-3f72-274097f28e99,usr_00051,1786391999.9518182,22.46,19,0,crypto,pos_contactless,0.9,0.1,0.969,11.55,4.44,86400.0,0,0,0.0,0.46,0,0
00000000-0000-0000-15c9-baf7b01f54d7,usr_00621,1786392005.8394494,19.42,20,0,grocery,online,0.05,0.6,0.874,6.78,18.78,86400.0,0,0,0.0,0.58,0,0
00000000-0000-0000-029a-4aad42082d33,usr_00846,1786392027.01637,206.77,20,0,grocery,pos_chip,0.05,0.05,0.984,0.29,0.28,6019.1,0,0,322.87,0.64,0,0
00000000-0000-0000-73de-561bc32ee21c,usr_00769,1786392075.3042686,77.5,20,0,restaurant,online,0.1,0.6,0.985,1.53,5.25,86400.0,0,0,0.0,0.85,0,0
00000000-0000-0000-071f-51e4fe4f8577,usr_00535,1786392166.6530495,39.15,20,0,utilities,pos_chip,0.04,0.05,0.727,8.4,1.4,86400.0,0,0,0.0,0.81,1,0
00000000-0000-0000-3f06-6230ee71abdf,usr_00412,1786392192.7227411,14.31,20,0,electronics,atm,0.65,0.25,0.889,51.97,3.37,5955.0,0,0,53.76,0.53,0,0
00000000-0000-0000-40ce-75ae2fcb45b3,usr_00314,1786392194.2020667,66.36,20,0,grocery,online,0.05,0.6,0.722,0.87,9.74,86400.0,0,0,0.0,1.22,0,0
00000000-0000-0000-16c5-b9bd1bbf0c3d,usr_00574,1786392232.3561451,23.18,20,0,restaurant,online,0.1,0.6,0.518,8.74,2.56,86400.0,0,0,0.0,0.62,0,0
00000000-0000-0000-7d18-9a703feacef2,usr_00209,1786392238.149683,14.08,20,0,restaurant,pos_chip,0.1,0.05,0.973,20.25,5.19,86400.0,0,0,0.0,0.52,0,0
00000000-0000-0000-5faf-d653d58a114f,usr_00313,1786392244.4425807,36.62,20,0,restaurant,online,0.1,0.6,0.599,1.21,0.94,86400.0,0,0,0.0,0.85,0,0
00000000-0000-0000-1b76-14c109a390bd,usr_00596,1786392246.806203,45.42,20,0,grocery,atm,0.05,0.25,0.895,18.01,1.52,358.7,0,1,30.62,1.48,0,0
00000000-0000-0000-4875-446d3a5fa760,usr_00849,1786392263.368438,53.66,20,0,utilities,pos_contactless,0.04,0.1,0.651,2.35,2.03,6100.6,0,0,130.29,0.41,0,0
00000000-0000-0000-1140-879ba2727f47,usr_00732,1786392273.4522226,87.52,20,0,general_retail,pos_chip,0.15,0.05,0.646,0.06,14.61,86400.0,0,0,0.0,1.9,0,0
00000000-0000-0000-3167-7469065c5e55,usr_00660,1786392324.5791624,17.03,20,0,restaurant,pos_contactless,0.1,0.1,0.699,1.0,5.57,11866.2,0,0,26.62,0.64,0,0
00000000-0000-0000-1a97-53f04dfee84a,usr_00763,1786392356.1937222,67.44,20,0,gaming,pos_contactless,0.7,0.1,0.852,23.28,5.36,86400.0,0,0,0.0,1.39,0,0
00000000-0000-0000-7f90-eb0135221edf,usr_00854,1786392367.168569,23.73,20,0,jewelry,online,0.8,0.6,0.779,1.49,1.07,86400.0,0,0,0.0,0.61,0,0
00000000-0000-0000-202e-2c9e5a88a561,usr_00477,1786392376.2358742,39.52,20,0,utilities,p2p,0.04,0.45,0.745,7.81,10.03,11627.8,0,0,21.76,1.82,0,0
00000000-0000-0000-602e-bd6efaa88436,usr_00734,1786392394.1843374,62.94,20,0,electronics,online,0.65,0.6,0.927,5.93,3.45,86400.0,0,0,0.0,1.61,1,0
00000000-0000-0000-7af1-f7f31647266c,usr_00144,1786392401.3691883,20.3,20,0,health,online,0.08,0.6,0.721,0.68,10.9,86400.0,0,0,0.0,1.0,0,0
00000000-0000-0000-5681-2d8ce4b8fe5d,usr_00543,1786392402.667697,9.3,20,0,grocery,pos_contactless,0.05,0.1,0.783,3.87,4.53,86400.0,0,0,0.0,0.31,0,0
00000000-0000-0000-262a-7d866910c736,usr_00470,1786392413.6978803,42.06,20,0,electronics,pos_chip,0.65,0.05,0.636,13.18,14.49,6374.0,0,0,17.18,2.45,0,0
00000000-0000-0000-3dd2-689348e40854,usr_00325,1786392420.9289465,28.14,20,0,restaurant,pos_chip,0.1,0.05,0.98,41.31,12.91,86400.0,0,0,0.0,0.55,1,0
00000000-0000-0000-34a9-9aad3c390a89,usr_00477,1786392453.618276,49.12,20,0,electronics,pos_contactless,0.65,0.1,0.841,4.01,9.57,77.4,1,1,61.28,1.6,0,0
00000000-0000-0000-7bc2-71ab5b7a2219,usr_00822,1786392480.0690334,8.87,20,0,utilities,online,0.04,0.6,0.867,12.37,7.83,86400.0,0,0,0.0,0.54,0,0
00000000-0000-0000-0f5a-be28513e41a7,usr_00014,1786392486.5223262,48.04,20,0,electronics,online,0.65,0.6,0.863,0.08,6.65,86400.0,0,0,0.0,1.1,0,0
00000000-0000-0000-7fd6-656c7eaca3e9,usr_00861,1786392536.3467233,13.71,20,0,gaming,online,0.7,0.6,0.916,32.02,7.03,2503.5,0,1,13.4,1.02,0,0
00000000-0000-0000-3ce5-7acc546f2716,usr_00537,1786392557.0119414,29.63,20,0,general_retail,pos_contactless,0.15,0.1,0.933,0.34,1.1,2833.6,0,1,28.6,1.04,0,0
00000000-0000-0000-2921-677ca12c62b8,usr_00375,1786392632.338447,112.09,20,0,crypto,p2p,0.9,0.45,0.836,5.34,3.77,86400.0,0,0,0.0,0.84,0,0
00000000-0000-0000-61a5-bead169206d4,usr_00589,1786392669.536613,56.88,20,0,grocery,pos_contactless,0.05,0.1,0.982,1.88,7.46,6033.3,0,0,91.09,0.62,0,0
00000000-0000-0000-15fd-9fe6846532d6,usr_00861,1786392727.6004415,13.39,20,0,electronics,atm,0.65,0.25,0.897,9.23,5.8,191.3,1,2,27.11,0.99,0,0
00000000-0000-0000-6e9c-1000d53b0148,usr_00681,1786392807.0594492,39.16,20,0,grocery,pos_chip,0.05,0.05,0.746,40.62,1.16,86400.0,0,0,0.0,0.81,0,0
00000000-0000-0000-7276-3e441c0aa8d8,usr_00899,1786392819.9570513,6.19,20,0,general_retail,online,0.15,0.6,0.88,6.66,7.05,12046.4,0,0,12.13,0.51,0,0
00000000-0000-0000-0dc0-8001e91ebd95,usr_00052,1786392847.4768848,20.7,20,0,grocery,p2p,0.05,0.45,0.678,7.56,1.14,4992.9,0,0,8.82,2.35,0,0
00000000-0000-0000-5599-5586d4fd8e7e,usr_00393,1786392851.806269,36.02,20,0,grocery,pos_contactless,0.05,0.1,0.666,15.32,10.37,4875.7,0,0,113.92,0.63,0,0
00000000-0000-0000-54c1-19d2cf9c8c25,usr_00219,1786392858.7634742,12.74,20,0,general_retail,atm,0.15,0.25,0.876,14.94,5.94,86400.0,0,0,0.0,0.58,0,0
00000000-0000-0000-739c-34ea4a630606,usr_00983,1786392864.480961,61.84,20,0,grocery,atm,0.05,0.25,0.957,26.37,7.03,4227.9,0,0,47.19,1.31,0,0
00000000-0000-0000-250e-4a07ed20faeb,usr_00586,1786392879.9286304,16.23,20,0,restaurant,atm,0.1,0.25,0.781,12.63,10.31,11309.1,0,0,21.35,0.76,0,0
00000000-0000-0000-4fd1-89729c2e8c32,usr_00133,1786392911.0873632,30.13,20,0,restaurant,pos_chip,0.1,0.05,0.683,5.39,0.46,4461.4,0,0,34.14,0.88,0,0
00000000-0000-0000-150b-8fb98e7b2a4f,usr_00793,1786392932.1853962,55.42,20,0,general_retail,online,0.15,0.6,0.577,2.5,9.88,86400.0,0,0,0.0,1.32,0,0
00000000-0000-0000-0cc8-809134f12929,usr_00534,1786392932.9004061,15.27,20,0,grocery,pos_chip,0.05,0.05,0.941,6.12,22.21,86400.0,0,0,0.0,1.18,0,0
00000000-0000-0000-6381-26348e65c543,usr_00169,1786392938.9620469,18.29,20,0,grocery,pos_contactless,0.05,0.1,0.69,5.1,0.39,86400.0,0,0,0.0,0.57,0,0
00000000-0000-0000-46d1-a07d1ced9c16,usr_00615,1786392970.1991415,6.53,20,0,electronics,atm,0.65,0.25,0.868,14.21,6.12,9129.0,0,0,12.55,0.52,0,0
00000000-0000-0000-40f6-aaec5060e1ad,usr_00388,1786392995.5887063,38.81,20,0,grocery,p2p,0.05,0.45,0.933,4.27,4.35,86400.0,0,0,0.0,0.99,0,0
00000000-0000-0000-2475-736bdee03da4,usr_00648,1786393003.5659654,69.97,20,0,restaurant,pos_chip,0.1,0.05,0.876,15.27,0.95,86400.0,0,0,0.0,1.91,0,0
00000000-0000-0000-38d9-26342f53a45c,usr_00528,1786393012.6996706,110.55,20,0,jewelry,online,0.8,0.6,0.882,12.73,3.11,86400.0,0,0,0.0,2.86,0,0
00000000-0000-0000-45a3-fa7b95367fbb,usr_00053,1786393050.4371889,48.1,20,0,grocery,pos_contactless,0.05,0.1,0.928,13.97,8.57,4703.4,0,0,15.89,3.03,0,0
00000000-0000-0000-5dda-f07a345ff320,usr_00520,1786393068.761181,30.86,20,0,electronics,pos_chip,0.65,0.05,0.863,0.54,5.04,86400.0,0,0,0.0,1.67,0,0
00000000-0000-0000-06b0-6b8c918a7eaa,usr_00160,1786393091.4857097,24.98,20,0,general_retail,online,0.15,0.6,0.843,0.82,10.3,12160.1,0,0,25.07,1.0,0,0
00000000-0000-0000-22e8-d3d5595f0d66,usr_00616,1786393105.7221682,106.49,20,0,travel,online,0.4,0.6,0.898,0.28,6.82,6037.3,0,0,155.51,2.05,0,0
00000000-0000-0000-6958-d83339f78d67,usr_00116,1786393139.804407,25.21,20,0,utilities,pos_chip,0.04,0.05,0.817,9.95,4.17,86400.0,0,0,0.0,0.66,0,0
00000000-0000-0000-6ce2-d3adaa4b3c15,usr_00477,1786393195.5479953,17.82,20,0,restaurant,pos_chip,0.1,0.05,0.864,18.99,5.62,741.9,0,2,110.4,0.48,0,0
00000000-0000-0000-1e6e-dcfdf7d71adc,usr_00835,1786393279.3943892,27.24,20,0,grocery,pos_contactless,0.05,0.1,0.856,8.52,1.88,8649.6,0,0,15.18,1.79,0,0
00000000-0000-0000-1e7c-6f06bfc64cc0,usr_00515,1786393307.480323,42.12,20,0,grocery,atm,0.05,0.25,0.882,0.14,2.4,11127.3,0,0,94.24,0.45,0,0
00000000-0000-0000-1ef7-3cce374694a6,usr_00143,1786393320.3991876,41.61,20,0,restaurant,pos_chip,0.1,0.05,0.897,17.02,4.31,86400.0,0,0,0.0,1.07,1,0
00000000-0000-0000-3649-70c31e56c936,usr_00233,1786393324.3542538,54.58,20,0,grocery,pos_contactless,0.05,0.1,0.779,0.06,2.8,86400.0,0,0,0.0,0.8,0,0
00000000-0000-0000-7ecd-78b2524d8489,usr_00059,1786393325.2656362,30.7,20,0,grocery,online,0.05,0.6,0.718,3.14,0.97,86400.0,0,0,0.0,0.52,0,0
00000000-0000-0000-49c7-21490eba0067,usr_00027,1786393402.5527942,42.84,20,0,utilities,pos_contactless,0.04,0.1,0.857,0.78,2.52,86400.0,0,0,0.0,1.04,0,0
00000000-0000-0000-4898-133777eb95ec,usr_00903,1786393436.3220477,52.85,20,0,jewelry,pos_contactless,0.8,0.1,0.571,10.47,0.33,86400.0,0,0,0.0,0.62,0,0
00000000-0000-0000-217f-f60ae97f12be,usr_00825,1786393448.73207,20.1,20,0,restaurant,online,0.1,0.6,0.917,10.18,22.23,86400.0,0,0,0.0,0.6,0,0
00000000-0000-0000-6ecc-a77ec06fd8f2,usr_00972,1786393472.6362917,15.54,20,0,grocery,p2p,0.05,0.45,0.738,0.17,3.92,4952.2,0,0,57.79,0.27,0,0
00000000-0000-0000-1c8d-74c231435c9f,usr_00420,1786393519.8565333,47.53,20,0,travel,pos_chip,0.4,0.05,0.852,0.73,1.97,3154.0,0,1,117.65,0.81,0,0
00000000-0000-0000-06d1-58a1e26925c0,usr_00818,1786393616.9975953,38.35,20,0,electronics,online,0.65,0.6,0.714,40.97,3.64,86400.0,0,0,0.0,0.98,0,0
00000000-0000-0000-163a-ba9e52c640d8,usr_00305,1786393622.5291603,57.15,20,0,general_retail,atm,0.15,0.25,0.849,11.23,3.07,5068.4,0,0,6.71,8.52,0,0
00000000-0000-0000-61ab-6980c34f4559,usr_00807,1786393645.2057252,22.73,20,0,restaurant,online,0.1,0.6,0.965,9.97,1.86,10475.5,0,0,16.78,1.35,0,0
00000000-0000-0000-1d91-a96eff4b719b,usr_00907,1786393684.9935954,10.35,20,0,grocery,online,0.05,0.6,0.736,24.38,7.64,86400.0,0,0,0.0,0.67,0,0
00000000-0000-0000-6aa2-ed311378ac35,usr_00462,1786393801.2085156,11.88,20,0,grocery,pos_chip,0.05,0.05,0.777,4.8,1.22,86400.0,0,0,0.0,0.93,0,0
00000000-0000-0000-3a72-a954133ab41f,usr_00362,1786393836.7227619,42.31,20,0,grocery,pos_chip,0.05,0.05,0.669,4.1,2.62,86400.0,0,0,0.0,0.7,0,0
00000000-0000-0000-327c-2571082d24d1,usr_00393,1786393861.134937,44.63,20,0,travel,pos_chip,0.4,0.05,0.606,2.01,2.21,1009.3,0,1,149.94,0.89,0,0
00000000-0000-0000-5591-6464dd7960f2,usr_00641,1786393889.9678562,160.13,20,0,health,pos_chip,0.08,0.05,0.924,3.66,1.54,10187.3,0,0,48.42,3.31,0,0
00000000-0000-0000-00b6-79aafb083af9,usr_00364,1786393898.7998755,11.55,20,0,restaurant,pos_chip,0.1,0.05,0.896,4.76,2.49,7322.8,0,0,37.28,0.31,0,0
00000000-0000-0000-6100-8cbbcdc2745c,usr_00057,1786393927.4998481,116.71,20,0,jewelry,online,0.8,0.6,0.87,17.35,3.2,2379.9,0,1,58.87,1.98,0,0
00000000-0000-0000-1ef0-94813f74b384,usr_00317,1786393977.0647,12.62,20,0,grocery,online,0.05,0.6,0.713,16.27,11.26,7873.5,0,0,18.44,0.68,0,0
00000000-0000-0000-3284-c0441c4ccb6d,usr_00423,1786393984.7878437,9.88,20,0,restaurant,pos_chip,0.1,0.05,0.848,1.05,0.94,13364.8,0,0,10.6,0.93,0,0
00000000-0000-0000-1673-10861e3936da,usr_00325,1786394052.0867448,29.11,20,0,jewelry,pos_chip,0.8,0.05,0.842,2.77,2.01,1631.2,0,1,28.14,1.03,0,0
00000000-0000-0000-1cb6-572f6578250d,usr_00113,1786394054.840051,7.58,20,0,jewelry,atm,0.8,0.25,0.913,7.23,0.74,86400.0,0,0,0.0,0.55,0,0
00000000-0000-0000-63ba-779d92ebbe9b,usr_00451,1786394067.0289893,34.18,20,0,health,online,0.08,0.6,0.889,0.28,0.22,86400.0,0,0,0.0,0.84,0,0
00000000-0000-0000-0bb4-6cf5f9490b37,usr_00997,1786394071.5598447,33.07,20,0,grocery,pos_contactless,0.05,0.1,0.763,4.65,5.75,86400.0,0,0,0.0,0.93,0,0
00000000-0000-0000-0e6b-97bc831ff67c,usr_00774,1786394073.6998656,14.03,20,0,grocery,online,0.05,0.6,0.73,6.8,3.85,6381.8,0,0,33.87,0.41,0,0
00000000-0000-0000-6b9c-4b03d5c4abb6,usr_00778,1786394165.6251233,24.91,20,0,utilities,pos_chip,0.04,0.05,0.771,11.98,1.62,86400.0,0,0,0.0,0.73,0,0
00000000-0000-0000-1c99-4c7dc752a486,usr_00721,1786394173.5631194,44.2,20,0,restaurant,online,0.1,0.6,0.902,8.03,3.35,6460.3,0,0,64.0,0.69,0,0
00000000-0000-0000-6d3b-faa1f73a0c9a,usr_00309,1786394191.5823119,111.21,20,0,general_retail,pos_contactless,0.15,0.1,0.858,10.8,0.58,86400.0,0,0,0.0,1.19,0,0
00000000-0000-0000-0145-f888e016734b,usr_00494,1786394216.1521094,33.68,20,0,gaming,online,0.7,0.6,0.719,8.3,17.25,86400.0,0,0,0.0,1.22,0,0
00000000-0000-0000-1403-dfe4a5c5ad84,usr_00922,1786394219.6688855,51.11,20,0,health,pos_chip,0.08,0.05,0.504,23.36,0.98,86400.0,0,0,0.0,1.44,0,0
00000000-0000-0000-49a0-fef160ee1f18,usr_00859,1786394228.2825146,67.33,20,0,electronics,atm,0.65,0.25,0.748,9.01,10.72,86400.0,0,0,0.0,1.36,0,0
00000000-0000-0000-05f7-db5b0ba0e1d7,usr_00955,1786394236.4270542,60.17,20,0,utilities,online,0.04,0.6,0.874,12.08,1.62,86400.0,0,0,0.0,0.8,0,0
00000000-0000-0000-22a5-f7feb1e32537,usr_00677,1786394245.7450712,10.82,20,0,grocery,atm,0.05,0.25,0.875,38.81,1.48,86400.0,0,0,0.0,0.25,0,0
00000000-0000-0000-292f-778e761fe837,usr_00353,1786394262.2255325,88.63,20,0,restaurant,online,0.1,0.6,0.933,6.55,9.34,86400.0,0,0,0.0,1.64,0,0
00000000-0000-0000-6fe7-46297bf9b73b,usr_00650,1786394272.3646607,91.9,20,0,utilities,online,0.04,0.6,0.884,14.94,5.34,86400.0,0,0,0.0,0.92,0,0
00000000-0000-0000-1932-4b9e1de527d1,usr_00577,1786394314.4981334,32.95,20,0,general_retail,pos_contactless,0.15,0.1,0.601,10.58,1.79,86400.0,0,0,0.0,0.47,0,0
00000000-0000-0000-788c-1b6f9313e4f9,usr_00378,1786394332.531185,73.54,20,0,grocery,pos_chip,0.05,0.05,0.682,32.4,0.63,86400.0,0,0,0.0,0.85,0,0
00000000-0000-0000-51dd-15485625dfbc,usr_00423,1786394345.6046324,14.3,20,0,grocery,online,0.05,0.6,0.833,6.39,2.14,360.8,0,1,20.48,1.4,0,0
00000000-0000-0000-6395-11f7aebe636f,usr_00523,1786394352.0901353,33.63,20,0,general_retail,pos_contactless,0.15,0.1,0.841,3.44,12.67,86400.0,0,0,0.0,1.14,0,0
00000000-0000-0000-1d39-547e120e9420,usr_00820,1786394387.9933336,34.77,20,0,utilities,pos_chip,0.04,0.05,0.939,4.59,0.63,86400.0,0,0,0.0,1.4,1,0
00000000-0000-0000-4688-8a306f2269ed,usr_00733,1786394400.1577585,51.12,20,0,health,online,0.08,0.6,0.703,3.99,2.07,3145.8,0,1,134.1,1.14,0,0
00000000-0000-0000-6246-1642f7e3e519,usr_00028,1786394412.440043,128.3,20,0,health,pos_chip,0.08,0.05,0.778,0.17,0.13,7255.0,0,0,54.54,4.7,0,0
00000000-0000-0000-1080-8cb1f1794661,usr_00668,1786394495.668126,14.54,20,0,gaming,pos_chip,0.7,0.05,0.924,1.45,2.46,86400.0,0,0,0.0,0.6,0,0
00000000-0000-0000-39e1-9e09b3bc3d57,usr_00037,1786394497.147054,22.48,20,0,gaming,pos_chip,0.7,0.05,0.967,10.87,0.17,3747.0,0,0,31.94,1.41,0,0
00000000-0000-0000-2555-88385b777260,usr_00378,1786394510.271569,135.35,20,0,grocery,online,0.05,0.6,0.892,53.64,6.97,177.7,1,1,73.54,1.84,0,0
00000000-0000-0000-6411-03e69cd475a8,usr_00967,1786394533.3650572,94.23,20,0,travel,online,0.4,0.6,0.005,1198.31,52.6,9106.1,0,0,22.07,8.54,0,1
00000000-0000-0000-0ce3-10ae43db4297,usr_00151,1786394567.878967,14.86,20,0,utilities,pos_contactless,0.04,0.1,0.746,26.88,1.78,5550.2,0,0,9.25,1.61,0,0
00000000-0000-0000-4d33-6339b12a8a5a,usr_00555,1786394600.9539368,34.88,20,0,grocery,p2p,0.05,0.45,0.908,25.88,2.99,86400.0,0,0,0.0,1.27,0,0
00000000-0000-0000-3718-e4f9db805352,usr_00606,1786394609.0736947,37.2,20,0,grocery,pos_chip,0.05,0.05,0.93,6.24,0.67,86400.0,0,0,0.0,0.71,0,0
00000000-0000-0000-6ed8-852a43f04188,usr_00367,1786394609.2589445,22.05,20,0,general_retail,pos_contactless,0.15,0.1,0.94,31.64,3.21,86400.0,0,0,0.0,1.09,0,0
00000000-0000-0000-5539-bd330ff6764e,usr_00931,1786394636.8931751,36.65,20,0,utilities,pos_chip,0.04,0.05,0.933,2.06,8.01,3260.2,0,1,124.18,0.3,0,0
00000000-0000-0000-03f5-ee6d5b1e795b,usr_00488,1786394659.1697128,14.26,20,0,restaurant,online,0.1,0.6,0.912,2.49,1.6,86400.0,0,0,0.0,0.72,0,0
00000000-0000-0000-07c5-4da36d95ce60,usr_00765,1786394661.4749963,31.49,20,0,utilities,pos_contactless,0.04,0.1,0.897,31.25,10.72,7104.1,0,0,6.49,4.85,0,0
00000000-0000-0000-073b-d926cdd95417,usr_00797,1786394679.1522958,44.92,20,0,crypto,pos_chip,0.9,0.05,0.626,6.23,8.61,4910.7,0,0,99.79,0.9,0,0
00000000-0000-0000-1c8d-cc625c874136,usr_00451,1786394684.288502,24.27,20,0,electronics,pos_contactless,0.65,0.1,0.818,6.66,13.37,617.3,0,1,34.18,0.71,0,0
00000000-0000-0000-36d9-4a9db500a243,usr_00183,1786394687.3217988,57.16,20,0,grocery,p2p,0.05,0.45,0.928,14.07,2.13,86400.0,0,0,0.0,0.89,0,0
00000000-0000-0000-20a2-ae56686660f8,usr_00130,1786394708.6505964,11.8,20,0,utilities,online,0.04,0.6,0.921,8.28,9.96,6714.8,0,0,129.77,0.18,0,0
00000000-0000-0000-23c9-b3318da45cef,usr_00460,1786394736.6788666,26.68,20,0,grocery,online,0.05,0.6,0.88,16.17,8.04,4445.3,0,0,55.65,0.96,0,0
00000000-0000-0000-0a55-05c816fe92ab,usr_00335,1786394760.8762956,23.08,20,0,restaurant,pos_contactless,0.1,0.1,0.682,0.76,6.47,86400.0,0,0,0.0,1.45,0,0
00000000-0000-0000-0265-497bb9ad8b12,usr_00811,1786394770.0792987,20.9,20,0,grocery,online,0.05,0.6,0.841,17.87,1.86,86400.0,0,0,0.0,0.89,0,0
00000000-0000-0000-10bf-fed831c51db4,usr_00160,1786394793.2223048,36.91,20,0,utilities,pos_contactless,0.04,0.1,0.921,3.42,12.24,1701.7,0,1,50.05,1.47,0,0
00000000-0000-0000-5105-caef699c71e3,usr_00427,1786394808.4859385,74.56,20,0,grocery,pos_chip,0.05,0.05,0.809,11.64,4.44,86400.0,0,0,0.0,0.8,0,0
00000000-0000-0000-5fec-f842ed283faa,usr_00104,1786394826.472375,13.33,20,0,health,online,0.08,0.6,0.613,15.89,1.25,5504.8,0,0,10.11,1.32,0,0
00000000-0000-0000-38fe-350f33f80d91,usr_00788,1786394858.3006606,24.21,20,0,restaurant,online,0.1,0.6,0.69,9.28,5.27,7940.1,0,0,6.09,3.98,0,0
00000000-0000-0000-4ac5-1bf2376e8e10,usr_00148,1786394880.9083455,31.11,20,0,travel,pos_chip,0.4,0.05,0.727,7.21,0.04,86400.0,0,0,0.0,0.5,0,0
00000000-0000-0000-2e21-306a6e43f950,usr_00648,1786394905.8053105,19.71,20,0,general_retail,pos_chip,0.15,0.05,0.823,16.81,5.64,1902.2,0,1,69.97,0.28,0,0
00000000-0000-0000-2cc4-baebf063d6dc,usr_00055,1786394946.853625,10.51,20,0,electronics,pos_contactless,0.65,0.1,0.713,12.05,12.21,86400.0,0,0,0.0,0.47,0,0
00000000-0000-0000-5561-240daaa1caf5,usr_00340,1786394958.3966653,7.41,20,0,health,pos_contactless,0.08,0.1,0.83,54.33,4.85,6831.4,0,0,24.71,0.3,0,0
00000000-0000-0000-3441-bae97e68d4b4,usr_00768,1786394976.940198,25.97,20,0,restaurant,online,0.1,0.6,0.805,6.15,3.89,4934.8,0,0,23.79,2.18,0,0
00000000-0000-0000-6d85-0112f9b8efb7,usr_00941,1786395002.8388703,29.14,20,0,utilities,pos_chip,0.04,0.05,0.757,14.19,1.28,86400.0,0,0,0.0,0.52,0,0
00000000-0000-0000-6a9d-d662f6a87c15,usr_00853,1786395047.3329368,34.55,20,0,grocery,pos_chip,0.05,0.05,0.542,31.92,7.99,86400.0,0,0,0.0,1.02,0,0
00000000-0000-0000-00e7-1c614696e506,usr_00575,1786395054.7254589,16.91,20,0,utilities,pos_chip,0.04,0.05,0.715,4.94,2.19,5543.2,0,0,17.16,0.99,0,0
00000000-0000-0000-4452-a598af16df09,usr_00674,1786395091.4223795,40.63,20,0,travel,atm,0.4,0.25,0.75,5.46,13.98,86400.0,0,0,0.0,0.74,0,0
00000000-0000-0000-2372-bc26a9c06df7,usr_00618,1786395099.4875903,15.28,20,0,restaurant,atm,0.1,0.25,0.841,1.07,0.84,9674.4,0,0,14.8,1.03,0,0
00000000-0000-0000-31cd-7d22e6f8addd,usr_00576,1786395109.418498,138.13,20,0,electronics,online,0.65,0.6,0.65,10.73,10.31,5676.9,0,0,124.99,2.21,0,0
00000000-0000-0000-4165-2e3953a2eac9,usr_00127,1786395123.1701272,6.14,20,0,restaurant,pos_contactless,0.1,0.1,0.806,3.62,2.66,86400.0,0,0,0.0,0.38,0,0
00000000-0000-0000-2c29-deb8d8819a16,usr_00496,1786395126.0732133,9.67,20,0,grocery,pos_chip,0.05,0.05,0.853,8.21,1.51,86400.0,0,0,0.0,0.88,0,0
00000000-0000-0000-61c9-cc9baae33fe2,usr_00396,1786395180.018968,95.4,20,0,grocery,online,0.05,0.6,0.93,52.19,4.25,86400.0,0,0,0.0,1.83,0,0
00000000-0000-0000-7bc3-032d8e50a06c,usr_00424,1786395229.357482,18.44,20,0,gaming,pos_chip,0.7,0.05,0.982,14.25,0.85,86400.0,0,0,0.0,0.95,0,0
00000000-0000-0000-6bf1-f38aa1afa153,usr_00354,1786395306.1282642,43.23,20,0,health,online,0.08,0.6,0.956,2.99,0.87,12893.8,0,0,79.99,0.54,0,0
00000000-0000-0000-7a3c-3bf62f9ce8ca,usr_00206,1786395328.6480134,35.59,20,0,grocery,pos_chip,0.05,0.05,0.937,35.7,2.49,86400.0,0,0,0.0,1.78,0,0
00000000-0000-0000-153b-12dd4665011e,usr_00105,1786395357.0369658,18.67,20,0,electronics,pos_contactless,0.65,0.1,0.753,7.46,11.3,86400.0,0,0,0.0,0.64,0,0
00000000-0000-0000-3f63-cfd84e53974a,usr_00378,1786395365.8585815,140.71,20,0,grocery,online,0.05,0.6,0.77,51.92,9.95,855.6,0,2,208.89,1.35,0,0
00000000-0000-0000-350f-b77093aa1742,usr_00269,1786395366.5765505,18.77,20,0,restaurant,online,0.1,0.6,0.668,0.07,6.9,86400.0,0,0,0.0,0.57,0,0
00000000-0000-0000-176c-032140daecaa,usr_00711,1786395399.7988403,54.76,20,0,grocery,pos_contactless,0.05,0.1,0.803,17.41,7.22,8648.6,0,0,50.05,1.09,0,0
00000000-0000-0000-2193-b1769c57bc9a,usr_00578,1786395405.295036,13.56,20,0,restaurant,online,0.1,0.6,0.776,14.47,2.05,86400.0,0,0,0.0,0.48,0,0
00000000-0000-0000-269e-a4a193b46a36,usr_00771,1786395412.5102756,177.31,20,0,restaurant,online,0.1,0.6,0.611,36.14,0.9,6867.6,0,0,84.34,2.1,0,0
00000000-0000-0000-18e9-1b8f6c8fba16,usr_00852,1786395537.0163083,46.1,20,0,electronics,online,0.65,0.6,0.972,17.11,8.83,7156.6,0,0,71.28,0.65,1,0
00000000-0000-0000-470e-41ff345604c2,usr_00682,1786395541.163091,57.28,20,0,grocery,online,0.05,0.6,0.866,3.76,2.2,86400.0,0,0,0.0,0.82,0,0
00000000-0000-0000-659b-55cba42ff7ac,usr_00967,1786395543.4864805,26.91,20,0,restaurant,online,0.1,0.6,0.824,2.0,6.62,1010.1,0,1,116.3,0.69,0,0
00000000-0000-0000-77d2-2b2afd0959e9,usr_00994,1786395545.4435503,39.77,20,0,health,p2p,0.08,0.45,0.813,5.62,0.76,86400.0,0,0,0.0,1.28,0,0
00000000-0000-0000-4e6b-b8e0c2a186b1,usr_00894,1786395572.1378448,17.88,20,0,restaurant,pos_chip,0.1,0.05,0.719,3.64,2.33,86400.0,0,0,0.0,0.65,0,0
00000000-0000-0000-1f5f-58bbdeb0638a,usr_00882,1786395583.3190498,7.24,20,0,grocery,online,0.05,0.6,0.911,2.97,7.4,86400.0,0,0,0.0,0.43,0,0
00000000-0000-0000-7dd0-46e06e70ce6a,usr_00358,1786395593.4504642,23.6,20,0,travel,pos_chip,0.4,0.05,0.685,10.85,9.24,86400.0,0,0,0.0,1.2,0,0
00000000-0000-0000-5ed0-8bf85c719cd0,usr_00392,1786395613.3709176,24.82,21,0,restaurant,pos_chip,0.1,0.05,0.847,2.58,14.48,7481.5,0,0,27.24,0.91,0,0
00000000-0000-0000-2a1e-3e6c2b7f1828,usr_00820,1786395616.047298,22.47,21,0,travel,pos_contactless,0.4,0.1,0.971,5.04,8.76,1228.1,0,1,34.77,0.65,0,0
00000000-0000-0000-488c-2df8a5811b4c,usr_00075,1786395619.5853786,83.88,21,0,restaurant,online,0.1,0.6,0.901,17.61,0.35,86400.0,0,0,0.0,1.67,0,0
00000000-0000-0000-7655-79e88eb3e430,usr_00844,1786395681.852597,42.43,21,0,restaurant,online,0.1,0.6,0.706,7.62,12.93,14643.6,0,0,26.36,1.61,0,0
00000000-0000-0000-7801-1698e4857a62,usr_00336,1786395734.9168386,24.98,21,0,travel,pos_chip,0.4,0.05,0.799,10.68,9.14,14758.0,0,0,25.29,0.99,0,0
00000000-0000-0000-173c-5deabf3dac13,usr_00970,1786395755.6528673,18.41,21,0,restaurant,pos_chip,0.1,0.05,0.715,17.53,2.87,86400.0,0,0,0.0,0.66,0,0
00000000-0000-0000-571b-b9c8b275e3b8,usr_00574,1786395816.9077098,20.61,21,0,general_retail,pos_chip,0.15,0.05,0.609,0.44,2.63,3584.6,0,1,23.18,0.89,0,0
00000000-0000-0000-4e54-9323e073bb8d,usr_00884,1786395818.8928442,15.49,21,0,general_retail,online,0.15,0.6,0.843,3.94,3.0,86400.0,0,0,0.0,0.9,0,0
00000000-0000-0000-35e3-4012351c0417,usr_00855,1786395839.1043265,78.34,21,0,grocery,online,0.05,0.6,0.941,22.07,8.8,86400.0,0,0,0.0,2.35,0,0
00000000-0000-0000-1361-c76240f35125,usr_00109,1786395867.695449,9.0,21,0,restaurant,atm,0.1,0.25,0.876,3.83,7.86,13670.7,0,0,20.36,0.44,0,0
00000000-0000-0000-359b-f11622e81e78,usr_00113,1786395914.0362418,23.36,21,0,gaming,atm,0.7,0.25,0.538,6.42,0.98,1859.2,0,1,7.58,3.08,0,0
00000000-0000-0000-3a5b-4e6148cefde9,usr_00878,1786395935.5393732,38.2,21,0,gaming,pos_contactless,0.7,0.1,0.796,0.14,6.1,86400.0,0,0,0.0,1.23,0,0
00000000-0000-0000-52db-5dacc0b86961,usr_00934,1786395956.592858,37.33,21,0,electronics,pos_chip,0.65,0.05,0.875,5.77,9.95,86400.0,0,0,0.0,0.94,0,0
00000000-0000-0000-04be-10a557ccd15e,usr_00010,1786395965.2142189,56.12,21,0,utilities,pos_contactless,0.04,0.1,0.953,5.85,17.02,86400.0,0,0,0.0,1.0,0,0
00000000-0000-0000-1061-0f15e9d505dc,usr_00244,1786395992.7198875,134.33,21,0,travel,pos_chip,0.4,0.05,0.695,15.83,0.01,86400.0,0,0,0.0,1.13,1,0
00000000-0000-0000-44e3-d524932dfd1d,usr_00507,1786395996.1070924,46.55,21,0,restaurant,online,0.1,0.6,0.97,7.5,17.11,12431.4,0,0,24.13,1.93,0,0
00000000-0000-0000-495b-e3b3da257dab,usr_00793,1786396044.910064,29.7,21,0,grocery,pos_chip,0.05,0.05,0.89,20.74,4.1,3112.7,0,1,55.42,0.54,0,0
00000000-0000-0000-6b6a-1ed1a0d379c5,usr_00710,1786396061.883679,19.33,21,0,grocery,pos_chip,0.05,0.05,0.724,1.9,7.32,86400.0,0,0,0.0,0.59,0,0
00000000-0000-0000-2cb0-ebd9d846cae3,usr_00592,1786396064.745183,46.91,21,0,utilities,online,0.04,0.6,0.83,11.55,0.52,10676.6,0,0,394.66,0.24,0,0
00000000-0000-0000-4fb6-eb895a8154ae,usr_00576,1786396073.6870022,81.79,21,0,grocery,online,0.05,0.6,0.871,15.09,2.97,964.3,0,1,263.12,0.93,0,0
00000000-0000-0000-4dc1-735314630b3c,usr_00455,1786396089.2817304,35.56,21,0,utilities,pos_chip,0.04,0.05,0.845,1.74,9.57,86400.0,0,0,0.0,0.98,0,0
00000000-0000-0000-2743-862ea45fbb4c,usr_00423,1786396176.960333,13.07,21,0,grocery,online,0.05,0.6,0.74,19.08,3.91,1831.4,0,2,34.78,1.13,0,0
00000000-0000-0000-5f74-7b9e44ef4d9f,usr_00114,1786396205.1498435,29.93,21,0,restaurant,pos_contactless,0.1,0.1,0.906,10.38,3.43,12209.9,0,0,38.95,0.77,0,0
00000000-0000-0000-620e-b9c9394c5286,usr_00831,1786396244.4091976,129.29,21,0,utilities,pos_chip,0.04,0.05,0.873,1.51,8.3,5839.5,0,0,78.44,1.65,0,0
00000000-0000-0000-5c48-a7978a303669,usr_00518,1786396360.1244142,57.25,21,0,gaming,online,0.7,0.6,0.911,8.1,6.6,86400.0,0,0,0.0,1.01,0,0
00000000-0000-0000-14c7-eda20c9c5c89,usr_00500,1786396394.3834815,108.78,21,0,grocery,atm,0.05,0.25,0.575,12.11,0.57,86400.0,0,0,0.0,1.45,0,0
00000000-0000-0000-57db-6a5722343bc0,usr_00637,1786396396.282234,21.09,21,0,restaurant,pos_chip,0.1,0.05,0.948,18.36,2.0,5482.8,0,0,34.61,1.22,0,0
00000000-0000-0000-5366-ab63e2055118,usr_00805,1786396427.2696083,48.4,21,0,general_retail,pos_contactless,0.15,0.1,0.825,4.41,0.8,14283.9,0,0,49.77,0.97,0,0
00000000-0000-0000-4ea8-a3357a3ecee1,usr_00718,1786396464.3960073,22.49,21,0,grocery,pos_contactless,0.05,0.1,0.815,18.46,2.55,86400.0,0,0,0.0,0.84,0,0
00000000-0000-0000-11ce-29bb636b5a19,usr_00070,1786396473.8353074,6.91,21,0,general_retail,online,0.15,0.6,0.779,43.97,2.06,86400.0,0,0,0.0,0.45,0,0
00000000-0000-0000-0876-2ea00a4ccb25,usr_00416,1786396478.2621024,58.18,21,0,utilities,online,0.04,0.6,0.633,3.28,1.86,86400.0,0,0,0.0,0.91,0,0
00000000-0000-0000-0dd2-ec620b9b47b3,usr_00159,1786396498.6337237,12.41,21,0,restaurant,pos_chip,0.1,0.05,0.737,8.42,2.88,7377.9,0,0,44.77,0.55,0,0
00000000-0000-0000-3237-17ccf174f8be,usr_00082,1786396654.2162404,14.28,21,0,restaurant,online,0.1,0.6,0.41,2.65,11.59,86400.0,0,0,0.0,0.54,0,0
00000000-0000-0000-7972-e291e6f10258,usr_00606,1786396692.5449255,42.98,21,0,restaurant,atm,0.1,0.25,0.915,0.96,7.01,2083.5,0,1,37.2,1.16,0,0
00000000-0000-0000-5bb7-a9c5e9b81666,usr_00626,1786396743.7539518,28.02,21,0,grocery,pos_chip,0.05,0.05,0.963,18.09,3.7,86400.0,0,0,0.0,1.08,0,0
00000000-0000-0000-0a84-f38fdaadbcb5,usr_00572,1786396780.7484374,20.08,21,0,grocery,pos_chip,0.05,0.05,0.793,1.98,0.99,15768.3,0,0,29.91,0.67,0,0
00000000-0000-0000-4433-680f5c23c5ce,usr_00787,1786396791.3634696,58.77,21,0,gaming,atm,0.7,0.25,0.768,5.02,6.4,86400.0,0,0,0.0,2.0,0,0
00000000-0000-0000-3b7c-f959c0af84b6,usr_00178,1786396815.3158565,41.2,21,0,general_retail,pos_chip,0.15,0.05,0.918,3.3,0.94,86400.0,0,0,0.0,1.34,0,0
00000000-0000-0000-56ac-6317a41fe294,usr_00677,1786396888.605791,19.7,21,0,grocery,online,0.05,0.6,0.788,10.57,13.19,2642.9,0,1,10.82,1.82,0,0
00000000-0000-0000-7276-7473900d847f,usr_00886,1786396897.5774057,69.76,21,0,grocery,pos_chip,0.05,0.05,0.931,2.96,0.91,86400.0,0,0,0.0,1.0,0,0
00000000-0000-0000-17e5-6bc522b3092a,usr_00940,1786396898.992934,30.75,21,0,grocery,online,0.05,0.6,0.655,1.69,5.31,86400.0,0,0,0.0,0.82,0,0
00000000-0000-0000-0f1e-cc53dd234ccd,usr_00126,1786397089.359582,51.88,21,0,jewelry,pos_chip,0.8,0.05,0.682,1.68,2.12,11013.4,0,0,138.66,0.37,0,0
00000000-0000-0000-678d-ae84ddf3c55f,usr_00051,1786397101.8550057,44.4,21,0,utilities,pos_chip,0.04,0.05,0.654,19.26,1.58,5101.9,0,0,22.46,1.98,0,0
00000000-0000-0000-745a-e5a3737f6128,usr_00167,1786397217.7027867,77.64,21,0,utilities,pos_chip,0.04,0.05,0.645,48.9,12.19,86400.0,0,0,0.0,1.86,0,0
00000000-0000-0000-78c4-3b761915081b,usr_00962,1786397240.1059287,34.46,21,0,utilities,online,0.04,0.6,0.703,12.71,15.79,86400.0,0,0,0.0,1.9,0,0
00000000-0000-0000-40dc-ae57f0038367,usr_00760,1786397260.7469804,105.09,21,0,general_retail,online,0.15,0.6,0.517,15.6,8.25,86400.0,0,0,0.0,1.5,0,0
00000000-0000-0000-4f4e-cb5e6ddac860,usr_00899,1786397287.1819136,8.83,21,0,restaurant,online,0.1,0.6,0.901,3.18,24.34,4467.2,0,0,18.32,0.96,0,0
00000000-0000-0000-68c3-6a42558f04af,usr_00345,1786397308.8119242,7.13,21,0,general_retail,pos_chip,0.15,0.05,0.808,1.58,3.24,5564.9,0,0,20.3,0.35,0,0
00000000-0000-0000-7698-b505b39300d4,usr_00689,1786397390.9769437,29.1,21,0,grocery,pos_contactless,0.05,0.1,0.462,10.11,2.56,86400.0,0,0,0.0,1.13,0,0
00000000-0000-0000-60c4-3fcfb26fdbf8,usr_00401,1786397404.5229428,43.87,21,0,health,pos_chip,0.08,0.05,0.779,11.39,5.15,86400.0,0,0,0.0,1.18,1,0
00000000-0000-0000-4b64-14a7b428d752,usr_00285,1786397408.6539896,19.11,21,0,travel,pos_contactless,0.4,0.1,0.631,2.52,1.16,9234.9,0,0,14.64,1.31,0,0
00000000-0000-0000-1166-7ff389ab0dca,usr_00996,1786397457.5680442,66.37,21,0,gaming,online,0.7,0.6,0.678,28.53,3.04,14104.2,0,0,53.25,1.25,0,0
00000000-0000-0000-117f-bc2ff99071d5,usr_00306,1786397486.298148,37.99,21,0,restaurant,pos_chip,0.1,0.05,0.825,2.85,3.7,86400.0,0,0,0.0,1.4,0,0
00000000-0000-0000-67d9-6eaea9dce3ac,usr_00442,1786397487.1869495,134.19,21,0,grocery,p2p,0.05,0.45,0.833,2.12,0.06,86400.0,0,0,0.0,3.26,0,0
00000000-0000-0000-2934-ff8c5edbcc96,usr_00082,1786397515.7055821,16.34,21,0,health,pos_chip,0.08,0.05,0.972,19.66,2.96,861.5,0,1,14.28,1.14,0,0
00000000-0000-0000-6740-9f3f1cab74fa,usr_00099,1786397557.3719807,22.74,21,0,restaurant,online,0.1,0.6,0.804,17.37,2.05,86400.0,0,0,0.0,1.18,0,0
00000000-0000-0000-664f-b78dbe787520,usr_00997,1786397566.9054353,51.02,21,0,jewelry,online,0.8,0.6,0.694,0.21,1.65,3495.3,0,1,33.07,1.54,0,0
00000000-0000-0000-3da7-c749369c7ccc,usr_00923,1786397580.1314154,26.64,21,0,electronics,pos_contactless,0.65,0.1,0.974,46.92,0.0,86400.0,0,0,0.0,1.13,0,0
00000000-0000-0000-4228-7f7411130984,usr_00789,1786397583.3626873,12.48,21,0,gaming,p2p,0.7,0.45,0.534,4.82,10.49,86400.0,0,0,0.0,0.41,0,0
00000000-0000-0000-7493-e93970afcc9c,usr_00574,1786397591.9125736,26.95,21,0,utilities,p2p,0.04,0.45,0.96,0.83,0.48,1775.0,0,1,43.79,1.23,0,0
00000000-0000-0000-1f7c-55c0c31a308b,usr_00728,1786397620.1723835,7.2,21,0,restaurant,pos_chip,0.1,0.05,0.81,7.12,11.47,86400.0,0,0,0.0,0.43,0,0
00000000-0000-0000-1213-e7e048d9632f,usr_00244,1786397620.955521,86.14,21,0,general_retail,p2p,0.15,0.45,0.732,19.71,2.48,1628.2,0,1,134.33,0.64,0,0
00000000-0000-0000-4370-68c11e16a9f6,usr_00037,1786397658.4115202,12.51,21,0,health,online,0.08,0.6,0.798,1.2,0.84,3161.3,0,1,54.42,0.69,1,0
00000000-0000-0000-74a7-dea4798989f1,usr_00085,1786397731.149665,81.14,21,0,restaurant,pos_contactless,0.1,0.1,0.82,4.56,6.8,86400.0,0,0,0.0,1.83,0,0
00000000-0000-0000-4c8a-ab073cc603a3,usr_00454,1786397734.0618773,43.5,21,0,grocery,pos_chip,0.05,0.05,0.865,2.14,7.93,11962.0,0,0,62.42,0.7,0,0
00000000-0000-0000-3dba-345bfb1dacc3,usr_00431,1786397748.6279967,16.19,21,0,electronics,online,0.65,0.6,0.608,10.57,1.83,8032.3,0,0,21.43,0.76,0,0
00000000-0000-0000-7813-7293cae50ed6,usr_00510,1786397754.5390158,7.51,21,0,restaurant,pos_contactless,0.1,0.1,0.841,8.62,14.93,86400.0,0,0,0.0,0.58,0,0
00000000-0000-0000-3ac3-753890cc3c06,usr_00929,1786397771.1382606,26.4,21,0,grocery,online,0.05,0.6,0.761,12.12,0.58,13897.5,0,0,53.12,0.5,0,0
00000000-0000-0000-5d33-cdfd703cf335,usr_00065,1786397810.815791,43.05,21,0,travel,online,0.4,0.6,0.749,2.18,32.01,12174.4,0,0,59.93,0.72,0,0
00000000-0000-0000-67bf-324c92e0b1d9,usr_00502,1786397837.5567775,59.86,21,0,electronics,pos_contactless,0.65,0.1,0.922,1.74,1.52,86400.0,0,0,0.0,2.78,0,0
00000000-0000-0000-50a1-aecae1528f93,usr_00141,1786397850.6779783,10.82,21,0,restaurant,pos_chip,0.1,0.05,0.909,25.72,1.0,86400.0,0,0,0.0,0.59,0,0
00000000-0000-0000-50bd-519a96f68943,usr_00468,1786397856.0070395,49.41,21,0,grocery,online,0.05,0.6,0.687,4.09,0.11,86400.0,0,0,0.0,0.77,0,0
00000000-0000-0000-72cd-aac3ca3f2eec,usr_00148,1786397956.951472,107.32,21,0,restaurant,pos_chip,0.1,0.05,0.796,4.19,2.78,3076.0,0,1,31.11,3.45,0,0
00000000-0000-0000-3c86-5bcd4e3c0540,usr_00446,1786397964.6382937,110.88,21,0,restaurant,online,0.1,0.6,0.799,1.98,8.35,86400.0,0,0,0.0,1.76,0,0
00000000-0000-0000-609a-d6fe4fae9fb3,usr_00236,1786397973.7072537,7.01,21,0,restaurant,online,0.1,0.6,0.889,8.04,0.5,86400.0,0,0,0.0,0.77,0,0
00000000-0000-0000-3f8c-c18b231f4a6f,usr_00269,1786397973.8363407,16.62,21,0,travel,pos_chip,0.4,0.05,0.755,0.1,11.75,2607.3,0,1,18.77,0.89,0,0
00000000-0000-0000-3361-b957edaeebe2,usr_00745,1786398085.1317534,100.1,21,0,general_retail,online,0.15,0.6,0.911,8.83,0.42,86400.0,0,0,0.0,1.73,0,0
00000000-0000-0000-4b35-5d8ac5cd2b1f,usr_00441,1786398123.168715,11.58,21,0,general_retail,pos_chip,0.15,0.05,0.638,2.81,3.49,86400.0,0,0,0.0,0.29,0,0
00000000-0000-0000-7cb0-529df81eb5bf,usr_00367,1786398172.9797862,22.92,21,0,grocery,pos_chip,0.05,0.05,0.902,12.04,7.48,3563.7,0,1,22.05,1.04,0,0
00000000-0000-0000-6a7d-00ac038fee01,usr_00152,1786398221.4337993,9.3,21,0,utilities,pos_chip,0.04,0.05,0.839,0.65,7.6,86400.0,0,0,0.0,0.77,0,0
00000000-0000-0000-3305-6eec704fb776,usr_00900,1786398234.7683194,55.21,21,0,grocery,online,0.05,0.6,0.874,15.21,6.19,7506.2,0,0,33.81,1.63,0,0
00000000-0000-0000-17c9-475a4763a2a2,usr_00867,1786398249.533775,30.96,21,0,restaurant,pos_chip,0.1,0.05,0.937,32.1,4.87,13528.1,0,0,28.43,1.09,0,0
00000000-0000-0000-1708-9a34042b20aa,usr_00976,1786398291.5035536,98.52,21,0,utilities,online,0.04,0.6,0.907,0.56,1.01,10706.5,0,0,135.46,0.73,0,0
00000000-0000-0000-4875-bdca9fe23a12,usr_00259,1786398323.6366587,14.44,21,0,grocery,p2p,0.05,0.45,0.847,13.38,3.76,86400.0,0,0,0.0,0.99,0,0
00000000-0000-0000-02c4-7b8eebeaf419,usr_00357,1786398325.7301745,27.75,21,0,grocery,pos_chip,0.05,0.05,0.851,5.19,6.73,7717.0,0,0,42.15,0.66,0,0
00000000-0000-0000-7fee-e304657fc39b,usr_00327,1786398342.9843693,83.28,21,0,utilities,pos_chip,0.04,0.05,0.934,19.25,8.06,86400.0,0,0,0.0,2.62,0,0
00000000-0000-0000-12c6-dee4eca6a896,usr_00243,1786398424.7320652,22.85,21,0,electronics,pos_chip,0.65,0.05,0.665,8.55,2.07,13369.8,0,0,13.56,1.69,0,0
00000000-0000-0000-3a69-f4a9d6c8441a,usr_00639,1786398447.859805,21.65,21,0,restaurant,online,0.1,0.6,0.868,0.94,5.14,86400.0,0,0,0.0,0.48,0,0
00000000-0000-0000-788d-b1b29ce821e3,usr_00438,1786398473.1254115,21.64,21,0,health,pos_chip,0.08,0.05,0.563,11.22,3.32,8078.4,0,0,42.14,1.03,0,0
00000000-0000-0000-75b1-dca9ee16407b,usr_00457,1786398480.7918284,9.28,21,0,health,atm,0.08,0.25,0.854,9.76,3.89,86400.0,0,0,0.0,0.47,0,0
00000000-0000-0000-58f7-86a329f21a64,usr_00329,1786398581.4865685,28.4,21,0,grocery,pos_chip,0.05,0.05,0.969,18.98,0.59,86400.0,0,0,0.0,1.17,0,0
00000000-0000-0000-2ac7-6ebe47de0c4b,usr_00848,1786398642.671906,20.86,21,0,general_retail,pos_contactless,0.15,0.1,0.701,2.1,10.75,86400.0,0,0,0.0,0.96,0,0
00000000-0000-0000-34be-6a6b6515c036,usr_00091,1786398660.583559,17.89,21,0,electronics,pos_contactless,0.65,0.1,0.846,0.51,5.26,7239.5,0,0,11.01,1.62,0,0
00000000-0000-0000-6c62-ea14687c1254,usr_00026,1786398671.619314,55.16,21,0,utilities,pos_chip,0.04,0.05,0.744,10.26,2.24,86400.0,0,0,0.0,1.21,0,0
00000000-0000-0000-7029-256d0b6b97c7,usr_00051,1786398679.743043,101.99,21,0,utilities,pos_chip,0.04,0.05,0.812,7.91,0.49,1577.9,0,1,66.86,3.05,0,0
00000000-0000-0000-3e98-1337a2d814db,usr_00287,1786398692.909021,36.16,21,0,travel,pos_chip,0.4,0.05,0.956,21.68,3.98,12899.5,0,0,41.85,0.86,0,0
00000000-0000-0000-22f6-0f787d3455a7,usr_00864,1786398697.0770607,24.05,21,0,restaurant,p2p,0.1,0.45,0.913,0.72,1.03,86400.0,0,0,0.0,1.1,0,0
00000000-0000-0000-6eaf-9c82a152bfb0,usr_00429,1786398704.1067731,20.17,21,0,health,pos_contactless,0.08,0.1,0.875,7.84,2.22,86400.0,0,0,0.0,0.48,0,0
00000000-0000-0000-2af8-049724ed34bc,usr_00387,1786398705.353466,121.42,21,0,grocery,pos_contactless,0.05,0.1,0.524,13.31,6.66,86400.0,0,0,0.0,2.68,0,0
00000000-0000-0000-5822-f33cf14bbf8e,usr_00475,1786398754.6566763,26.14,21,0,grocery,online,0.05,0.6,0.773,27.22,0.71,86400.0,0,0,0.0,0.97,0,0
00000000-0000-0000-306a-2be97b811989,usr_00363,1786398756.852347,24.81,21,0,general_retail,pos_contactless,0.15,0.1,0.936,2.94,8.85,11837.8,0,0,29.91,0.83,0,0
00000000-0000-0000-401d-90a1aeae6b52,usr_00990,1786398758.1817927,48.51,21,0,electronics,atm,0.65,0.25,0.794,7.27,4.88,86400.0,0,0,0.0,0.87,0,0
00000000-0000-0000-4649-17b00b380f69,usr_00700,1786398806.961585,66.26,21,0,general_retail,p2p,0.15,0.45,0.85,12.88,0.83,86400.0,0,0,0.0,1.03,0,0
00000000-0000-0000-3552-05435b325fce,usr_00294,1786398826.4018166,17.37,21,0,general_retail,pos_contactless,0.15,0.1,0.743,6.61,1.01,12290.2,0,0,50.06,0.69,0,0
00000000-0000-0000-32a4-17b64adb87f2,usr_00910,1786398858.74051,11.47,21,0,restaurant,online,0.1,0.6,0.822,0.24,2.96,86400.0,0,0,0.0,0.54,0,0
00000000-0000-0000-0b1d-e79e5ba34c46,usr_00853,1786398902.1929846,19.06,21,0,general_retail,pos_chip,0.15,0.05,0.646,46.76,4.34,3854.9,0,0,34.55,0.55,0,0
00000000-0000-0000-6980-78f98acee8de,usr_00443,1786398919.3328657,70.5,21,0,jewelry,p2p,0.8,0.45,0.772,2.11,2.44,86400.0,0,0,0.0,0.96,0,0
00000000-0000-0000-4a32-a7219f185a9f,usr_00156,1786398953.0411825,20.81,21,0,grocery,pos_chip,0.05,0.05,0.799,11.86,0.17,15062.6,0,0,53.08,0.39,0,0
00000000-0000-0000-37a1-d2faf33e9629,usr_00291,1786398971.4203107,77.56,21,0,utilities,p2p,0.04,0.45,0.747,6.85,0.43,10453.8,0,0,123.83,1.25,0,0
00000000-0000-0000-1d5e-a57e71b15496,usr_00708,1786399066.271089,87.06,21,0,general_retail,p2p,0.15,0.45,0.82,7.79,0.13,86400.0,0,0,0.0,3.0,0,0
00000000-0000-0000-004a-11acca38cc3c,usr_00591,1786399108.5415502,41.35,21,0,restaurant,pos_chip,0.1,0.05,0.505,0.15,0.61,86400.0,0,0,0.0,1.08,0,0
00000000-0000-0000-072e-a9b9d995d683,usr_00783,1786399117.591668,55.01,21,0,grocery,pos_chip,0.05,0.05,0.472,3.84,12.76,17152.4,0,0,111.49,0.49,0,0
00000000-0000-0000-6ec8-02d27fefe41f,usr_00299,1786399135.5515969,57.49,21,0,grocery,pos_chip,0.05,0.05,0.753,4.19,2.41,86400.0,0,0,0.0,1.43,0,0
00000000-0000-0000-10d6-82251399ea90,usr_00209,1786399141.0955653,101.17,21,0,utilities,pos_chip,0.04,0.05,0.918,10.93,1.34,6902.9,0,0,14.08,7.19,0,0
00000000-0000-0000-596c-6d2131aa9b51,usr_00100,1786399172.8852901,24.26,21,0,health,online,0.08,0.6,0.914,2.93,2.26,11069.1,0,0,41.37,0.59,0,0
00000000-0000-0000-2772-a1611f3c7bfa,usr_00113,1786399179.8425696,23.11,21,0,restaurant,online,0.1,0.6,0.681,45.21,4.75,3265.8,0,1,30.94,1.49,0,0
00000000-0000-0000-5c52-34cc0877b182,usr_00490,1786399198.017799,33.56,21,0,electronics,pos_contactless,0.65,0.1,0.881,2.28,2.89,10297.6,0,0,149.21,0.45,0,0
00000000-0000-0000-6342-417b4c08cbf7,usr_00551,1786399216.807639,38.94,22,0,utilities,pos_contactless,0.04,0.1,0.954,9.14,5.26,86400.0,0,0,0.0,0.84,0,0
00000000-0000-0000-7f8f-ed85f7e5ec0e,usr_00441,1786399237.2549176,21.84,22,0,utilities,online,0.04,0.6,0.883,13.79,0.42,1114.1,0,1,11.58,1.89,0,0
00000000-0000-0000-5c06-92a56b0cc4fd,usr_00677,1786399244.3881292,32.74,22,0,grocery,pos_chip,0.05,0.05,0.655,10.08,1.49,2355.8,0,1,30.52,2.15,0,0
00000000-0000-0000-713c-1dbe8a847d88,usr_00399,1786399263.0639496,13.33,22,0,restaurant,pos_chip,0.1,0.05,0.715,24.26,5.02,86400.0,0,0,0.0,0.61,0,0
00000000-0000-0000-5eb3-e4da66644bbb,usr_00913,1786399309.9617753,12.73,22,0,general_retail,pos_chip,0.15,0.05,0.888,14.18,2.35,86400.0,0,0,0.0,0.56,0,0
00000000-0000-0000-0f50-4773e04f5d53,usr_00557,1786399317.397138,22.98,22,0,restaurant,pos_contactless,0.1,0.1,0.801,14.27,1.35,18847.9,0,0,6.69,3.43,0,0
00000000-0000-0000-43ef-3287e798103b,usr_00615,1786399328.090278,10.11,22,0,utilities,pos_chip,0.04,0.05,0.957,34.39,0.91,6357.9,0,0,19.08,1.06,0,0
00000000-0000-0000-4a28-997c2e7673a5,usr_00732,1786399358.2650492,30.52,22,0,grocery,pos_chip,0.05,0.05,0.754,47.85,1.35,7084.8,0,0,87.52,0.35,0,0
00000000-0000-0000-43d1-fd151699f901,usr_00385,1786399363.9879901,25.21,22,0,grocery,online,0.05,0.6,0.967,4.44,1.8,86400.0,0,0,0.0,1.23,0,0
00000000-0000-0000-7b43-35b20577a5fe,usr_00847,1786399439.8582172,85.37,22,0,travel,online,0.4,0.6,0.7,2.54,0.32,12673.6,0,0,62.54,1.37,1,0
00000000-0000-0000-3d7f-e0dba4625136,usr_00911,1786399476.166541,35.52,22,0,jewelry,pos_contactless,0.8,0.1,0.717,6.66,1.63,14667.4,0,0,85.1,0.42,0,0
00000000-0000-0000-5208-da1a60fe497b,usr_00330,1786399512.5923939,201.16,22,0,restaurant,online,0.1,0.6,0.7,1.32,3.58,15041.3,0,0,62.0,3.24,0,0
00000000-0000-0000-25fa-698b5b6239f4,usr_00464,1786399543.97167,15.53,22,0,utilities,online,0.04,0.6,0.781,2.57,0.57,86400.0,0,0,0.0,0.92,1,0
00000000-0000-0000-7bd9-01b74eab6d91,usr_00190,1786399553.2788374,78.79,22,0,health,pos_chip,0.08,0.05,0.839,9.26,14.03,86400.0,0,0,0.0,0.85,0,0
00000000-0000-0000-265b-b62c391206cf,usr_00173,1786399568.5164058,9.12,22,0,general_retail,pos_chip,0.15,0.05,0.766,31.54,4.51,16477.4,0,0,25.69,0.36,0,0
00000000-0000-0000-29a8-eeb06265193c,usr_00105,1786399586.4485042,52.52,22,0,restaurant,pos_chip,0.1,0.05,0.841,0.09,0.26,4229.4,0,0,18.67,2.81,0,0
00000000-0000-0000-0620-28f473266c8f,usr_00961,1786399605.7108865,38.87,22,0,grocery,pos_chip,0.05,0.05,0.737,20.46,13.0,9666.5,0,0,77.5,1.0,0,0
00000000-0000-0000-248a-673f7791913b,usr_00439,1786399640.3620207,11.14,22,0,grocery,pos_chip,0.05,0.05,0.703,0.02,1.57,86400.0,0,0,0.0,0.26,0,0
00000000-0000-0000-24c6-9b5ac581b463,usr_00460,1786399649.7416446,57.15,22,0,restaurant,online,0.1,0.6,0.965,7.27,3.98,4913.1,0,0,82.33,2.08,0,0
00000000-0000-0000-7936-41fda6f83880,usr_00220,1786399664.9106727,53.5,22,0,gaming,pos_chip,0.7,0.05,0.864,17.1,6.28,86400.0,0,0,0.0,1.85,0,0
00000000-0000-0000-78ab-4b69d5f3b882,usr_00351,1786399752.3159325,56.69,22,0,gaming,p2p,0.7,0.45,0.762,12.36,5.93,86400.0,0,0,0.0,1.03,0,0
00000000-0000-0000-55ad-3f9e94e8bd93,usr_00856,1786399824.0442328,78.73,22,0,travel,p2p,0.4,0.45,0.884,3.09,0.05,86400.0,0,0,0.0,1.94,1,0
00000000-0000-0000-6474-41a228c15f76,usr_00846,1786399832.9936957,167.56,22,0,crypto,online,0.9,0.6,0.602,5.35,3.35,7806.0,0,0,529.64,0.63,0,0
00000000-0000-0000-18e0-521a7bafcb7e,usr_00142,1786399860.5625806,8.6,22,0,grocery,p2p,0.05,0.45,0.945,13.65,10.1,86400.0,0,0,0.0,0.93,0,0
00000000-0000-0000-3da7-3b4957c4dacd,usr_00962,1786399866.7712862,7.8,22,0,grocery,online,0.05,0.6,0.86,12.37,0.74,2626.7,0,1,34.46,0.23,0,0
00000000-0000-0000-4274-e7477dc970fc,usr_00781,1786399877.0362847,87.04,22,0,restaurant,pos_contactless,0.1,0.1,0.513,10.47,2.01,18749.0,0,0,40.3,2.16,0,0
00000000-0000-0000-4902-0be6f76273b1,usr_00291,1786399886.8182552,55.32,22,0,general_retail,p2p,0.15,0.45,0.892,1.27,1.41,915.4,0,1,201.39,0.82,0,0
00000000-0000-0000-3483-250882a94265,usr_00940,1786399913.6144335,17.17,22,0,general_retail,pos_contactless,0.15,0.1,0.824,1.0,1.8,3014.6,0,1,30.75,0.56,0,0
00000000-0000-0000-2302-f7540ac43571,usr_00248,1786399979.8970037,125.17,22,0,general_retail,pos_chip,0.15,0.05,0.682,9.06,2.76,10863.8,0,0,394.72,0.63,0,0
00000000-0000-0000-5e93-d559b3119f40,usr_00935,1786399995.833263,38.72,22,0,utilities,online,0.04,0.6,0.876,2.22,20.75,9876.2,0,0,26.89,1.44,0,0
00000000-0000-0000-2d5b-b21d4cece42c,usr_00613,1786400071.5312543,86.48,22,0,restaurant,online,0.1,0.6,0.832,11.95,7.59,86400.0,0,0,0.0,2.0,0,0
00000000-0000-0000-6778-a2333056f6aa,usr_00719,1786400127.2579594,20.0,22,0,electronics,pos_chip,0.65,0.05,0.593,1.59,1.08,86400.0,0,0,0.0,1.12,0,0
00000000-0000-0000-0c94-6a17dcffc9e6,usr_00597,1786400146.1287057,66.4,22,0,health,pos_chip,0.08,0.05,0.873,4.56,4.19,86400.0,0,0,0.0,1.23,0,0
00000000-0000-0000-3732-74a572f71f2c,usr_00932,1786400174.6285193,33.36,22,0,health,online,0.08,0.6,0.841,1.16,1.13,86400.0,0,0,0.0,0.5,0,0
00000000-0000-0000-1cdf-64bcf86c6809,usr_00796,1786400198.6053758,41.1,22,0,restaurant,online,0.1,0.6,0.614,6.24,10.09,11557.9,0,0,63.22,0.65,0,0
00000000-0000-0000-1572-0c5470651c5e,usr_00310,1786400243.4691517,33.68,22,0,general_retail,pos_chip,0.15,0.05,0.831,51.95,0.1,13763.5,0,0,86.25,0.39,0,0
00000000-0000-0000-13ff-6b4b1b8c8e11,usr_00942,1786400266.002279,40.31,22,0,grocery,pos_contactless,0.05,0.1,0.628,9.63,4.56,86400.0,0,0,0.0,0.91,0,0
00000000-0000-0000-4ae1-86936cbb5592,usr_00701,1786400283.8799345,11.38,22,0,grocery,pos_chip,0.05,0.05,0.58,27.19,1.05,86400.0,0,0,0.0,0.4,0,0
00000000-0000-0000-6dcb-c8102d9e9984,usr_00012,1786400306.7940383,50.36,22,0,gaming,pos_chip,0.7,0.05,0.786,1.88,2.17,86400.0,0,0,0.0,1.46,0,0
00000000-0000-0000-2fba-925d005a5428,usr_00685,1786400328.5029824,42.61,22,0,general_retail,online,0.15,0.6,0.776,20.51,0.35,86400.0,0,0,0.0,1.72,0,0
00000000-0000-0000-3918-ef7992251cff,usr_00294,1786400335.9005299,92.86,22,0,restaurant,online,0.1,0.6,0.886,5.38,8.19,1509.5,0,1,67.43,4.13,0,0
00000000-0000-0000-3c29-969fba188ea3,usr_00172,1786400336.5125086,30.88,22,0,restaurant,pos_chip,0.1,0.05,0.861,13.35,0.21,19697.6,0,0,25.55,1.21,0,0
00000000-0000-0000-269e-8cd2a2acc217,usr_00108,1786400349.1722107,33.39,22,0,grocery,pos_contactless,0.05,0.1,0.781,24.69,6.03,86400.0,0,0,0.0,0.61,0,0
00000000-0000-0000-11eb-9b4d95ab3787,usr_00298,1786400360.3514297,12.77,22,0,crypto,online,0.9,0.6,0.882,2.68,10.31,86400.0,0,0,0.0,1.11,0,0
00000000-0000-0000-45f4-e48020f06312,usr_00325,1786400509.6270342,61.94,22,0,health,online,0.08,0.6,0.842,11.34,5.45,6457.5,0,0,57.25,2.16,0,0
00000000-0000-0000-36eb-8b5e22a1d07c,usr_00598,1786400530.5457234,57.54,22,0,health,atm,0.08,0.25,0.984,23.11,18.44,86400.0,0,0,0.0,1.5,0,0
00000000-0000-0000-045e-ee631073bc44,usr_00246,1786400552.7142866,10.72,22,0,restaurant,p2p,0.1,0.45,0.575,2.97,1.06,86400.0,0,0,0.0,0.63,0,0
00000000-0000-0000-3921-3c3a61741a1b,usr_00791,1786400579.9415135,3.73,22,0,travel,online,0.4,0.6,0.924,5.98,0.92,86400.0,0,0,0.0,0.24,0,0
00000000-0000-0000-6109-d5ee248aac2c,usr_00709,1786400609.5177922,28.73,22,0,restaurant,p2p,0.1,0.45,0.762,17.82,7.97,13711.7,0,0,53.07,0.54,0,0
00000000-0000-0000-0596-ec6fdb660759,usr_00225,1786400613.910056,48.16,22,0,utilities,pos_contactless,0.04,0.1,0.688,3.3,1.79,12627.0,0,0,50.59,0.95,0,0
00000000-0000-0000-0f99-7b980f16770d,usr_00820,1786400630.1645734,39.95,22,0,restaurant,online,0.1,0.6,0.917,0.87,1.14,5014.1,0,0,57.24,1.4,0,0
00000000-0000-0000-7b20-c539143f4779,usr_00451,1786400632.2465029,19.5,22,0,restaurant,pos_contactless,0.1,0.1,0.812,7.22,0.33,5948.0,0,0,58.45,0.67,0,0
00000000-0000-0000-3bbb-564bbc5f97a8,usr_00684,1786400632.2810266,37.21,22,0,restaurant,pos_contactless,0.1,0.1,0.831,1.36,18.2,86400.0,0,0,0.0,1.46,0,0
00000000-0000-0000-29f3-2d6a1a678e0f,usr_00081,1786400650.4540613,22.61,22,0,grocery,atm,0.05,0.25,0.656,8.02,6.37,86400.0,0,0,0.0,1.02,0,0
00000000-0000-0000-76a5-9ddffe42a354,usr_00648,1786400750.0995774,16.66,22,0,restaurant,pos_contactless,0.1,0.1,0.855,12.72,9.68,5844.3,0,0,89.68,0.37,0,0
00000000-0000-0000-5110-f27fec853cd5,usr_00312,1786400766.1418614,152.21,22,0,restaurant,atm,0.1,0.25,0.988,15.13,6.94,16965.2,0,0,179.8,0.85,0,0
00000000-0000-0000-1695-d4010892206d,usr_00786,1786400767.9819481,62.95,22,0,grocery,online,0.05,0.6,0.664,1.71,2.97,19316.4,0,0,11.1,5.67,0,0
00000000-0000-0000-538a-403f440e6073,usr_00146,1786400776.6336648,23.33,22,0,grocery,pos_contactless,0.05,0.1,0.831,24.05,0.82,19436.0,0,0,19.26,1.21,0,0
00000000-0000-0000-57ea-ae52e8158508,usr_00469,1786400781.7164967,20.53,22,0,general_retail,pos_chip,0.15,0.05,0.841,34.47,16.71,86400.0,0,0,0.0,1.1,0,0
00000000-0000-0000-46fe-b13124b1df01,usr_00621,1786400814.0408192,39.28,22,0,grocery,pos_contactless,0.05,0.1,0.929,33.99,8.46,8808.2,0,0,19.42,2.02,0,0
00000000-0000-0000-477f-4d682188e4cd,usr_00145,1786400823.62013,25.22,22,0,grocery,pos_chip,0.05,0.05,0.817,73.49,11.92,17676.9,0,0,23.66,1.07,0,0
00000000-0000-0000-35a2-aa62b480b1a0,usr_00374,1786400849.5921772,123.62,22,0,utilities,online,0.04,0.6,0.806,16.72,6.32,86400.0,0,0,0.0,2.68,0,0
00000000-0000-0000-2c2f-58187aea6b4a,usr_00425,1786400863.4207242,36.5,22,0,utilities,online,0.04,0.6,0.605,0.73,4.33,86400.0,0,0,0.0,1.37,0,0
00000000-0000-0000-36b6-d757b2f0788d,usr_00811,1786400889.2198052,29.99,22,0,gaming,online,0.7,0.6,0.798,14.56,1.69,6119.1,0,0,20.9,1.43,0,0
00000000-0000-0000-75e8-bc702de836a1,usr_00320,1786400913.1689157,67.89,22,0,general_retail,pos_chip,0.15,0.05,0.668,3.24,13.73,86400.0,0,0,0.0,1.28,1,0
00000000-0000-0000-29c8-88d55d78effd,usr_00634,1786400968.1622827,48.0,22,0,utilities,online,0.04,0.6,0.825,16.56,12.9,86400.0,0,0,0.0,1.75,0,0
00000000-0000-0000-7dce-344d16b75b65,usr_00074,1786400977.3682659,56.7,22,0,grocery,pos_chip,0.05,0.05,0.696,29.7,0.83,10773.2,0,0,23.71,2.39,0,0
00000000-0000-0000-154c-285e4381e0c0,usr_00403,1786400988.0167384,25.82,22,0,general_retail,online,0.15,0.6,0.768,15.2,2.79,13757.2,0,0,44.11,1.17,0,0
00000000-0000-0000-755f-70a420ad998b,usr_00735,1786401004.2179928,54.67,22,0,grocery,online,0.05,0.6,0.919,3.51,7.02,16965.8,0,0,54.14,1.01,0,0
00000000-0000-0000-2c43-b7454ab626ec,usr_00273,1786401022.7794569,162.17,22,0,restaurant,pos_chip,0.1,0.05,0.775,21.64,0.02,16518.4,0,0,93.32,1.74,0,0
00000000-0000-0000-5976-e21bbbc7a4e8,usr_00562,1786401028.568524,41.24,22,0,grocery,online,0.05,0.6,0.546,7.03,0.44,86400.0,0,0,0.0,1.21,0,0
00000000-0000-0000-5d7a-849071ba69d5,usr_00105,1786401048.65418,24.72,22,0,utilities,pos_contactless,0.04,0.1,0.969,18.47,20.97,1462.2,0,1,71.19,0.69,0,0
00000000-0000-0000-317c-fe7be7f2e952,usr_00588,1786401081.9811296,29.48,22,0,grocery,pos_chip,0.05,0.05,0.785,1.9,1.0,9879.9,0,0,32.43,0.91,0,0
00000000-0000-0000-6763-7a75a96492bb,usr_00006,1786401089.4903924,52.27,22,0,grocery,online,0.05,0.6,0.963,8.39,0.67,86400.0,0,0,0.0,1.46,0,0
00000000-0000-0000-34be-1cbd80c188f8,usr_00427,1786401143.238409,53.03,22,0,utilities,pos_chip,0.04,0.05,0.783,3.35,0.71,6334.8,0,0,74.56,0.71,0,0
00000000-0000-0000-62f3-efcac37e6bd3,usr_00811,1786401187.8302298,26.15,22,0,electronics,pos_chip,0.65,0.05,0.615,3.34,3.37,298.6,1,1,50.89,1.03,0,0
00000000-0000-0000-11b2-50e5d866a336,usr_00628,1786401229.1235902,8.42,22,0,restaurant,p2p,0.1,0.45,0.947,4.46,5.01,14635.3,0,0,42.53,0.2,0,0
00000000-0000-0000-6d11-cad0f4a33964,usr_00278,1786401263.9688766,116.46,22,0,electronics,pos_contactless,0.65,0.1,0.957,26.33,0.08,86400.0,0,0,0.0,1.72,0,0
00000000-0000-0000-094b-8a5404ffe029,usr_00619,1786401290.619339,46.09,22,0,electronics,pos_chip,0.65,0.05,0.69,13.86,6.29,20559.1,0,0,207.13,0.22,0,0
00000000-0000-0000-4842-b18b07e868f0,usr_00870,1786401307.2087386,53.5,22,0,utilities,pos_contactless,0.04,0.1,0.762,0.16,3.53,86400.0,0,0,0.0,1.37,0,0
00000000-0000-0000-4462-b2d4324baf32,usr_00280,1786401334.7097673,43.91,22,0,utilities,pos_chip,0.04,0.05,0.818,2.95,3.33,86400.0,0,0,0.0,0.99,0,0
00000000-0000-0000-2dfb-1648a256fc27,usr_00175,1786401382.7329605,16.71,22,0,travel,online,0.4,0.6,0.582,32.95,2.03,86400.0,0,0,0.0,0.45,0,0
00000000-0000-0000-4980-4099fee6255d,usr_00129,1786401396.9811218,25.39,22,0,health,online,0.08,0.6,0.742,4.22,0.2,86400.0,0,0,0.0,1.34,0,0
00000000-0000-0000-0001-654731ccbef7,usr_00064,1786401401.549794,54.29,22,0,grocery,pos_chip,0.05,0.05,0.866,33.59,4.84,86400.0,0,0,0.0,1.07,0,0
00000000-0000-0000-52ea-cad9c620d446,usr_00448,1786401480.2456737,78.5,22,0,health,pos_contactless,0.08,0.1,0.883,3.51,1.02,86400.0,0,0,0.0,1.21,0,0
00000000-0000-0000-667a-d9784a9f4907,usr_00850,1786401545.220352,24.9,22,0,restaurant,pos_chip,0.1,0.05,0.909,0.82,0.16,18869.4,0,0,13.91,1.79,0,0
00000000-0000-0000-72a8-a47cb4ec8a45,usr_00710,1786401556.458905,33.77,22,0,utilities,atm,0.04,0.25,0.803,9.37,3.8,5494.6,0,0,19.33,1.75,0,0
00000000-0000-0000-5e7a-c8f22cee83d4,usr_00956,1786401568.9727035,47.59,22,0,grocery,pos_chip,0.05,0.05,0.742,10.88,10.83,19478.7,0,0,15.06,3.16,0,0
00000000-0000-0000-70f9-e4a36e3ffdfc,usr_00609,1786401608.2589097,40.29,22,0,restaurant,p2p,0.1,0.45,0.897,0.67,8.19,86400.0,0,0,0.0,0.88,0,0
00000000-0000-0000-35b8-fc75649c750a,usr_00667,1786401622.9241276,56.3,22,0,grocery,online,0.05,0.6,0.916,6.0,8.18,9833.6,0,0,41.04,1.37,0,0
00000000-0000-0000-019b-75b2fa141c1e,usr_00670,1786401638.0486119,36.26,22,0,restaurant,atm,0.1,0.25,0.967,5.48,7.43,86400.0,0,0,0.0,0.68,0,0
00000000-0000-0000-461c-7c7127f87eaa,usr_00304,1786401657.7924871,43.09,22,0,general_retail,online,0.15,0.6,0.716,19.13,2.29,86400.0,0,0,0.0,1.35,0,0
00000000-0000-0000-00fb-0ab36cd19508,usr_00514,1786401664.5837784,18.21,22,0,grocery,pos_chip,0.05,0.05,0.894,4.71,9.78,86400.0,0,0,0.0,0.34,0,0
00000000-0000-0000-6b8c-4955de626673,usr_00474,1786401685.3800683,71.18,22,0,grocery,pos_contactless,0.05,0.1,0.735,5.75,3.93,86400.0,0,0,0.0,1.48,0,0
00000000-0000-0000-1645-3dd46f4e0bb9,usr_00362,1786401691.4920595,45.24,22,0,grocery,pos_contactless,0.05,0.1,0.715,6.37,2.25,7854.8,0,0,42.31,1.07,0,0
00000000-0000-0000-0b2d-1174ce1598cd,usr_00843,1786401702.6637912,15.98,22,0,general_retail,pos_chip,0.15,0.05,0.581,8.25,4.02,86400.0,0,0,0.0,0.51,0,0
00000000-0000-0000-33c4-1f3176847bd4,usr_00131,1786401711.2853732,19.34,22,0,electronics,pos_chip,0.65,0.05,0.716,13.95,8.58,86400.0,0,0,0.0,1.33,0,0
00000000-0000-0000-6d4d-11eb3ed79bc4,usr_00168,1786401713.311878,20.19,22,0,general_retail,online,0.15,0.6,0.763,18.36,2.22,86400.0,0,0,0.0,0.67,0,0
00000000-0000-0000-542f-d41609131bf2,usr_00853,1786401765.7869759,73.39,22,0,crypto,online,0.9,0.6,0.715,12.39,13.22,2863.6,0,1,53.61,2.74,0,0
00000000-0000-0000-38cd-ba296a9203cf,usr_00046,1786401775.7878287,55.28,22,0,grocery,pos_chip,0.05,0.05,0.699,13.65,1.25,86400.0,0,0,0.0,0.99,0,0
00000000-0000-0000-2882-bdfb81732824,usr_00115,1786401785.0208406,29.83,22,0,crypto,pos_chip,0.9,0.05,0.716,3.11,4.36,86400.0,0,0,0.0,1.24,0,0
00000000-0000-0000-0dcf-490ad67ec679,usr_00568,1786401950.1228092,44.03,22,0,utilities,online,0.04,0.6,0.646,39.33,2.92,86400.0,0,0,0.0,0.96,0,0
00000000-0000-0000-3fcc-fe8404f66853,usr_00280,1786401972.7400916,60.63,22,0,restaurant,atm,0.1,0.25,0.842,2.9,1.68,638.0,0,1,43.91,1.38,0,0
00000000-0000-0000-1f04-0ce42a9bab2b,usr_00743,1786401974.0965643,15.84,22,0,jewelry,online,0.8,0.6,0.833,13.34,2.39,19996.1,0,0,18.82,1.68,1,0
00000000-0000-0000-6f0c-e0754b6416d3,usr_00090,1786401988.3242626,55.03,22,0,gaming,pos_chip,0.7,0.05,0.778,12.41,10.69,86400.0,0,0,0.0,1.11,0,0
00000000-0000-0000-5a67-57c0d89db85b,usr_00843,1786401998.8397844,36.48,22,0,grocery,online,0.05,0.6,0.9,29.13,0.83,296.2,1,1,15.98,2.28,0,0
00000000-0000-0000-20e3-512bf7f8cc66,usr_00589,1786402015.2911339,60.58,22,0,grocery,p2p,0.05,0.45,0.66,1.62,6.17,9345.8,0,0,147.97,0.82,0,0
00000000-0000-0000-0555-d029d50d36aa,usr_00071,1786402020.559148,31.36,22,0,travel,pos_contactless,0.4,0.1,0.909,11.87,4.94,86400.0,0,0,0.0,1.87,0,0
00000000-0000-0000-64d1-6a66d39b59b3,usr_00984,1786402025.3420146,49.37,22,0,grocery,online,0.05,0.6,0.921,14.79,5.91,86400.0,0,0,0.0,1.19,0,0
00000000-0000-0000-4c01-36ca4666d05b,usr_00008,1786402027.758606,42.73,22,0,grocery,p2p,0.05,0.45,0.715,25.32,2.51,14004.7,0,0,24.33,1.76,0,0
00000000-0000-0000-0bd9-c97667d6b920,usr_00234,1786402060.0858102,8.86,22,0,crypto,online,0.9,0.6,0.681,17.48,6.61,11224.5,0,0,11.33,0.78,0,0
00000000-0000-0000-7b25-f8a01c3acd79,usr_00108,1786402060.8258395,41.75,22,0,utilities,pos_chip,0.04,0.05,0.813,4.0,5.19,1711.7,0,1,33.39,1.25,0,0
00000000-0000-0000-46a9-0032f3bf7afc,usr_00524,1786402099.562868,127.09,22,0,general_retail,online,0.15,0.6,0.889,36.43,8.9,86400.0,0,0,0.0,1.65,0,0
00000000-0000-0000-3d75-98a9767e9ef6,usr_00660,1786402103.9601169,7.96,22,0,electronics,pos_chip,0.65,0.05,0.725,1.89,7.26,9779.4,0,0,43.65,0.36,0,0
00000000-0000-0000-2bf0-f549bda99eee,usr_00926,1786402140.2674959,50.41,22,0,utilities,pos_contactless,0.04,0.1,0.794,4.33,7.67,86400.0,0,0,0.0,1.69,0,0
00000000-0000-0000-24e7-63d79811ab7d,usr_00130,1786402172.460105,14.96,22,0,travel,pos_contactless,0.4,0.1,0.723,23.37,11.98,7463.8,0,0,141.57,0.32,0,0
00000000-0000-0000-76f8-43d58560fe49,usr_00613,1786402200.2042077,67.87,22,0,health,online,0.08,0.6,0.73,19.87,1.35,2128.7,0,1,86.48,0.78,0,0
00000000-0000-0000-21cf-32e91aed6b47,usr_00671,1786402201.1857107,28.29,22,0,grocery,pos_chip,0.05,0.05,0.797,18.58,2.79,17327.4,0,0,55.4,0.51,0,0
00000000-0000-0000-1710-bb7a69c790e0,usr_00089,1786402212.1597378,28.04,22,0,jewelry,atm,0.8,0.25,0.623,24.08,0.14,86400.0,0,0,0.0,0.65,0,0
00000000-0000-0000-1f5d-3e54a809186c,usr_00129,1786402238.8795857,10.35,22,0,gaming,pos_contactless,0.7,0.1,0.838,3.41,3.41,841.9,0,1,25.39,0.41,0,0
00000000-0000-0000-08c5-f6f03eee469d,usr_00915,1786402239.4125943,176.56,22,0,travel,online,0.4,0.6,0.938,3.49,0.87,86400.0,0,0,0.0,2.66,0,0
00000000-0000-0000-7997-ffc068db2448,usr_00625,1786402248.911156,14.09,22,0,restaurant,pos_contactless,0.1,0.1,0.81,20.94,8.07,86400.0,0,0,0.0,0.59,0,0
00000000-0000-0000-129e-3a6bedac3006,usr_00363,1786402261.8204288,20.21,22,0,general_retail,p2p,0.15,0.45,0.878,3.77,1.45,3505.0,0,1,54.72,0.74,0,0
00000000-0000-0000-2ce1-6c8852f8d1fb,usr_00805,1786402314.3730285,32.01,22,0,crypto,pos_chip,0.9,0.05,0.903,26.72,14.65,5887.1,0,0,98.17,0.65,0,0
00000000-0000-0000-59ce-6595cdc71750,usr_00960,1786402321.071305,90.83,22,0,crypto,pos_chip,0.9,0.05,0.706,0.49,9.06,17212.2,0,0,188.9,0.96,0,0
00000000-0000-0000-4b89-44409d05fef6,usr_00496,1786402326.5917172,8.07,22,0,restaurant,atm,0.1,0.25,0.774,0.8,1.74,7200.5,0,0,9.67,0.83,0,0
00000000-0000-0000-2b73-9743803e0631,usr_00146,1786402412.0844755,53.94,22,0,crypto,pos_contactless,0.9,0.1,0.737,10.39,8.95,1635.5,0,1,42.59,2.53,0,0
00000000-0000-0000-09c3-659c6be7db58,usr_00437,1786402423.5118413,15.25,22,0,utilities,pos_chip,0.04,0.05,0.63,5.24,0.66,86400.0,0,0,0.0,0.87,0,0
00000000-0000-0000-07c2-d593183e0784,usr_00908,1786402434.993414,42.1,22,0,electronics,p2p,0.65,0.45,0.81,1.17,0.63,11010.6,0,0,41.05,2.05,0,0
00000000-0000-0000-5205-9a6ae1c803e6,usr_00080,1786402471.03369,184.97,22,0,grocery,pos_chip,0.05,0.05,0.907,22.73,0.15,86400.0,0,0,0.0,4.25,0,0
00000000-0000-0000-6883-4a59bb446daa,usr_00938,1786402501.7498634,65.2,22,0,general_retail,pos_chip,0.15,0.05,0.851,5.17,3.45,17241.1,0,0,70.84,0.92,0,0
00000000-0000-0000-57da-121442b8ddf0,usr_00073,1786402516.2776248,23.52,22,0,grocery,pos_contactless,0.05,0.1,0.77,1.19,5.6,86400.0,0,0,0.0,0.53,0,0
00000000-0000-0000-3cc7-dbf0f7654270,usr_00721,1786402540.3968012,39.93,22,0,electronics,online,0.65,0.6,0.725,38.41,2.99,8366.8,0,0,108.2,0.74,0,0
00000000-0000-0000-52ee-08da094c2b70,usr_00629,1786402550.5742238,5.34,22,0,general_retail,online,0.15,0.6,0.663,0.85,0.9,86400.0,0,0,0.0,0.69,0,0
00000000-0000-0000-3f07-c8438f1c0138,usr_00710,1786402580.4388764,15.13,22,0,restaurant,pos_chip,0.1,0.05,0.65,14.26,0.84,1024.0,0,1,53.1,0.57,0,0
00000000-0000-0000-5beb-e45af5c5620b,usr_00625,1786402584.2155528,43.82,22,0,health,online,0.08,0.6,0.948,18.6,1.69,335.3,0,1,14.09,3.11,0,0
00000000-0000-0000-5479-ac03fa12e7fc,usr_00928,1786402587.9978213,21.91,22,0,travel,pos_chip,0.4,0.05,0.9,2.04,14.38,86400.0,0,0,0.0,0.76,0,0
00000000-0000-0000-54d8-0f3e7ac17695,usr_00814,1786402599.0057507,21.64,22,0,general_retail,pos_chip,0.15,0.05,0.97,13.61,1.59,86400.0,0,0,0.0,0.95,0,0
00000000-0000-0000-402f-642966f7dcaa,usr_00407,1786402599.4534602,36.81,22,0,grocery,online,0.05,0.6,0.902,18.36,8.36,15486.8,0,0,81.38,0.9,0,0
00000000-0000-0000-568f-64db0dec4ab0,usr_00143,1786402605.9894092,37.67,22,0,grocery,online,0.05,0.6,0.791,54.91,8.91,9285.6,0,0,41.61,0.91,0,0
00000000-0000-0000-2581-36479ee0671b,usr_00857,1786402624.5601523,59.98,22,0,grocery,online,0.05,0.6,0.671,6.9,3.4,86400.0,0,0,0.0,1.4,0,0
00000000-0000-0000-7de5-db2c3c7c5426,usr_00564,1786402635.2324955,62.44,22,0,restaurant,pos_chip,0.1,0.05,0.764,5.58,4.31,86400.0,0,0,0.0,1.1,0,0
00000000-0000-0000-5f0a-ea1fe959b92b,usr_00664,1786402638.9207735,62.42,22,0,restaurant,online,0.1,0.6,0.7,12.8,8.12,86400.0,0,0,0.0,1.98,0,0
00000000-0000-0000-501b-0d4934383068,usr_00379,1786402794.8874102,25.1,22,0,general_retail,pos_contactless,0.15,0.1,0.709,1.8,1.37,86400.0,0,0,0.0,1.0,0,0
00000000-0000-0000-5231-90fdef1a750b,usr_00332,1786402843.904355,42.45,23,0,grocery,pos_chip,0.05,0.05,0.781,37.88,0.64,16332.1,0,0,59.5,1.43,0,0
00000000-0000-0000-22bc-2df9b4c30451,usr_00501,1786402851.4099393,66.68,23,0,restaurant,atm,0.1,0.25,0.71,0.8,0.6,86400.0,0,0,0.0,1.18,0,0
00000000-0000-0000-4a3a-6e21224bf7b5,usr_00020,1786402897.4089477,40.66,23,0,travel,pos_chip,0.4,0.05,0.744,14.64,1.38,86400.0,0,0,0.0,1.37,0,0
00000000-0000-0000-3751-5a7340b0bdaa,usr_00472,1786402961.780936,38.02,23,0,restaurant,pos_contactless,0.1,0.1,0.687,0.24,7.41,19874.8,0,0,14.52,2.62,0,0
00000000-0000-0000-0668-b7b64c9cfafd,usr_00756,1786402996.5678835,22.9,23,0,electronics,pos_contactless,0.65,0.1,0.954,16.99,7.95,12623.5,0,0,17.87,1.28,0,0
00000000-0000-0000-0a00-cd5cb1db88de,usr_00054,1786402997.9816213,26.91,23,0,health,pos_chip,0.08,0.05,0.797,0.14,2.91,86400.0,0,0,0.0,1.08,0,0
00000000-0000-0000-6c56-daa2739fe3f3,usr_00480,1786403018.856734,45.44,23,0,restaurant,online,0.1,0.6,0.941,1.97,5.89,11581.3,0,0,95.55,0.48,0,0
00000000-0000-0000-2822-e1c366c8f8ce,usr_00198,1786403037.2886744,23.21,23,0,utilities,online,0.04,0.6,0.697,19.15,10.8,15836.4,0,0,13.42,1.73,0,0
00000000-0000-0000-2501-f1faf6ed88a2,usr_00805,1786403056.4581342,78.86,23,0,electronics,pos_contactless,0.65,0.1,0.793,4.84,9.64,742.1,0,1,130.18,1.82,0,0
00000000-0000-0000-5a4c-05366449517f,usr_00223,1786403059.4469137,25.7,23,0,grocery,pos_chip,0.05,0.05,0.698,0.16,4.52,86400.0,0,0,0.0,1.49,0,0
00000000-0000-0000-47a0-6196ac439787,usr_00444,1786403090.8633475,35.01,23,0,utilities,online,0.04,0.6,0.788,9.62,5.2,86400.0,0,0,0.0,1.3,0,0
00000000-0000-0000-7d1c-67b3dcfadc76,usr_00067,1786403144.240451,43.0,23,0,health,pos_contactless,0.08,0.1,0.69,17.1,5.97,86400.0,0,0,0.0,1.71,0,0
00000000-0000-0000-1aaa-a5aac5952d45,usr_00102,1786403146.4026499,16.68,23,0,travel,pos_chip,0.4,0.05,0.554,22.3,1.47,86400.0,0,0,0.0,0.62,0,0
00000000-0000-0000-2c99-68b28adcca4d,usr_00544,1786403154.3202055,24.91,23,0,jewelry,pos_contactless,0.8,0.1,0.886,21.87,1.92,86400.0,0,0,0.0,0.88,0,0
00000000-0000-0000-2d8b-59501bcb5276,usr_00560,1786403154.612145,49.8,23,0,health,pos_contactless,0.08,0.1,0.9,0.66,2.98,86400.0,0,0,0.0,1.57,0,0
00000000-0000-0000-43b3-d8226aa7364a,usr_00267,1786403198.0782542,22.56,23,0,utilities,p2p,0.04,0.45,0.87,3.06,0.59,86400.0,0,0,0.0,0.55,0,0
00000000-0000-0000-1ef3-de5b26a213df,usr_00630,1786403318.3613224,55.31,23,0,grocery,pos_contactless,0.05,0.1,0.917,33.22,4.29,86400.0,0,0,0.0,0.64,0,0
00000000-0000-0000-2c8c-64802f891463,usr_00167,1786403318.864593,32.06,23,0,grocery,atm,0.05,0.25,0.666,5.39,1.97,6101.2,0,0,77.64,0.41,0,0
00000000-0000-0000-1408-0d1e46fad2f7,usr_00457,1786403376.0411189,26.82,23,0,grocery,pos_contactless,0.05,0.1,0.716,1.22,1.69,4895.2,0,0,9.28,2.89,0,0
00000000-0000-0000-0e56-321b825e8b5a,usr_00973,1786403390.767717,54.42,23,0,grocery,pos_contactless,0.05,0.1,0.831,20.59,3.7,14524.2,0,0,69.56,0.78,0,0
00000000-0000-0000-03dc-26830bf98ee2,usr_00162,1786403463.0985262,152.27,23,0,electronics,pos_contactless,0.65,0.1,0.82,2.19,5.94,86400.0,0,0,0.0,1.28,0,0
00000000-0000-0000-4e08-27ae0798c002,usr_00820,1786403557.0976734,39.94,23,0,restaurant,atm,0.1,0.25,0.726,3.35,0.18,2926.9,0,1,97.19,1.23,0,0
00000000-0000-0000-4f47-b35f2e58e6e7,usr_00104,1786403597.6250703,17.86,23,0,jewelry,atm,0.8,0.25,0.917,4.42,1.75,8771.2,0,0,23.44,1.52,0,0
00000000-0000-0000-75a3-c18efd258e7a,usr_00132,1786403600.987625,90.73,23,0,grocery,pos_contactless,0.05,0.1,0.939,3.02,8.2,22982.7,0,0,72.76,1.25,0,0
00000000-0000-0000-339f-e6b7e5f2b1b1,usr_00276,1786403620.9411495,30.78,23,0,gaming,online,0.7,0.6,0.585,5.94,3.58,86400.0,0,0,0.0,1.47,0,0
00000000-0000-0000-20d7-0900c39d66e6,usr_00200,1786403625.6650636,32.67,23,0,utilities,pos_chip,0.04,0.05,0.655,0.27,4.68,86400.0,0,0,0.0,0.81,0,0
00000000-0000-0000-2b55-d97b531ddbfc,usr_00690,1786403743.9575868,27.63,23,0,travel,online,0.4,0.6,0.857,0.45,7.24,86400.0,0,0,0.0,0.69,0,0
00000000-0000-0000-0ef6-19e1c7728b02,usr_00512,1786403759.9819765,18.28,23,0,grocery,online,0.05,0.6,0.571,5.27,10.05,14662.6,0,0,90.37,0.61,0,0
00000000-0000-0000-455c-b1d1251a8ca9,usr_00491,1786403766.3198137,20.66,23,0,general_retail,atm,0.15,0.25,0.609,11.34,2.82,17667.8,0,0,52.07,0.4,0,0
00000000-0000-0000-20e4-3dcdb22476ca,usr_00714,1786403775.241639,58.41,23,0,restaurant,pos_chip,0.1,0.05,0.808,27.09,2.22,86400.0,0,0,0.0,2.0,0,0
00000000-0000-0000-1d5c-414949f68919,usr_00517,1786403859.570559,16.65,23,0,restaurant,pos_contactless,0.1,0.1,0.849,3.16,4.89,14230.8,0,0,10.77,1.55,0,0
00000000-0000-0000-3f75-9a19f46eab75,usr_00822,1786403862.4515564,8.24,23,0,utilities,online,0.04,0.6,0.842,11.12,3.46,11382.4,0,0,8.87,0.93,0,0
00000000-0000-0000-0a86-ad265aad468c,usr_00413,1786403895.2719278,29.1,23,0,utilities,pos_chip,0.04,0.05,0.97,5.56,0.63,86400.0,0,0,0.0,0.56,0,0
00000000-0000-0000-4f13-cc34676f60d8,usr_00908,1786403950.5631957,27.01,23,0,electronics,pos_chip,0.65,0.05,0.8,2.53,4.11,1515.6,0,1,83.15,0.97,0,0
00000000-0000-0000-49b1-8ff7ace503b8,usr_00732,1786403963.5515792,37.86,23,0,grocery,pos_chip,0.05,0.05,0.989,5.7,6.97,4605.3,0,0,118.04,0.64,0,0
00000000-0000-0000-474f-b53036e5554e,usr_00611,1786403990.8641665,49.77,23,0,grocery,pos_chip,0.05,0.05,0.534,15.11,2.56,86400.0,0,0,0.0,1.31,0,0
00000000-0000-0000-3377-1a0e2156bd6b,usr_00895,1786404011.1976905,78.65,23,0,restaurant,online,0.1,0.6,0.811,2.15,3.16,86400.0,0,0,0.0,1.27,0,0
00000000-0000-0000-1aa6-0f162b70131a,usr_00209,1786404026.4820457,21.27,23,0,utilities,pos_chip,0.04,0.05,0.769,0.79,3.61,4885.4,0,0,115.25,0.37,0,0
00000000-0000-0000-1236-933677a82947,usr_00528,1786404039.3000395,17.82,23,0,grocery,online,0.05,0.6,0.696,9.81,1.17,11026.6,0,0,110.55,0.16,0,0
00000000-0000-0000-6b5f-ef23e074b66c,usr_00889,1786404041.052354,20.94,23,0,electronics,online,0.65,0.6,0.754,6.86,15.88,86400.0,0,0,0.0,1.76,0,0
00000000-0000-0000-3f7c-536916919006,usr_00946,1786404049.5716476,24.55,23,0,restaurant,online,0.1,0.6,0.617,0.08,0.99,86400.0,0,0,0.0,0.61,0,0
00000000-0000-0000-744a-5f7928e478bb,usr_00012,1786404054.4333017,21.01,23,0,grocery,atm,0.05,0.25,0.917,4.7,2.29,3747.6,0,0,50.36,0.42,0,0
00000000-0000-0000-7448-4813b49f1275,usr_00250,1786404069.588026,33.39,23,0,gaming,pos_contactless,0.7,0.1,0.887,22.24,4.16,86400.0,0,0,0.0,1.26,0,0
00000000-0000-0000-4f75-3203eb20e479,usr_00994,1786404104.6741405,20.14,23,0,restaurant,pos_chip,0.1,0.05,0.851,18.2,5.12,8559.2,0,0,39.77,0.51,0,0
00000000-0000-0000-5e8a-6b5d01ff471e,usr_00691,1786404111.4960513,25.91,23,0,restaurant,pos_chip,0.1,0.05,0.899,21.86,3.89,17109.8,0,0,37.92,0.68,0,0
00000000-0000-0000-4ac5-1a5395e57fea,usr_00591,1786404119.762366,47.11,23,0,grocery,online,0.05,0.6,0.819,2.59,2.97,5011.2,0,0,41.35,1.14,0,0
00000000-0000-0000-220d-91210f3ca6cd,usr_00931,1786404129.5804203,52.79,23,0,grocery,pos_chip,0.05,0.05,0.826,17.29,13.88,9492.7,0,0,160.83,0.66,0,0
00000000-0000-0000-6531-27c7fba6fab3,usr_00998,1786404168.7463074,16.68,23,0,restaurant,online,0.1,0.6,0.932,18.56,1.79,86400.0,0,0,0.0,0.47,0,0
00000000-0000-0000-778a-d6de41a15520,usr_00960,1786404218.5950334,110.34,23,0,travel,pos_chip,0.4,0.05,0.823,13.3,0.93,1897.5,0,1,279.73,1.18,0,0
00000000-0000-0000-5ced-cebad9d46b8f,usr_00806,1786404222.3349507,87.81,23,0,health,online,0.08,0.6,0.927,8.2,12.06,86400.0,0,0,0.0,2.87,0,0
00000000-0000-0000-427c-41a07cbd2e69,usr_00084,1786404280.7871034,10.63,23,0,utilities,online,0.04,0.6,0.974,29.39,0.24,86400.0,0,0,0.0,0.66,0,0
00000000-0000-0000-1808-5dce40470069,usr_00370,1786404319.1944177,22.04,23,0,grocery,pos_contactless,0.05,0.1,0.9,17.6,9.9,86400.0,0,0,0.0,0.66,0,0
00000000-0000-0000-6034-e26bb268d656,usr_00583,1786404321.5908473,12.39,23,0,travel,p2p,0.4,0.45,0.846,6.62,6.29,22861.7,0,0,21.1,0.59,0,0
00000000-0000-0000-7a6a-f5496f61b7be,usr_00341,1786404349.2442837,32.45,23,0,gaming,pos_contactless,0.7,0.1,0.881,3.84,3.9,86400.0,0,0,0.0,0.82,0,0
00000000-0000-0000-5d0b-e90433e0540d,usr_00106,1786404371.6340182,21.62,23,0,general_retail,pos_contactless,0.15,0.1,0.735,6.2,1.61,86400.0,0,0,0.0,1.15,0,0
00000000-0000-0000-6e43-abb8e80e7adc,usr_00635,1786404390.2283025,31.96,23,0,general_retail,pos_chip,0.15,0.05,0.702,33.76,2.43,86400.0,0,0,0.0,1.15,0,0
00000000-0000-0000-6230-d37595a50521,usr_00303,1786404392.2567265,15.17,23,0,restaurant,online,0.1,0.6,0.873,11.73,2.16,21625.3,0,0,22.09,0.69,0,0
00000000-0000-0000-5bb7-d777a3ddf3e9,usr_00671,1786404418.3498268,36.28,23,0,grocery,pos_contactless,0.05,0.1,0.715,11.87,7.2,2217.2,0,1,83.69,0.87,0,0
00000000-0000-0000-096a-0312c65131de,usr_00641,1786404437.7949693,75.39,23,0,general_retail,pos_contactless,0.15,0.1,0.764,4.14,0.43,10547.8,0,0,208.55,0.72,0,0
00000000-0000-0000-211a-a91869489f39,usr_00932,1786404445.64128,28.42,23,0,utilities,pos_contactless,0.04,0.1,0.925,3.53,8.72,4271.0,0,0,33.36,0.85,0,0
00000000-0000-0000-09f9-4b067b6ceb9f,usr_00983,1786404460.5114195,48.95,23,0,restaurant,pos_chip,0.1,0.05,0.812,2.74,12.48,11596.0,0,0,109.03,0.9,1,0
00000000-0000-0000-2100-0eb97f3d05dd,usr_00491,1786404497.246674,33.48,23,0,grocery,online,0.05,0.6,0.79,2.09,9.88,730.9,0,1,72.73,0.92,0,0
00000000-0000-0000-77de-2e346ae70b91,usr_00878,1786404498.4237137,49.12,23,0,general_retail,online,0.15,0.6,0.819,0.55,8.79,8562.9,0,0,38.2,1.29,0,0
00000000-0000-0000-0224-ce7808020b58,usr_00861,1786404512.102609,15.59,23,0,utilities,online,0.04,0.6,0.951,7.83,1.94,11784.5,0,0,40.5,1.15,0,0
00000000-0000-0000-043a-7020ce0e4d77,usr_00394,1786404558.0758646,61.99,23,0,general_retail,online,0.15,0.6,0.787,1.83,1.87,86400.0,0,0,0.0,1.23,0,0
00000000-0000-0000-7bc6-bc201ec73ede,usr_00249,1786404572.0940285,13.39,23,0,grocery,online,0.05,0.6,0.839,20.09,10.4,14421.9,0,0,59.22,0.45,0,0
00000000-0000-0000-5572-13584efdc767,usr_00327,1786404621.0503905,33.06,23,0,restaurant,online,0.1,0.6,0.862,1.91,1.47,6278.1,0,0,83.28,0.4,0,0
00000000-0000-0000-1f39-34ec96870e8d,usr_00670,1786404625.5278409,93.62,23,0,grocery,online,0.05,0.6,0.867,1.96,12.0,2987.5,0,1,36.26,2.58,0,0
00000000-0000-0000-7610-34d42354c670,usr_00597,1786404662.410448,47.68,23,0,restaurant,online,0.1,0.6,0.696,2.85,2.46,4516.3,0,0,66.4,0.72,0,0
00000000-0000-0000-449e-ed9a76c4e571,usr_00367,1786404731.837906,21.02,23,0,health,atm,0.08,0.25,0.9,10.67,3.73,6558.9,0,0,44.97,0.93,0,0
00000000-0000-0000-0d47-52f7f36b6f37,usr_00022,1786404735.656175,73.85,23,0,restaurant,online,0.1,0.6,0.713,15.41,7.26,86400.0,0,0,0.0,1.07,0,0
00000000-0000-0000-1989-9bbc76f0366d,usr_00463,1786404779.7427669,22.11,23,0,jewelry,pos_chip,0.8,0.05,0.933,27.51,1.37,86400.0,0,0,0.0,2.32,0,0
00000000-0000-0000-5134-beb7342f9672,usr_00690,1786404787.3133683,36.43,23,0,health,online,0.08,0.6,0.866,10.22,19.88,1043.4,0,1,27.63,1.32,0,0
00000000-0000-0000-5f20-ff7b8385d458,usr_00742,1786404790.3731403,9.36,23,0,general_retail,online,0.15,0.6,0.866,16.85,6.77,86400.0,0,0,0.0,0.52,0,0
00000000-0000-0000-1ce3-7c74fcccf774,usr_00087,1786404792.9562893,27.33,23,0,grocery,online,0.05,0.6,0.901,0.85,1.2,86400.0,0,0,0.0,0.82,0,0
00000000-0000-0000-165c-e4604e444fb6,usr_00383,1786404805.9358985,15.12,23,0,utilities,pos_chip,0.04,0.05,0.792,19.99,8.32,21357.8,0,0,22.99,0.66,0,0
00000000-0000-0000-20c1-ecce1c37d1b5,usr_00036,1786404806.300469,18.53,23,0,gaming,pos_chip,0.7,0.05,0.979,6.78,0.55,13874.8,0,0,32.2,0.58,0,0
00000000-0000-0000-0e53-38fb9689a207,usr_00369,1786404813.3361099,45.94,23,0,grocery,online,0.05,0.6,0.907,3.92,0.72,86400.0,0,0,0.0,0.84,0,0
00000000-0000-0000-5584-ed467597d95c,usr_00251,1786404826.3871298,22.66,23,0,electronics,online,0.65,0.6,0.796,1.59,4.46,86400.0,0,0,0.0,0.56,0,0
00000000-0000-0000-321a-dd4861288ef2,usr_00969,1786404841.0414462,70.13,23,0,health,online,0.08,0.6,0.959,5.65,5.83,86400.0,0,0,0.0,2.07,0,0
00000000-0000-0000-06ba-cfe41c9b3cab,usr_00255,1786404846.8330822,36.82,23,0,electronics,pos_chip,0.65,0.05,0.728,23.26,2.31,86400.0,0,0,0.0,0.7,0,0
00000000-0000-0000-3a45-af8cd9a7b7d2,usr_00254,1786404856.3959808,30.46,23,0,health,pos_chip,0.08,0.05,0.864,21.94,1.67,86400.0,0,0,0.0,1.07,0,0
00000000-0000-0000-03c0-74f856a11a05,usr_00752,1786404861.442089,25.78,23,0,utilities,pos_chip,0.04,0.05,0.633,0.55,0.01,86400.0,0,0,0.0,1.43,0,0
00000000-0000-0000-70dd-e0d98966e25b,usr_00092,1786404868.4092605,27.86,23,0,grocery,pos_contactless,0.05,0.1,0.857,12.42,2.55,86400.0,0,0,0.0,1.08,0,0
00000000-0000-0000-2ca8-30d8e4f07fa9,usr_00702,1786404898.3515635,10.14,23,0,grocery,online,0.05,0.6,0.771,3.1,17.87,21671.6,0,0,20.05,0.51,0,0
00000000-0000-0000-5c79-0c067c967adc,usr_00955,1786404911.7207952,61.0,23,0,gaming,online,0.7,0.6,0.903,6.16,8.72,10675.3,0,0,60.17,1.01,0,0
00000000-0000-0000-723a-fe595d2c52d1,usr_00063,1786404945.8587313,66.83,23,0,electronics,online,0.65,0.6,0.842,4.58,8.81,22307.7,0,0,51.34,1.3,0,0
00000000-0000-0000-60a0-37a9dbdc099e,usr_00892,1786404952.7723594,40.19,23,0,utilities,pos_chip,0.04,0.05,0.907,4.95,1.15,86400.0,0,0,0.0,1.55,0,0
00000000-0000-0000-19ba-46f2b7ad1c95,usr_00394,1786404953.4536402,72.36,23,0,gaming,online,0.7,0.6,0.724,46.32,2.11,395.4,0,1,61.99,1.17,0,0
00000000-0000-0000-7fe3-b877ae2fd844,usr_00692,1786404972.7361035,28.18,23,0,grocery,pos_contactless,0.05,0.1,0.792,0.78,2.03,86400.0,0,0,0.0,0.48,0,0
00000000-0000-0000-4970-85e88aa7b6af,usr_00660,1786405004.1796498,20.26,23,0,restaurant,pos_chip,0.1,0.05,0.74,6.15,7.8,2900.2,0,1,51.61,1.18,0,0
00000000-0000-0000-7db2-7ce65d6785b2,usr_00383,1786405006.6786413,16.93,23,0,electronics,pos_chip,0.65,0.05,0.718,0.99,4.29,200.7,1,1,38.11,0.89,0,0
00000000-0000-0000-2f4d-0b4aef37d622,usr_00155,1786405034.9708252,63.31,23,0,electronics,atm,0.65,0.25,0.831,48.69,3.98,86400.0,0,0,0.0,0.66,0,0
00000000-0000-0000-3557-988af6d3ce75,usr_00155,1786405038.0363083,142.65,23,0,travel,atm,0.4,0.25,0.927,10.66,0.6,3.1,1,1,63.31,2.25,0,0
00000000-0000-0000-50f9-bb9a21ec7878,usr_00582,1786405047.0100942,24.32,23,0,utilities,online,0.04,0.6,0.886,21.34,6.63,86400.0,0,0,0.0,0.88,0,0
00000000-0000-0000-5348-d3870ce0fbf9,usr_00823,1786405067.3963156,28.81,23,0,grocery,pos_chip,0.05,0.05,0.813,4.65,2.15,86400.0,0,0,0.0,3.1,0,0
00000000-0000-0000-6912-1c05276b9aa8,usr_00455,1786405069.9312086,37.66,23,0,restaurant,online,0.1,0.6,0.93,1.38,1.48,8980.6,0,0,35.56,1.06,0,0
00000000-0000-0000-4518-585935d9119f,usr_00487,1786405094.3157187,36.45,23,0,restaurant,online,0.1,0.6,0.766,17.51,6.91,86400.0,0,0,0.0,0.85,0,0
00000000-0000-0000-2e36-c2b0eadd3535,usr_00553,1786405113.3380678,184.31,23,0,gaming,pos_chip,0.7,0.05,0.739,2.57,0.34,86400.0,0,0,0.0,1.64,0,0
00000000-0000-0000-0006-d4cb68166f64,usr_00250,1786405140.140822,15.48,23,0,gaming,p2p,0.7,0.45,0.875,10.16,5.93,1070.6,0,1,33.39,0.46,0,0
00000000-0000-0000-6ecd-9d1c232b68b1,usr_00945,1786405142.1442037,28.37,23,0,restaurant,atm,0.1,0.25,0.797,1.77,2.61,86400.0,0,0,0.0,1.06,0,0
00000000-0000-0000-51c7-8be524ab671e,usr_00513,1786405149.41841,12.3,23,0,restaurant,pos_chip,0.1,0.05,0.841,11.78,7.33,86400.0,0,0,0.0,0.39,0,0
00000000-0000-0000-1ee8-3456fb8ae01f,usr_00587,1786405190.56952,50.96,23,0,utilities,pos_chip,0.04,0.05,0.752,29.98,3.62,86400.0,0,0,0.0,2.54,0,0
00000000-0000-0000-5036-8d4046184766,usr_00923,1786405191.1637976,26.19,23,0,health,pos_contactless,0.08,0.1,0.61,3.43,3.91,7611.0,0,0,26.64,0.98,0,0
00000000-0000-0000-1716-213f6bb4a61a,usr_00941,1786405234.6993935,61.27,23,0,travel,pos_contactless,0.4,0.1,0.964,17.33,5.1,10231.9,0,0,29.14,2.1,0,0
00000000-0000-0000-33cc-5129d91323a7,usr_00864,1786405267.3192532,26.35,23,0,grocery,pos_contactless,0.05,0.1,0.872,14.98,8.16,6570.2,0,0,24.05,1.1,0,0
00000000-0000-0000-71b0-4ef59d571bd4,usr_00068,1786405269.745077,44.78,23,0,utilities,pos_contactless,0.04,0.1,0.756,0.97,14.19,22278.6,0,0,43.2,1.04,0,0
00000000-0000-0000-1e07-ac8b15005088,usr_00081,1786405273.9323428,20.42,23,0,gaming,online,0.7,0.6,0.777,8.06,23.99,4623.5,0,0,22.61,0.9,0,0
00000000-0000-0000-30d8-e9e4d4fc2c8e,usr_00856,1786405311.5000842,52.33,23,0,travel,online,0.4,0.6,0.798,0.47,0.95,5487.5,0,0,78.73,0.66,0,0
00000000-0000-0000-2237-c219e0e29c7c,usr_00097,1786405328.006915,11.13,23,0,utilities,p2p,0.04,0.45,0.907,5.43,0.35,86400.0,0,0,0.0,0.61,0,0
00000000-0000-0000-1c7a-5ecbcd895e9b,usr_00288,1786405341.7189243,25.51,23,0,utilities,pos_contactless,0.04,0.1,0.969,1.12,1.92,86400.0,0,0,0.0,0.92,0,0
00000000-0000-0000-6288-d20bb37a515a,usr_00434,1786405349.4982436,85.16,23,0,health,pos_contactless,0.08,0.1,0.81,1.49,1.39,86400.0,0,0,0.0,1.47,0,0
00000000-0000-0000-48bd-2b12c50c8caf,usr_00335,1786405363.8028417,11.88,23,0,grocery,online,0.05,0.6,0.885,20.24,2.68,10602.9,0,0,23.08,0.51,0,0
00000000-0000-0000-5fba-2e79159b25a7,usr_00952,1786405374.8962543,28.4,23,0,general_retail,online,0.15,0.6,0.591,3.82,0.99,86400.0,0,0,0.0,0.64,0,0
00000000-0000-0000-3a46-ce100d766eea,usr_00157,1786405388.1132057,63.73,23,0,restaurant,pos_chip,0.1,0.05,0.719,3.4,0.62,19242.9,0,0,44.91,1.42,0,0
00000000-0000-0000-24ad-484df4af2b47,usr_00454,1786405432.5305946,28.19,23,0,electronics,online,0.65,0.6,0.866,9.98,2.68,7698.5,0,0,105.92,0.53,0,0
00000000-0000-0000-6e98-501aa72d56c2,usr_00371,1786405433.4000912,65.3,23,0,electronics,online,0.65,0.6,0.793,0.08,9.04,86400.0,0,0,0.0,0.89,0,0
00000000-0000-0000-43ef-375eaebbe60b,usr_00217,1786405488.0736804,100.0,23,0,health,pos_contactless,0.08,0.1,0.793,8.41,5.69,86400.0,0,0,0.0,1.35,0,0
00000000-0000-0000-352d-ae5ca03c11b5,usr_00536,1786405496.5258155,35.25,23,0,health,online,0.08,0.6,0.891,8.12,6.82,23219.7,0,0,33.49,1.05,0,0
00000000-0000-0000-2d45-77b327eebaea,usr_00475,1786405504.823258,39.53,23,0,health,online,0.08,0.6,0.67,12.22,0.87,6750.2,0,0,26.14,1.51,0,0
00000000-0000-0000-05fd-bb699ad441a9,usr_00661,1786405533.1149971,32.51,23,0,grocery,online,0.05,0.6,0.711,1.26,6.09,86400.0,0,0,0.0,0.99,1,0
00000000-0000-0000-7ba7-6772da2c0377,usr_00881,1786405582.1870184,102.65,23,0,grocery,online,0.05,0.6,0.939,33.3,7.72,86400.0,0,0,0.0,1.76,0,0
00000000-0000-0000-7b0c-5aa8d5331f45,usr_00443,1786405602.6179056,125.01,23,0,restaurant,pos_chip,0.1,0.05,0.788,15.31,1.15,6683.3,0,0,70.5,1.77,0,0
00000000-0000-0000-5c1a-7ee77a70572f,usr_00288,1786405609.5299833,16.41,23,0,health,atm,0.08,0.25,0.825,6.43,7.38,267.8,1,1,25.51,0.64,0,0
00000000-0000-0000-5361-db7fe3463d38,usr_00962,1786405612.2606537,20.91,23,0,utilities,pos_contactless,0.04,0.1,0.682,18.41,1.72,5745.5,0,0,42.26,0.99,0,0
00000000-0000-0000-3a39-8a5406023b8a,usr_00557,1786405625.7627933,7.93,23,0,restaurant,pos_chip,0.1,0.05,0.929,7.92,0.9,6308.4,0,0,29.67,0.53,0,0
00000000-0000-0000-289d-b4b5dd3e50a3,usr_00611,1786405627.69342,76.55,23,0,utilities,pos_contactless,0.04,0.1,0.732,24.86,1.79,1636.8,0,1,49.77,1.54,0,0
00000000-0000-0000-25a7-63b981c9ea20,usr_00509,1786405675.3182726,49.18,23,0,utilities,pos_chip,0.04,0.05,0.774,4.43,0.11,18569.8,0,0,91.56,0.54,0,0
00000000-0000-0000-1be7-cac0eabb2758,usr_00271,1786405683.9928293,25.81,23,0,gaming,online,0.7,0.6,0.541,10.33,3.48,86400.0,0,0,0.0,0.64,0,0
00000000-0000-0000-15d2-846446e85901,usr_00728,1786405716.3059587,12.98,23,0,travel,pos_chip,0.4,0.05,0.821,20.06,10.64,8096.1,0,0,7.2,1.8,0,0
00000000-0000-0000-5d6a-6a3603660902,usr_00648,1786405757.2213223,70.39,23,0,restaurant,pos_contactless,0.1,0.1,0.775,4.33,9.0,5007.1,0,0,106.34,1.99,0,0
00000000-0000-0000-5284-ca2fcd9813eb,usr_00768,1786405778.6768026,11.38,23,0,grocery,pos_contactless,0.05,0.1,0.888,1.36,3.98,10801.7,0,0,49.76,0.69,0,0
00000000-0000-0000-16c1-f90ab2dcd6ea,usr_00735,1786405811.7594054,45.71,23,0,grocery,online,0.05,0.6,0.722,8.42,0.1,4807.5,0,0,108.81,0.84,0,0
00000000-0000-0000-2dda-0f7703e92f72,usr_00578,1786405832.6220727,24.88,23,0,gaming,pos_chip,0.7,0.05,0.795,3.68,2.24,10427.3,0,0,13.56,1.83,0,0
00000000-0000-0000-7918-a032107e10b8,usr_00036,1786405843.2491872,33.97,23,0,restaurant,online,0.1,0.6,0.696,6.69,7.53,1036.9,0,1,50.73,1.34,0,0
00000000-0000-0000-0fb2-a2a8128b664e,usr_00537,1786405874.7429044,48.71,23,0,gaming,p2p,0.7,0.45,0.829,1.52,6.03,13317.7,0,0,58.23,1.67,0,0
00000000-0000-0000-04ed-739d247d8484,usr_00744,1786405903.9361563,32.25,23,0,crypto,pos_contactless,0.9,0.1,0.701,8.73,0.27,15852.1,0,0,77.49,0.83,0,0
00000000-0000-0000-7305-8871ceea23af,usr_00441,1786405907.7568893,56.53,23,0,grocery,pos_contactless,0.05,0.1,0.841,24.09,9.08,6670.5,0,0,33.42,3.38,0,0
00000000-0000-0000-35ef-e48f044c92a4,usr_00057,1786405943.2134101,107.65,23,0,general_retail,online,0.15,0.6,0.625,12.67,2.68,12015.7,0,0,175.58,1.23,0,0
00000000-0000-0000-27a0-aa5356c99ce2,usr_00785,1786405954.456316,16.4,23,0,grocery,pos_contactless,0.05,0.1,0.896,9.27,4.02,86400.0,0,0,0.0,0.43,0,0
00000000-0000-0000-0d59-c65d77e97956,usr_00507,1786406021.5170317,55.18,23,0,utilities,pos_contactless,0.04,0.1,0.828,10.24,1.27,10025.4,0,0,70.68,1.56,0,0
00000000-0000-0000-169d-33dae309a523,usr_00376,1786406067.7422135,31.82,23,0,grocery,pos_chip,0.05,0.05,0.73,8.11,5.89,14393.0,0,0,104.82,0.91,0,0
00000000-0000-0000-4edb-e5a7df97b381,usr_00002,1786406085.8004057,61.19,23,0,gaming,pos_chip,0.7,0.05,0.382,3.05,0.32,15355.8,0,0,35.37,1.73,0,0
00000000-0000-0000-78f4-af91c2f381bf,usr_00582,1786406109.2070968,16.85,23,0,restaurant,atm,0.1,0.25,0.736,8.59,10.65,1062.2,0,1,24.32,0.69,0,0
00000000-0000-0000-281c-b1c9f504ad65,usr_00157,1786406112.748827,80.24,23,0,grocery,online,0.05,0.6,0.928,32.69,8.17,724.6,0,1,108.64,1.48,0,0
00000000-0000-0000-7082-907d2f5df2d5,usr_00410,1786406129.6070762,25.5,23,0,general_retail,pos_chip,0.15,0.05,0.823,2.18,2.14,19319.7,0,0,9.31,2.74,0,0
00000000-0000-0000-3a6e-523390ed0b0e,usr_00604,1786406144.2231004,16.18,23,0,health,online,0.08,0.6,0.722,5.61,4.06,86400.0,0,0,0.0,0.72,0,0
00000000-0000-0000-4bd5-4ba08f5f948d,usr_00317,1786406155.7276523,12.04,23,0,restaurant,pos_contactless,0.1,0.1,0.922,1.48,0.16,12178.7,0,0,31.06,0.78,0,0
00000000-0000-0000-01da-c87517671df5,usr_00389,1786406171.0766745,12.31,23,0,utilities,pos_contactless,0.04,0.1,0.807,11.74,3.58,86400.0,0,0,0.0,0.87,0,0
00000000-0000-0000-4da8-9982a13287bc,usr_00706,1786406274.7306912,21.92,23,0,restaurant,pos_chip,0.1,0.05,0.711,29.8,3.72,15751.4,0,0,39.44,0.56,0,0
00000000-0000-0000-12bc-b7f331e8c9d7,usr_00240,1786406278.4935637,14.63,23,0,utilities,pos_chip,0.04,0.05,0.853,31.5,3.73,15714.7,0,0,12.42,1.18,0,0
00000000-0000-0000-30a9-c84f33522fe5,usr_00434,1786406280.746163,42.08,23,0,travel,atm,0.4,0.25,0.967,0.98,1.61,931.2,0,1,85.16,0.49,0,0
00000000-0000-0000-4aa6-22b527fe8a38,usr_00209,1786406295.7553866,22.75,23,0,utilities,atm,0.04,0.25,0.681,1.64,6.18,2269.3,0,1,136.52,0.5,0,0
00000000-0000-0000-700e-4c94e8746bff,usr_00630,1786406305.773795,165.96,23,0,utilities,online,0.04,0.6,0.834,14.92,14.39,2987.4,0,1,55.31,3.0,0,0
00000000-0000-0000-7de1-9546779d2b9c,usr_00890,1786406331.6982102,32.24,23,0,restaurant,online,0.1,0.6,0.827,6.43,6.63,19229.5,0,0,35.46,0.91,0,0
00000000-0000-0000-4c4e-9e97a4cb0d41,usr_00164,1786406338.7179282,76.08,23,0,restaurant,pos_contactless,0.1,0.1,0.936,29.06,0.34,86400.0,0,0,0.0,1.39,0,0
00000000-0000-0000-71cc-c3eb3a7b0d01,usr_00576,1786406387.1588104,35.03,23,0,grocery,p2p,0.05,0.45,0.877,1.62,15.02,10313.5,0,0,344.91,0.41,0,0
00000000-0000-0000-581d-ad72dd53cff3,usr_00288,1786406428.2157714,19.54,0,1,restaurant,pos_chip,0.1,0.05,0.556,3.66,2.4,818.7,0,2,41.92,0.93,0,0
00000000-0000-0000-1214-bb1003001949,usr_00814,1786406433.4080448,10.88,0,1,travel,online,0.4,0.6,0.943,13.6,5.44,3834.4,0,0,21.64,0.5,0,0
00000000-0000-0000-4c0d-5abd84b305bc,usr_00631,1786406436.7761872,48.58,0,1,utilities,online,0.04,0.6,0.697,9.73,5.48,86400.0,0,0,0.0,0.32,0,0
00000000-0000-0000-5fb7-434fde651746,usr_00608,1786406465.0851488,26.07,0,1,restaurant,online,0.1,0.6,0.804,14.33,2.18,86400.0,0,0,0.0,2.16,0,0
00000000-0000-0000-64b9-90979037b718,usr_00217,1786406465.9295177,86.87,0,1,general_retail,pos_chip,0.15,0.05,0.828,5.26,1.38,977.9,0,1,100.0,0.87,0,0
00000000-0000-0000-332c-7c44d0c24bcb,usr_00107,1786406473.587164,11.96,0,1,jewelry,online,0.8,0.6,0.855,63.28,4.98,86400.0,0,0,0.0,0.44,1,0
00000000-0000-0000-570d-a53e610bd01f,usr_00777,1786406523.8109396,42.87,0,1,electronics,online,0.65,0.6,0.748,3.26,2.87,86400.0,0,0,0.0,1.02,0,0
00000000-0000-0000-13fe-726432e94eef,usr_00621,1786406527.2303069,36.21,0,1,grocery,pos_chip,0.05,0.05,0.768,31.9,6.01,5713.2,0,0,58.7,1.23,0,0
00000000-0000-0000-5f0b-b9377c78a0c5,usr_00310,1786406548.7648485,35.49,0,1,general_retail,online,0.15,0.6,0.891,5.67,5.09,6305.3,0,0,119.93,0.59,0,0
00000000-0000-0000-6293-f5fbbe0d4b8e,usr_00302,1786406564.3476343,49.66,0,1,grocery,pos_chip,0.05,0.05,0.551,3.73,3.99,25145.9,0,0,58.22,0.85,0,0
00000000-0000-0000-2c18-a4faa182cd24,usr_00608,1786406647.4863636,6.93,0,1,grocery,online,0.05,0.6,0.815,4.56,6.95,182.4,1,1,26.07,0.27,0,0
00000000-0000-0000-1a04-2beab670cb96,usr_00674,1786406658.8921742,66.95,0,1,grocery,online,0.05,0.6,0.823,35.65,6.66,11567.5,0,0,40.63,1.65,0,0
00000000-0000-0000-7892-7230e430f679,usr_00090,1786406701.2858222,44.69,0,1,health,pos_contactless,0.08,0.1,0.519,6.77,27.72,4713.0,0,0,55.03,0.81,0,0
00000000-0000-0000-3b8d-d3f0a11e5a61,usr_00517,1786406760.2678018,44.12,0,1,health,pos_contactless,0.08,0.1,0.63,13.59,1.6,2900.7,0,1,27.42,3.22,0,0
00000000-0000-0000-621d-6cc8f2a00582,usr_00470,1786406764.352755,40.58,0,1,restaurant,pos_chip,0.1,0.05,0.815,3.88,0.62,14350.7,0,0,59.24,1.37,0,0
00000000-0000-0000-7e7b-b0cfbbab5cd5,usr_00961,1786406780.5951242,33.89,0,1,electronics,pos_chip,0.65,0.05,0.664,6.63,0.15,7174.9,0,0,116.37,0.87,0,0
00000000-0000-0000-574d-79cb1a28c4b5,usr_00207,1786406799.2138507,10.84,0,1,gaming,online,0.7,0.6,0.892,9.27,2.32,25618.8,0,0,47.58,0.23,0,0
00000000-0000-0000-5374-54f2fb8d999a,usr_00491,1786406815.2634645,29.35,0,1,utilities,online,0.04,0.6,0.639,7.16,13.01,2318.0,0,2,106.21,0.83,0,0
00000000-0000-0000-1e62-bcef8efe9729,usr_00599,1786406858.9070601,8.9,0,1,general_retail,atm,0.15,0.25,0.682,4.31,1.17,22828.3,0,0,9.97,0.89,0,0
00000000-0000-0000-7bb0-d2ee446543f9,usr_00849,1786406860.1812625,34.86,0,1,grocery,online,0.05,0.6,0.772,13.34,24.36,14596.8,0,0,183.95,0.38,0,0
00000000-0000-0000-7279-866df1cb7b60,usr_00852,1786406866.9191027,21.59,0,1,travel,atm,0.4,0.25,0.699,13.14,4.62,11329.9,0,0,117.38,0.37,0,0
00000000-0000-0000-65e3-1a3467db171b,usr_00085,1786406872.2043455,28.46,0,1,general_retail,online,0.15,0.6,0.874,12.03,6.71,9141.1,0,0,81.14,0.35,0,0
00000000-0000-0000-6f48-7b7353780196,usr_00663,1786406874.4027483,37.47,0,1,restaurant,online,0.1,0.6,0.971,34.38,21.91,86400.0,0,0,0.0,1.39,0,0
00000000-0000-0000-5841-46b78caa0b17,usr_00132,1786406880.8822598,76.29,0,1,health,online,0.08,0.6,0.863,2.23,4.4,3279.9,0,1,163.49,0.93,0,0
00000000-0000-0000-1281-0937734f636f,usr_00901,1786406890.3972654,37.82,0,1,gaming,pos_chip,0.7,0.05,0.906,21.42,16.87,86400.0,0,0,0.0,1.07,0,0
00000000-0000-0000-182f-284c20414156,usr_00148,1786406900.1958704,37.26,0,1,travel,pos_chip,0.4,0.05,0.946,7.19,0.31,8943.2,0,0,138.43,0.54,0,0
00000000-0000-0000-0739-a4076f3d4b27,usr_00458,1786406900.9750383,119.22,0,1,grocery,online,0.05,0.6,0.489,38.25,3.23,86400.0,0,0,0.0,2.95,0,0
00000000-0000-0000-15c0-715205b74c82,usr_00885,1786406919.1685297,173.85,0,1,grocery,online,0.05,0.6,0.799,18.17,2.42,16765.7,0,0,13.34,13.03,0,0
00000000-0000-0000-24c8-3ec937c2e3fc,usr_00584,1786406923.4922094,54.71,0,1,travel,online,0.4,0.6,0.799,0.4,5.98,16024.5,0,0,117.91,0.46,0,0
00000000-0000-0000-3cd4-fd275d966dd5,usr_00176,1786406936.711979,66.34,0,1,health,pos_contactless,0.08,0.1,0.738,0.91,8.34,86400.0,0,0,0.0,0.78,0,0
00000000-0000-0000-2d26-dc7aa8fae543,usr_00149,1786406953.0384164,48.94,0,1,general_retail,p2p,0.15,0.45,0.797,25.62,0.42,86400.0,0,0,0.0,1.34,0,0
00000000-0000-0000-5588-551a5ec67c3f,usr_00940,1786406975.646622,31.69,0,1,restaurant,pos_contactless,0.1,0.1,0.912,16.56,4.39,7062.0,0,0,47.92,1.32,0,0
00000000-0000-0000-222d-ebae0a5c1222,usr_00622,1786406987.566834,29.57,0,1,grocery,pos_contactless,0.05,0.1,0.879,2.92,3.58,86400.0,0,0,0.0,0.76,0,0
00000000-0000-0000-1c3a-256d007158d7,usr_00763,1786406989.7217367,77.84,0,1,health,p2p,0.08,0.45,0.481,1.77,8.54,14633.5,0,0,67.44,1.15,0,0
00000000-0000-0000-0112-7fd8e38cd0fc,usr_00555,1786406990.0180457,36.53,0,1,restaurant,pos_chip,0.1,0.05,0.811,1.4,6.15,12389.1,0,0,34.88,1.05,0,0
00000000-0000-0000-2a37-f13cba20ca21,usr_00355,1786407002.488013,30.15,0,1,crypto,pos_contactless,0.9,0.1,0.891,4.19,1.65,16508.1,0,0,41.68,1.45,0,0
00000000-0000-0000-26d7-a45af4707bfc,usr_00095,1786407042.1457162,39.9,0,1,restaurant,pos_contactless,0.1,0.1,0.781,14.24,2.47,86400.0,0,0,0.0,2.87,0,0
00000000-0000-0000-0e9e-168dc56bbb66,usr_00752,1786407129.6408036,17.64,0,1,electronics,pos_chip,0.65,0.05,0.764,25.85,9.73,2268.2,0,1,25.78,0.68,0,0
00000000-0000-0000-7d5b-d77879990ea1,usr_00983,1786407162.45306,66.32,0,1,restaurant,online,0.1,0.6,0.883,0.93,2.01,2701.9,0,1,157.98,1.26,0,0
00000000-0000-0000-7d98-0cd03b2ab43f,usr_00480,1786407173.526527,50.88,0,1,grocery,p2p,0.05,0.45,0.952,3.23,3.53,4154.7,0,0,140.99,0.72,0,0
00000000-0000-0000-037a-c2a110d7d942,usr_00256,1786407240.401334,75.22,0,1,grocery,online,0.05,0.6,0.757,29.39,2.61,86400.0,0,0,0.0,1.75,0,0
00000000-0000-0000-1312-184c06ed5ed7,usr_00409,1786407300.3379705,6.66,0,1,restaurant,pos_chip,0.1,0.05,0.701,2.68,4.35,86400.0,0,0,0.0,0.44,0,0
00000000-0000-0000-69b8-a8dddc701ceb,usr_00713,1786407336.6615644,32.72,0,1,travel,online,0.4,0.6,0.943,20.01,1.07,86400.0,0,0,0.0,1.0,0,0
00000000-0000-0000-2a17-a9fbabf105da,usr_00876,1786407398.3371854,27.1,0,1,health,online,0.08,0.6,0.707,1.42,9.42,86400.0,0,0,0.0,0.82,0,0
00000000-0000-0000-5041-ec7f1213c19f,usr_00294,1786407432.6947904,29.72,0,1,grocery,pos_chip,0.05,0.05,0.849,21.06,3.54,7096.8,0,0,160.29,0.74,0,0
00000000-0000-0000-5dbf-c2b358f256fb,usr_00135,1786407451.3161826,25.73,0,1,general_retail,online,0.15,0.6,0.745,5.23,2.87,86400.0,0,0,0.0,1.43,0,0
00000000-0000-0000-679d-5ab08e0cb5fa,usr_00016,1786407490.0484147,14.87,0,1,grocery,online,0.05,0.6,0.734,20.93,9.14,86400.0,0,0,0.0,0.36,0,0
00000000-0000-0000-7f2d-a0e959472905,usr_00156,1786407514.910874,47.92,0,1,electronics,pos_chip,0.65,0.05,0.733,3.11,13.52,8561.9,0,0,73.89,1.3,0,0
00000000-0000-0000-3f80-78a48e904930,usr_00898,1786407572.2428913,28.32,0,1,grocery,online,0.05,0.6,0.868,1.9,1.8,24912.3,0,0,65.51,0.43,0,0
00000000-0000-0000-1801-99c0f796964d,usr_00225,1786407578.3870537,12.0,0,1,general_retail,online,0.15,0.6,0.721,1.15,7.18,6964.5,0,0,98.75,0.24,0,0
00000000-0000-0000-2101-d3c47c59a565,usr_00587,1786407582.137753,14.13,0,1,restaurant,online,0.1,0.6,0.841,7.05,3.39,2391.6,0,1,50.96,0.28,0,0
00000000-0000-0000-4e68-fc94ec8f0a4f,usr_00663,1786407597.3708575,23.45,0,1,electronics,online,0.65,0.6,0.727,9.51,1.15,723.0,0,1,37.47,0.63,0,0
00000000-0000-0000-11aa-f8c0e7b4375f,usr_00353,1786407600.3874605,34.49,0,1,restaurant,pos_chip,0.1,0.05,0.725,5.88,4.22,13338.2,0,0,88.63,0.39,1,0
00000000-0000-0000-73a1-fcdbb8e5bfed,usr_00352,1786407615.982932,28.27,0,1,grocery,p2p,0.05,0.45,0.827,3.56,0.69,17476.5,0,0,15.66,1.81,0,0
00000000-0000-0000-6f94-c9c659540060,usr_00039,1786407644.344648,53.18,0,1,electronics,pos_contactless,0.65,0.1,0.92,6.74,6.26,25965.5,0,0,180.48,0.88,0,0
00000000-0000-0000-6728-a26866ffb50d,usr_00779,1786407691.9961026,15.2,0,1,utilities,atm,0.04,0.25,0.822,14.83,3.75,21349.6,0,0,11.51,1.32,0,0
00000000-0000-0000-478d-dee0ef8db9c5,usr_00283,1786407779.4826477,30.89,0,1,crypto,pos_contactless,0.9,0.1,0.798,4.55,2.84,86400.0,0,0,0.0,0.71,0,0
00000000-0000-0000-38a1-07ae6c2eeba8,usr_00177,1786407788.9612184,28.9,0,1,restaurant,online,0.1,0.6,0.811,7.43,3.84,86400.0,0,0,0.0,0.79,0,0
00000000-0000-0000-3db9-390998403acf,usr_00183,1786407801.0097342,59.26,0,1,crypto,pos_chip,0.9,0.05,0.787,17.72,0.78,13113.7,0,0,57.16,1.04,0,0
00000000-0000-0000-37a2-e0dcdf176453,usr_00693,1786407811.9518797,8.47,0,1,restaurant,pos_chip,0.1,0.05,0.605,0.52,12.8,86400.0,0,0,0.0,0.99,0,0
00000000-0000-0000-1705-c16570af384a,usr_00194,1786407813.1190684,24.0,0,1,grocery,p2p,0.05,0.45,0.794,20.59,0.81,21641.6,0,0,8.45,2.84,0,0
00000000-0000-0000-2863-a5340d820d41,usr_00980,1786407817.4512784,57.4,0,1,restaurant,pos_chip,0.1,0.05,0.706,4.38,14.94,86400.0,0,0,0.0,1.31,0,0
00000000-0000-0000-59a9-73ececf9305b,usr_00884,1786407820.1114666,12.36,0,1,electronics,atm,0.65,0.25,0.317,0.95,3.93,12001.2,0,0,15.49,0.8,0,0
00000000-0000-0000-6afc-3c244651e444,usr_00957,1786407840.6955945,379.49,0,1,grocery,pos_chip,0.05,0.05,0.882,1.19,5.34,86400.0,0,0,0.0,2.98,0,0
00000000-0000-0000-1d31-190077f975e2,usr_00336,1786407854.7005303,25.62,0,1,restaurant,online,0.1,0.6,0.747,15.42,3.69,12119.8,0,0,50.27,1.02,0,0
00000000-0000-0000-3238-7e2dee3e2957,usr_00788,1786407924.9162345,60.77,0,1,grocery,online,0.05,0.6,0.889,8.15,1.6,13066.6,0,0,30.3,4.01,0,0
00000000-0000-0000-4d4d-07512005a2e0,usr_00883,1786407925.6247883,11.44,0,1,electronics,online,0.65,0.6,0.718,8.95,0.03,21226.7,0,0,26.58,0.43,0,0
00000000-0000-0000-6104-60a4e48de632,usr_00427,1786407933.5880342,127.04,0,1,electronics,pos_chip,0.65,0.05,0.794,11.25,0.68,6790.3,0,0,127.59,1.99,0,0
00000000-0000-0000-2cbd-a9e133646098,usr_00228,1786407946.2172701,21.01,0,1,restaurant,online,0.1,0.6,0.94,8.12,1.18,24202.8,0,0,10.71,1.96,0,0
00000000-0000-0000-5726-e372eee4cd7d,usr_00052,1786407968.9794693,35.05,0,1,utilities,pos_chip,0.04,0.05,0.568,12.71,9.96,15121.5,0,0,29.52,2.37,0,0
00000000-0000-0000-21cf-cb95e62ccb86,usr_00570,1786407975.5358074,19.74,0,1,jewelry,atm,0.8,0.25,0.977,7.56,2.55,86400.0,0,0,0.0,1.42,0,0
00000000-0000-0000-396e-0cdecc3836b2,usr_00660,1786407984.8971212,15.13,0,1,general_retail,online,0.15,0.6,0.902,2.22,7.55,2980.7,0,1,71.87,0.84,0,0
00000000-0000-0000-463f-1d9b1088e741,usr_00651,1786407991.5590327,18.91,0,1,travel,pos_chip,0.4,0.05,0.747,25.24,2.08,23513.9,0,0,23.39,0.81,0,0
00000000-0000-0000-009a-31c2e06eadf9,usr_00003,1786408020.33041,50.38,0,1,gaming,pos_contactless,0.7,0.1,0.926,15.62,1.32,86400.0,0,0,0.0,0.87,0,0
00000000-0000-0000-246d-a8f35f43e04f,usr_00793,1786408026.9100962,36.19,0,1,restaurant,online,0.1,0.6,0.779,40.87,19.52,11982.0,0,0,85.12,0.85,0,0
00000000-0000-0000-0a0c-f7d82ee2f0f9,usr_00776,1786408057.9706929,34.19,0,1,electronics,online,0.65,0.6,0.925,3.33,1.98,86400.0,0,0,0.0,1.99,0,0
00000000-0000-0000-01c9-80797c5bf73c,usr_00152,1786408089.182072,29.29,0,1,grocery,pos_chip,0.05,0.05,0.93,7.76,7.81,9867.7,0,0,9.3,3.15,1,0
00000000-0000-0000-5d31-93c6d8215c42,usr_00302,1786408108.1878128,53.42,0,1,grocery,online,0.05,0.6,0.833,2.84,2.84,1543.8,0,1,107.88,0.99,0,0
00000000-0000-0000-2364-f4acebed1db8,usr_00355,1786408117.3193955,103.14,0,1,electronics,pos_chip,0.65,0.05,0.823,1.96,4.11,1114.8,0,1,71.83,4.31,0,0
00000000-0000-0000-55fd-4836f0db52b2,usr_00871,1786408120.2517154,13.58,0,1,restaurant,online,0.1,0.6,0.577,7.77,3.97,86400.0,0,0,0.0,0.75,0,0
00000000-0000-0000-6081-a6d1eeec201e,usr_00165,1786408134.3940814,20.07,0,1,gaming,pos_chip,0.7,0.05,0.941,3.81,22.6,19285.3,0,0,48.89,0.41,0,0
00000000-0000-0000-0699-7713cdb5918b,usr_00302,1786408162.4663992,47.92,0,1,health,pos_chip,0.08,0.05,0.462,5.69,3.92,54.3,1,2,161.3,0.89,0,0
00000000-0000-0000-3069-6fb9f369e03a,usr_00353,1786408400.4193916,78.69,0,1,restaurant,online,0.1,0.6,0.968,6.53,7.03,800.0,0,1,123.12,1.28,0,0
00000000-0000-0000-1436-e285fa7b21f2,usr_00601,1786408409.747232,22.82,0,1,electronics,pos_chip,0.65,0.05,0.84,3.06,2.85,86400.0,0,0,0.0,0.97,0,0
00000000-0000-0000-2501-45acc2b2309f,usr_00673,1786408413.333915,20.09,0,1,health,pos_contactless,0.08,0.1,0.853,4.01,6.78,86400.0,0,0,0.0,1.34,0,0
00000000-0000-0000-7e35-5278560e0bb6,usr_00014,1786408415.604904,22.19,0,1,grocery,pos_chip,0.05,0.05,0.904,16.18,4.62,15929.1,0,0,48.04,0.46,0,0
00000000-0000-0000-1288-9dd564bdf56b,usr_00064,1786408471.052819,52.96,0,1,jewelry,online,0.8,0.6,0.901,16.06,10.77,7069.5,0,0,54.29,0.98,0,0
00000000-0000-0000-5c26-2254c788fdd3,usr_00883,1786408488.2137601,9.01,0,1,grocery,online,0.05,0.6,0.785,7.49,4.83,562.6,0,1,38.02,0.47,0,0
00000000-0000-0000-07b9-cf0af4c65dc3,usr_00474,1786408497.040304,15.57,0,1,restaurant,pos_contactless,0.1,0.1,0.78,17.39,0.09,6811.7,0,0,71.18,0.22,0,0
00000000-0000-0000-2351-ca883a3958c7,usr_00809,1786408511.6962378,38.41,0,1,health,online,0.08,0.6,0.849,6.84,0.2,86400.0,0,0,0.0,1.02,0,0
00000000-0000-0000-6870-d145781e1ad5,usr_00826,1786408521.8623166,107.36,0,1,electronics,pos_chip,0.65,0.05,0.753,13.26,8.51,24408.0,0,0,25.26,4.25,0,0
00000000-0000-0000-2d60-cec52e426dd4,usr_00565,1786408535.7046742,70.38,0,1,restaurant,online,0.1,0.6,0.455,44.57,0.31,86400.0,0,0,0.0,1.36,0,0
00000000-0000-0000-1f44-48c4f9f55799,usr_00821,1786408560.0646136,129.77,0,1,general_retail,pos_chip,0.15,0.05,0.577,5.4,5.06,86400.0,0,0,0.0,1.65,0,0
00000000-0000-0000-0d0f-0594de85224c,usr_00095,1786408566.4415054,19.74,0,1,general_retail,online,0.15,0.6,0.749,12.75,11.42,1524.3,0,1,39.9,0.49,0,0
00000000-0000-0000-342a-9d8e489009f9,usr_00644,1786408600.158101,22.88,0,1,utilities,pos_chip,0.04,0.05,0.813,13.57,0.14,23501.9,0,0,31.42,0.73,0,0
00000000-0000-0000-6eae-156ffe345b4f,usr_00681,1786408639.6330497,70.94,0,1,utilities,p2p,0.04,0.45,0.878,40.55,3.92,15832.6,0,0,39.16,1.81,0,0
00000000-0000-0000-1c27-895ffc3021bc,usr_00675,1786408643.2506173,17.13,0,1,restaurant,pos_contactless,0.1,0.1,0.691,15.2,1.7,86400.0,0,0,0.0,0.42,0,0
00000000-0000-0000-4302-6a2537cf9893,usr_00808,1786408647.1927488,53.15,0,1,general_retail,p2p,0.15,0.45,0.724,10.51,0.59,86400.0,0,0,0.0,1.94,0,0
00000000-0000-0000-495f-eda965e807a3,usr_00978,1786408661.3515918,22.22,0,1,restaurant,pos_contactless,0.1,0.1,0.648,7.12,3.49,86400.0,0,0,0.0,1.57,0,0
00000000-0000-0000-59b8-7861af87caad,usr_00869,1786408695.3463976,20.41,0,1,general_retail,p2p,0.15,0.45,0.846,5.32,0.07,86400.0,0,0,0.0,0.63,0,0
00000000-0000-0000-18ed-4d8407c424b2,usr_00003,1786408706.5592458,61.67,0,1,utilities,pos_chip,0.04,0.05,0.575,14.88,1.37,686.2,0,1,50.38,1.22,0,0
00000000-0000-0000-3fc2-57877d9d2cc1,usr_00629,1786408835.0030086,13.9,0,1,restaurant,pos_chip,0.1,0.05,0.619,49.19,3.27,6284.4,0,0,5.34,2.6,0,0
00000000-0000-0000-2b3d-f604c55ab003,usr_00459,1786408876.1366334,31.67,0,1,restaurant,pos_contactless,0.1,0.1,0.721,6.13,1.04,86400.0,0,0,0.0,0.97,0,0
00000000-0000-0000-2d88-3a8252e479bd,usr_00236,1786408877.4874024,11.71,0,1,general_retail,pos_chip,0.15,0.05,0.708,37.13,8.9,10903.8,0,0,7.01,1.67,0,0
00000000-0000-0000-77e5-76912014c121,usr_00349,1786408899.393807,72.66,0,1,restaurant,online,0.1,0.6,0.736,10.53,4.11,23973.4,0,0,139.73,0.52,0,0
00000000-0000-0000-4195-7ca27f54493f,usr_00960,1786408932.5339775,142.15,0,1,general_retail,p2p,0.15,0.45,0.556,13.76,0.46,4713.9,0,0,390.07,1.46,0,0
00000000-0000-0000-59dc-e4b17c42df72,usr_00983,1786408935.944032,36.59,0,1,general_retail,pos_chip,0.15,0.05,0.896,0.24,6.67,1773.5,0,1,224.3,0.65,0,0
00000000-0000-0000-5cfe-26b6185191da,usr_00549,1786408983.1670458,84.3,0,1,gaming,online,0.7,0.6,0.586,2.59,6.86,86400.0,0,0,0.0,1.71,0,0
00000000-0000-0000-6313-aac4d67b3439,usr_00451,1786408989.3097215,58.29,0,1,grocery,pos_chip,0.05,0.05,0.634,14.22,2.6,8357.1,0,0,77.95,2.24,0,0
00000000-0000-0000-23d0-f8539e76d569,usr_00085,1786408995.140286,31.87,0,1,electronics,pos_contactless,0.65,0.1,0.666,17.07,7.69,2122.9,0,1,109.6,0.58,0,0
00000000-0000-0000-5abc-92dfed5479c8,usr_00748,1786409018.6587508,46.37,0,1,grocery,online,0.05,0.6,0.676,3.24,1.12,86400.0,0,0,0.0,1.75,0,0
00000000-0000-0000-1b18-068b29068fb3,usr_00958,1786409020.3145666,18.57,0,1,restaurant,atm,0.1,0.25,0.845,40.11,8.94,86400.0,0,0,0.0,0.56,0,0
00000000-0000-0000-258d-4060bea075df,usr_00915,1786409046.4143803,338.29,0,1,health,pos_contactless,0.08,0.1,0.465,3.5,0.51,6807.0,0,0,176.56,1.92,0,0
00000000-0000-0000-4780-9f68b2ba7e50,usr_00921,1786409053.421436,62.14,0,1,crypto,pos_contactless,0.9,0.1,0.846,3.7,2.74,26258.4,0,0,14.71,4.22,0,0
00000000-0000-0000-0e6a-5dd1c1eff8db,usr_00702,1786409059.397439,17.92,0,1,general_retail,pos_chip,0.15,0.05,0.839,10.53,0.47,4161.0,0,0,30.19,1.19,0,0
00000000-0000-0000-1564-a2d99ae169fc,usr_00248,1786409089.5072293,272.34,0,1,restaurant,online,0.1,0.6,0.857,4.89,4.01,9109.6,0,0,519.89,1.57,0,0
00000000-0000-0000-76ba-e128db80a200,usr_00445,1786409106.6049802,17.32,0,1,general_retail,online,0.15,0.6,0.882,32.9,1.46,86400.0,0,0,0.0,1.27,0,0
00000000-0000-0000-1d4d-17e5bafb10bd,usr_00022,1786409138.298668,28.28,0,1,gaming,pos_contactless,0.7,0.1,0.859,31.18,3.7,4402.6,0,0,73.85,0.38,0,0
00000000-0000-0000-6156-2580ea22f2bf,usr_00714,1786409157.891064,40.95,0,1,grocery,pos_contactless,0.05,0.1,0.962,3.28,0.17,5382.6,0,0,58.41,0.7,0,0
00000000-0000-0000-22fe-fdc6fe6c98e6,usr_00197,1786409211.452609,28.24,0,1,grocery,pos_chip,0.05,0.05,0.846,2.08,1.25,86400.0,0,0,0.0,1.08,0,0
00000000-0000-0000-2ed7-3b9c22338350,usr_00719,1786409251.2535777,28.45,0,1,restaurant,online,0.1,0.6,0.735,11.15,10.45,9124.0,0,0,20.0,1.42,0,0
00000000-0000-0000-6402-ea2f9850e51f,usr_00553,1786409263.5341277,71.84,0,1,health,online,0.08,0.6,0.818,1.06,0.64,4150.2,0,0,184.31,0.39,0,0
00000000-0000-0000-6dcd-8a1b25c378cc,usr_00554,1786409289.68257,68.61,0,1,grocery,pos_chip,0.05,0.05,0.524,40.0,3.94,86400.0,0,0,0.0,2.18,0,0
00000000-0000-0000-3f94-80dcb87f376c,usr_00021,1786409292.7438018,13.7,0,1,gaming,online,0.7,0.6,0.877,23.41,2.78,19111.2,0,0,72.8,0.38,0,0
00000000-0000-0000-55eb-104dbfbd9ed1,usr_00909,1786409322.8623667,26.27,0,1,health,pos_chip,0.08,0.05,0.91,3.58,9.64,86400.0,0,0,0.0,1.51,0,0
00000000-0000-0000-66f8-2b8860849bee,usr_00973,1786409325.7731588,39.84,0,1,restaurant,pos_chip,0.1,0.05,0.666,6.56,6.81,5935.0,0,0,123.98,0.64,0,0
00000000-0000-0000-1a16-c866dec0917b,usr_00995,1786409326.2287188,82.84,0,1,grocery,pos_contactless,0.05,0.1,0.833,9.52,2.96,86400.0,0,0,0.0,2.02,0,0
00000000-0000-0000-6ecb-b541df3d2e17,usr_00166,1786409339.1092663,58.57,0,1,travel,online,0.4,0.6,0.816,12.76,0.02,86400.0,0,0,0.0,1.01,0,0
00000000-0000-0000-3ee9-a58a77f87a9b,usr_00161,1786409349.9957602,19.31,0,1,electronics,online,0.65,0.6,0.7,19.3,18.32,18403.9,0,0,20.41,0.95,0,0
00000000-0000-0000-7c06-a1f9564bd622,usr_00941,1786409378.4059567,34.01,0,1,crypto,pos_chip,0.9,0.05,0.927,23.74,5.08,4143.7,0,0,90.41,0.75,0,0
00000000-0000-0000-72d0-8bdf07d272dc,usr_00197,1786409380.5381181,37.98,0,1,grocery,online,0.05,0.6,0.933,1.22,0.42,169.1,1,1,28.24,1.34,0,0
00000000-0000-0000-706e-eb453b190c89,usr_00755,1786409437.823579,86.13,0,1,health,pos_contactless,0.08,0.1,0.754,9.34,0.71,17605.4,0,0,37.34,2.31,0,0
00000000-0000-0000-00cb-993c69854819,usr_00417,1786409483.6550999,38.08,0,1,restaurant,pos_chip,0.1,0.05,0.756,5.06,6.42,86400.0,0,0,0.0,0.52,0,0
00000000-0000-0000-180f-1e79071dddd7,usr_00983,1786409552.969007,48.4,0,1,utilities,online,0.04,0.6,0.635,4.41,0.53,617.0,0,2,260.89,0.93,0,0
00000000-0000-0000-2f7c-1a3bd995a822,usr_00995,1786409555.4697025,25.32,0,1,restaurant,pos_chip,0.1,0.05,0.922,3.25,0.1,229.2,1,1,82.84,0.31,0,0
00000000-0000-0000-054f-5dcb1f3fa3d3,usr_00067,1786409566.1963003,11.71,0,1,restaurant,online,0.1,0.6,0.843,8.5,2.48,6422.0,0,0,43.0,0.27,0,0
00000000-0000-0000-5112-d11803d27eb3,usr_00092,1786409570.8854318,24.61,0,1,restaurant,online,0.1,0.6,0.878,0.28,1.66,4702.5,0,0,27.86,0.88,1,0
00000000-0000-0000-74a0-0a324210844c,usr_00092,1786409577.0211096,17.39,0,1,electronics,online,0.65,0.6,0.809,7.12,21.09,6.1,1,1,52.47,0.66,0,0
00000000-0000-0000-16bc-c57fa66bb924,usr_00803,1786409591.5947003,18.16,0,1,grocery,online,0.05,0.6,0.89,9.13,15.01,19902.0,0,0,68.11,0.27,0,0
00000000-0000-0000-76e9-20869d06ad92,usr_00946,1786409599.255832,90.5,0,1,restaurant,pos_contactless,0.1,0.1,0.674,10.74,3.26,5549.7,0,0,24.55,3.69,0,0
00000000-0000-0000-7db0-b4c3e6657090,usr_00537,1786409605.4963648,92.59,0,1,electronics,online,0.65,0.6,0.858,26.68,4.81,3730.8,0,0,106.94,2.6,0,0
00000000-0000-0000-4fa0-94c4ed08ccf5,usr_00028,1786409616.6115384,44.67,0,1,utilities,pos_chip,0.04,0.05,0.784,5.12,1.99,15204.2,0,0,182.84,0.73,0,0
00000000-0000-0000-3409-6804fdff4bbb,usr_00582,1786409635.695083,54.01,0,1,health,pos_chip,0.08,0.05,0.656,35.54,16.41,3526.5,0,1,41.17,2.62,0,0
00000000-0000-0000-23a7-a975f2035b91,usr_00210,1786409640.319803,43.19,0,1,electronics,pos_contactless,0.65,0.1,0.867,5.58,10.69,86400.0,0,0,0.0,0.75,0,0
00000000-0000-0000-72c1-cc078f142664,usr_00736,1786409650.4558709,49.56,0,1,utilities,online,0.04,0.6,0.825,2.66,0.45,86400.0,0,0,0.0,0.94,0,0
00000000-0000-0000-020d-3083243c30bb,usr_00207,1786409666.1818032,11.39,0,1,jewelry,pos_chip,0.8,0.05,0.802,31.11,1.18,2867.0,0,1,58.42,0.39,0,0
00000000-0000-0000-3d5c-a3d25b29d6ca,usr_00598,1786409717.836253,29.32,0,1,grocery,pos_chip,0.05,0.05,0.824,2.22,0.72,9187.3,0,0,57.54,0.51,0,0
00000000-0000-0000-2585-b6c8cd4225be,usr_00525,1786409737.029575,42.26,0,1,electronics,pos_chip,0.65,0.05,0.901,16.34,12.42,86400.0,0,0,0.0,1.66,0,0
00000000-0000-0000-13a1-2fa024778e6e,usr_00457,1786409806.1902063,30.23,0,1,utilities,pos_contactless,0.04,0.1,0.782,31.64,0.16,6430.1,0,0,36.1,1.67,0,0
00000000-0000-0000-2a8a-bf652c080fb3,usr_00840,1786409880.9336627,51.11,0,1,restaurant,pos_contactless,0.1,0.1,0.893,18.27,2.14,18677.6,0,0,91.42,0.56,0,0
00000000-0000-0000-6958-2a92f41a1616,usr_00676,1786409886.3445346,182.62,0,1,travel,pos_chip,0.4,0.05,0.787,14.49,12.21,86400.0,0,0,0.0,1.32,0,0
00000000-0000-0000-1be1-905cb3cec19f,usr_00709,1786409888.769927,40.97,0,1,gaming,online,0.7,0.6,0.855,14.87,3.35,9279.3,0,0,81.8,1.0,0,0
00000000-0000-0000-4e9f-2586f11729bc,usr_00002,1786409962.4643757,80.23,0,1,grocery,p2p,0.05,0.45,0.853,10.81,7.94,3876.7,0,0,96.56,1.66,0,0
00000000-0000-0000-22ed-011a7e440980,usr_00276,1786410023.0726857,78.8,1,1,electronics,online,0.65,0.6,0.151,1379.4,160.13,6402.1,0,0,30.78,2.56,0,1
00000000-0000-0000-5d2c-ff48a926945b,usr_00361,1786410126.783629,32.34,1,1,restaurant,pos_contactless,0.1,0.1,0.57,3.01,1.89,27054.0,0,0,47.85,0.68,0,0
00000000-0000-0000-22f8-37164729c44d,usr_00508,1786410162.4774039,13.27,1,1,gaming,pos_chip,0.7,0.05,0.774,4.64,8.97,86400.0,0,0,0.0,0.56,0,0
00000000-0000-0000-17cc-63d0131f2339,usr_00305,1786410165.1376173,23.4,1,1,restaurant,pos_chip,0.1,0.05,0.932,5.83,12.7,16542.6,0,0,63.86,0.73,0,0
00000000-0000-0000-74d9-ec7ee55af4ce,usr_00791,1786410188.8085244,11.25,1,1,restaurant,pos_chip,0.1,0.05,0.841,5.63,0.2,9608.9,0,0,3.73,2.25,0,0
00000000-0000-0000-46e0-c965301ce99b,usr_00921,1786410207.631194,12.47,1,1,grocery,atm,0.05,0.25,0.814,19.57,3.58,1154.2,0,1,76.85,0.32,0,0
00000000-0000-0000-6cf2-89e515ca0d00,usr_00125,1786410251.3581016,49.18,1,1,restaurant,pos_chip,0.1,0.05,0.692,5.06,3.68,86400.0,0,0,0.0,1.2,0,0
00000000-0000-0000-21d2-7759348552d7,usr_00917,1786410256.746765,45.29,1,1,utilities,pos_contactless,0.04,0.1,0.655,6.28,1.06,86400.0,0,0,0.0,1.0,0,0
00000000-0000-0000-6244-8e683bbe45c0,usr_00200,1786410261.5048087,40.38,1,1,restaurant,pos_chip,0.1,0.05,0.819,2.7,0.18,6635.8,0,0,32.67,1.24,0,0
00000000-0000-0000-42b3-3b098ac000be,usr_00524,1786410282.755399,76.34,1,1,restaurant,pos_chip,0.1,0.05,0.763,6.4,9.38,8183.2,0,0,127.09,0.6,0,0
00000000-0000-0000-785e-2dc4dcf1d2bd,usr_00285,1786410286.0314188,11.94,1,1,restaurant,online,0.1,0.6,0.706,0.37,1.02,12877.4,0,0,33.75,0.71,0,0
00000000-0000-0000-0e2d-97da31390b95,usr_00611,1786410289.6003604,23.15,1,1,gaming,p2p,0.7,0.45,0.853,20.25,0.89,4661.9,0,0,126.32,0.37,0,0
00000000-0000-0000-5da2-d6b07f2ab583,usr_00518,1786410347.472201,93.96,1,1,general_retail,online,0.15,0.6,0.801,16.0,4.35,13987.3,0,0,57.25,1.64,0,0
00000000-0000-0000-4478-8a15fe932b0d,usr_00423,1786410415.8232806,7.89,1,1,gaming,pos_chip,0.7,0.05,0.659,11.71,5.92,14238.9,0,0,47.85,0.66,0,0
00000000-0000-0000-1a52-068d6c9e55f8,usr_00975,1786410467.471418,37.33,1,1,general_retail,pos_contactless,0.15,0.1,0.829,6.16,0.21,86400.0,0,0,0.0,2.11,0,0
00000000-0000-0000-1408-0b10fbfb3509,usr_00954,1786410500.1967762,19.4,1,1,grocery,pos_chip,0.05,0.05,0.7,9.26,5.31,19487.7,0,0,7.97,2.43,0,0
00000000-0000-0000-66c1-be84b1e1d6ff,usr_00974,1786410510.0303464,14.39,1,1,electronics,online,0.65,0.6,0.587,2.06,4.54,86400.0,0,0,0.0,0.79,1,0
00000000-0000-0000-2906-11ee99af877c,usr_00563,1786410520.111743,29.16,1,1,grocery,pos_contactless,0.05,0.1,0.756,22.81,1.35,86400.0,0,0,0.0,1.39,0,0
00000000-0000-0000-0d05-356457600e26,usr_00835,1786410566.9278624,52.46,1,1,grocery,online,0.05,0.6,0.686,29.77,0.89,17287.5,0,0,42.42,2.47,0,0
00000000-0000-0000-505c-c281e26b89e8,usr_00270,1786410654.4461098,12.24,1,1,utilities,online,0.04,0.6,0.875,3.79,6.06,28156.3,0,0,33.02,0.37,0,0
00000000-0000-0000-7ad4-feda456a7f29,usr_00226,1786410654.5711608,118.7,1,1,utilities,online,0.04,0.6,0.49,4.11,1.23,86400.0,0,0,0.0,0.79,0,0
00000000-0000-0000-6b51-16a1bd61a879,usr_00013,1786410775.5024695,76.97,1,1,electronics,pos_chip,0.65,0.05,0.682,11.81,1.1,86400.0,0,0,0.0,1.18,0,0
00000000-0000-0000-0fc1-255d5a95b570,usr_00994,1786410780.811703,28.59,1,1,grocery,online,0.05,0.6,0.96,16.99,5.55,6676.1,0,0,59.91,0.95,0,0
00000000-0000-0000-2474-2271242f4a5b,usr_00255,1786410824.9302921,59.72,1,1,grocery,pos_chip,0.05,0.05,0.64,12.0,0.04,5978.1,0,0,36.82,1.62,0,0
00000000-0000-0000-0769-5ad6c24c0998,usr_00714,1786410830.9554002,52.01,1,1,restaurant,online,0.1,0.6,0.7,2.83,7.95,1673.1,0,1,99.36,1.05,0,0
00000000-0000-0000-70d2-16656e2db841,usr_00315,1786410842.2821946,43.96,1,1,grocery,pos_chip,0.05,0.05,0.87,0.83,4.05,86400.0,0,0,0.0,1.59,0,0
00000000-0000-0000-4f34-f11b3a2a2f72,usr_00991,1786410868.0660672,74.42,1,1,general_retail,online,0.15,0.6,0.83,0.48,8.55,24284.0,0,0,92.25,0.81,0,0
00000000-0000-0000-2abc-54d3066fdd01,usr_00899,1786410875.0231085,17.34,1,1,grocery,online,0.05,0.6,0.847,5.53,3.23,13587.8,0,0,27.15,1.92,0,0
00000000-0000-0000-7211-b1b60588ea9b,usr_00972,1786410935.835357,20.65,1,1,general_retail,pos_contactless,0.15,0.1,0.907,2.33,5.42,17463.2,0,0,73.33,0.56,0,0
00000000-0000-0000-28c3-97209f834356,usr_00930,1786410939.6933587,13.87,1,1,travel,online,0.4,0.6,0.837,5.6,5.5,86400.0,0,0,0.0,0.42,0,0
00000000-0000-0000-2998-6a979f1c3823,usr_00350,1786410941.4341693,35.73,1,1,gaming,pos_contactless,0.7,0.1,0.894,8.03,4.19,86400.0,0,0,0.0,0.87,0,0
00000000-0000-0000-62a4-1df2531d5353,usr_00645,1786411021.543883,19.19,1,1,utilities,pos_contactless,0.04,0.1,0.92,12.92,10.35,86400.0,0,0,0.0,0.63,0,0
00000000-0000-0000-2096-3ab6aa08169a,usr_00031,1786411062.7844162,26.05,1,1,utilities,online,0.04,0.6,0.758,5.56,9.84,86400.0,0,0,0.0,1.0,0,0
00000000-0000-0000-1544-6a25fe88bf65,usr_00107,1786411074.5654993,15.38,1,1,grocery,pos_chip,0.05,0.05,0.839,1.62,9.35,4601.0,0,0,11.96,1.29,0,0
00000000-0000-0000-125b-c4bed1b01b9a,usr_00628,1786411090.5727642,13.9,1,1,grocery,pos_contactless,0.05,0.1,0.875,15.5,4.35,9861.4,0,0,50.95,0.55,0,0
00000000-0000-0000-2806-960a6483f2ad,usr_00480,1786411117.8176932,31.47,1,1,travel,pos_contactless,0.4,0.1,0.724,11.27,8.85,3944.3,0,0,191.87,0.49,0,0
00000000-0000-0000-6c6e-c38a688342e1,usr_00944,1786411158.052466,32.22,1,1,restaurant,online,0.1,0.6,0.846,4.54,9.29,22346.2,0,0,59.6,0.54,0,0
00000000-0000-0000-38a1-971ebe2b17c5,usr_00303,1786411169.9143682,25.46,1,1,utilities,pos_chip,0.04,0.05,0.88,39.44,7.55,6777.7,0,0,37.26,1.37,0,0
00000000-0000-0000-4f20-be1e039888f4,usr_00040,1786411195.4402068,40.69,1,1,travel,online,0.4,0.6,0.934,0.42,14.86,25912.4,0,0,106.5,0.76,0,0
00000000-0000-0000-59de-bfc87f5fdf68,usr_00800,1786411203.3427866,23.16,1,1,grocery,p2p,0.05,0.45,0.833,2.24,0.7,86400.0,0,0,0.0,1.16,0,0
00000000-0000-0000-071a-6d139bc7f1a6,usr_00566,1786411204.185941,41.33,1,1,restaurant,online,0.1,0.6,0.89,9.74,4.68,29688.4,0,0,35.67,1.16,0,0
00000000-0000-0000-2731-8f881498e666,usr_00550,1786411249.4760113,50.69,1,1,general_retail,atm,0.15,0.25,0.861,3.98,2.45,86400.0,0,0,0.0,1.21,0,0
00000000-0000-0000-2ff4-09c3b6f02973,usr_00164,1786411252.2229125,32.79,1,1,electronics,online,0.65,0.6,0.825,2.41,2.66,4913.5,0,0,76.08,0.43,0,0
00000000-0000-0000-62f4-fb0d34ad1ba7,usr_00122,1786411252.7410986,45.36,1,1,grocery,pos_contactless,0.05,0.1,0.842,10.0,2.41,86400.0,0,0,0.0,1.2,0,0
00000000-0000-0000-1e3c-75dde1809151,usr_00402,1786411307.405502,90.11,1,1,health,pos_contactless,0.08,0.1,0.973,12.66,13.91,19462.4,0,0,197.13,1.37,0,0
00000000-0000-0000-6c73-5253ecac5daa,usr_00700,1786411365.0661485,60.16,1,1,general_retail,pos_contactless,0.15,0.1,0.813,20.78,6.91,12558.1,0,0,66.26,0.91,0,0
00000000-0000-0000-3c47-8fa7133b72f0,usr_00699,1786411379.9716392,30.67,1,1,travel,online,0.4,0.6,0.802,1.85,30.58,86400.0,0,0,0.0,1.04,0,0
00000000-0000-0000-2d9b-da5e302c15ac,usr_00840,1786411400.2632744,109.04,1,1,utilities,online,0.04,0.6,0.745,2.44,6.5,1519.3,0,1,142.53,1.53,0,0
00000000-0000-0000-6b7d-7835d30ec386,usr_00068,1786411411.4157672,55.95,1,1,general_retail,pos_chip,0.15,0.05,0.936,2.31,8.3,6141.7,0,0,87.98,1.27,0,0
00000000-0000-0000-7014-74622ef6e712,usr_00987,1786411424.7023711,60.11,1,1,electronics,pos_chip,0.65,0.05,0.926,1.23,1.8,86400.0,0,0,0.0,1.49,0,0
00000000-0000-0000-25f8-c83710a837d4,usr_00969,1786411431.6279702,23.23,1,1,grocery,pos_contactless,0.05,0.1,0.893,6.94,2.77,6590.6,0,0,70.13,0.33,0,0
00000000-0000-0000-0a08-364b9c84c247,usr_00328,1786411437.761233,8.76,1,1,general_retail,pos_chip,0.15,0.05,0.863,3.92,5.43,86400.0,0,0,0.0,0.53,0,0
00000000-0000-0000-329d-233263b06e6f,usr_00114,1786411448.1153524,53.64,1,1,restaurant,pos_chip,0.1,0.05,0.886,1.74,2.64,15243.0,0,0,68.88,1.56,1,0
00000000-0000-0000-5fb8-cca813f2c628,usr_00011,1786411492.9388075,56.4,1,1,crypto,pos_contactless,0.9,0.1,0.885,16.67,4.64,86400.0,0,0,0.0,1.07,0,0
00000000-0000-0000-1e10-dd3dc0143130,usr_00374,1786411573.0696485,36.18,1,1,gaming,pos_chip,0.7,0.05,0.613,24.92,1.53,10723.5,0,0,123.62,0.29,0,0
00000000-0000-0000-561e-aedfe9f8df27,usr_00139,1786411613.386597,68.96,1,1,grocery,pos_chip,0.05,0.05,0.728,13.96,1.1,20905.7,0,0,385.44,0.18,0,0
00000000-0000-0000-25a8-1243f66fb9c3,usr_00433,1786411644.101244,19.85,1,1,restaurant,pos_chip,0.1,0.05,0.927,8.05,2.49,86400.0,0,0,0.0,1.8,0,0
00000000-0000-0000-6f64-a3445dad1e39,usr_00625,1786411660.40288,30.35,1,1,restaurant,p2p,0.1,0.45,0.847,1.73,1.98,9076.2,0,0,57.91,1.05,0,0
00000000-0000-0000-0427-dc92b428790a,usr_00190,1786411668.8590772,84.33,1,1,utilities,online,0.04,0.6,0.888,8.63,2.89,12115.6,0,0,78.79,1.07,0,0
00000000-0000-0000-24f8-32d9f2f8cc50,usr_00805,1786411693.9614918,62.49,1,1,travel,p2p,0.4,0.45,0.876,35.5,6.56,8637.5,0,0,209.04,1.2,0,0
00000000-0000-0000-53e9-50d888549b95,usr_00174,1786411695.6484716,9.74,1,1,restaurant,online,0.1,0.6,0.759,4.48,10.4,21755.6,0,0,15.68,0.62,0,0
00000000-0000-0000-583a-5388cb5ebfaf,usr_00480,1786411792.1949916,31.52,1,1,utilities,online,0.04,0.6,0.871,5.08,4.07,674.4,0,1,223.34,0.56,0,0
00000000-0000-0000-1e93-ac3659f0835d,usr_00109,1786411823.0495028,27.67,1,1,grocery,online,0.05,0.6,0.592,24.25,2.95,15955.4,0,0,29.36,1.88,0,0
00000000-0000-0000-53ae-793b66b334d7,usr_00739,1786411875.663486,8.31,1,1,health,pos_chip,0.08,0.05,0.833,3.64,5.21,22922.3,0,0,29.62,0.28,0,0
00000000-0000-0000-1161-64a252dbf9dc,usr_00734,1786411875.9904003,54.09,1,1,grocery,online,0.05,0.6,0.875,0.4,13.22,19481.8,0,0,62.94,0.86,0,0
00000000-0000-0000-189c-5ad4a9d2c89d,usr_00013,1786411878.6228192,140.02,1,1,general_retail,online,0.15,0.6,0.894,5.68,0.38,1103.1,0,1,76.97,1.82,0,0
00000000-0000-0000-16fa-21c023af69f1,usr_00110,1786411914.2148976,65.97,1,1,general_retail,pos_contactless,0.15,0.1,0.773,38.09,2.33,86400.0,0,0,0.0,1.54,0,0
00000000-0000-0000-6698-fd6f2df0c350,usr_00087,1786411914.8986526,40.27,1,1,health,atm,0.08,0.25,0.974,5.45,4.57,7121.9,0,0,27.33,1.47,0,0
00000000-0000-0000-0056-636f837d7056,usr_00732,1786411934.0813699,30.69,1,1,electronics,online,0.65,0.6,0.975,0.12,12.23,7970.5,0,0,155.9,0.59,0,0
00000000-0000-0000-1d45-01c2fd07c8bc,usr_00055,1786411940.4433367,43.85,1,1,grocery,online,0.05,0.6,0.847,3.28,2.24,16993.6,0,0,10.51,4.17,0,0
00000000-0000-0000-166e-21dcda57409e,usr_00336,1786411949.8195648,18.29,1,1,general_retail,online,0.15,0.6,0.803,13.17,1.74,4095.1,0,0,75.89,0.72,0,0
00000000-0000-0000-0602-3bb3a6db6938,usr_00699,1786411981.0185447,53.26,1,1,gaming,online,0.7,0.6,0.971,1.27,24.44,601.0,0,1,30.67,1.74,0,0
00000000-0000-0000-4e68-e656ad66dcca,usr_00944,1786411987.842167,41.04,1,1,general_retail,online,0.15,0.6,0.447,18.49,0.65,829.8,0,1,91.82,0.89,0,0
00000000-0000-0000-4a75-d9955d0e8d78,usr_00052,1786411997.2918699,11.09,1,1,grocery,online,0.05,0.6,0.767,44.94,0.11,4028.3,0,0,64.57,0.52,0,0
00000000-0000-0000-45fe-12cbe18684b9,usr_00677,1786412021.3559172,36.9,1,1,utilities,pos_contactless,0.04,0.1,0.709,1.07,0.98,12777.0,0,0,63.26,1.75,0,0
00000000-0000-0000-1454-c5b4b1c28aeb,usr_00112,1786412025.7295644,24.74,1,1,electronics,pos_chip,0.65,0.05,0.662,9.54,4.01,24694.6,0,0,25.42,0.97,0,0
00000000-0000-0000-0237-9edac9f3042f,usr_00316,1786412056.2242768,14.59,1,1,general_retail,pos_contactless,0.15,0.1,0.908,29.5,0.39,86400.0,0,0,0.0,0.42,0,0
00000000-0000-0000-61af-34386564fb58,usr_00389,1786412103.3455753,19.47,1,1,grocery,p2p,0.05,0.45,0.654,50.91,5.94,5932.3,0,0,12.31,1.58,0,0
00000000-0000-0000-6ae4-d82b00ed5972,usr_00635,1786412163.143172,16.01,1,1,grocery,online,0.05,0.6,0.771,7.48,3.78,7772.9,0,0,31.96,0.5,0,0
00000000-0000-0000-340d-4bcfe22c495c,usr_00114,1786412181.9574904,30.2,1,1,restaurant,pos_chip,0.1,0.05,0.814,7.75,3.0,733.8,0,1,122.52,0.74,0,0
00000000-0000-0000-1d99-64bf0c15f102,usr_00129,1786412188.2499266,35.39,1,1,grocery,online,0.05,0.6,0.843,5.06,7.32,9949.4,0,0,35.74,1.98,0,0
00000000-0000-0000-7523-6f58d10a17b7,usr_00120,1786412192.8243463,25.38,1,1,electronics,online,0.65,0.6,0.921,3.78,7.6,86400.0,0,0,0.0,1.42,0,0
00000000-0000-0000-6efe-245dc587602b,usr_00242,1786412197.324002,11.03,1,1,health,pos_contactless,0.08,0.1,0.91,7.72,4.06,86400.0,0,0,0.0,0.96,0,0
00000000-0000-0000-2e51-8df1ed7b4e23,usr_00009,1786412198.181986,22.77,1,1,utilities,pos_chip,0.04,0.05,0.884,7.99,1.69,86400.0,0,0,0.0,1.15,0,0
00000000-0000-0000-317d-670baa5538e8,usr_00200,1786412231.89076,51.15,1,1,restaurant,online,0.1,0.6,0.604,2.08,11.02,1970.4,0,1,73.05,1.4,0,0
00000000-0000-0000-58b1-f8bdcdc2fe07,usr_00220,1786412248.6248684,25.94,1,1,restaurant,pos_contactless,0.1,0.1,0.758,1.21,0.05,12583.7,0,0,53.5,0.48,0,0
00000000-0000-0000-1640-e5b7239f4c97,usr_00637,1786412303.338158,12.31,1,1,general_retail,pos_chip,0.15,0.05,0.858,1.02,8.17,15907.1,0,0,55.7,0.66,0,0
00000000-0000-0000-3850-a5a422166fce,usr_00578,1786412306.5273414,20.63,1,1,grocery,pos_contactless,0.05,0.1,0.768,19.28,5.28,6473.9,0,0,38.44,1.07,0,0
00000000-0000-0000-1ed3-966f6af0e9ce,usr_00065,1786412382.6539965,23.91,1,1,restaurant,pos_chip,0.1,0.05,0.65,2.12,10.1,14571.8,0,0,102.98,0.46,0,0
00000000-0000-0000-3783-686d493a3ce5,usr_00794,1786412397.026393,7.03,1,1,health,pos_contactless,0.08,0.1,0.648,11.82,6.49,24739.3,0,0,13.82,0.51,0,0
00000000-0000-0000-24fc-936ae43e782a,usr_00504,1786412399.9561355,4.78,1,1,grocery,pos_chip,0.05,0.05,0.852,3.41,3.28,86400.0,0,0,0.0,0.85,0,0
00000000-0000-0000-1e57-7e8098dcae4d,usr_00984,1786412400.4242136,47.1,1,1,restaurant,pos_contactless,0.1,0.1,0.877,9.16,2.11,10375.1,0,0,49.37,0.95,0,0
00000000-0000-0000-6927-cf0190e41c63,usr_00605,1786412405.9448268,38.94,1,1,grocery,online,0.05,0.6,0.904,0.36,0.47,27762.5,0,0,55.24,0.7,0,0
00000000-0000-0000-56af-d88971dd756b,usr_00506,1786412453.3819625,154.78,1,1,utilities,pos_chip,0.04,0.05,0.881,3.28,1.39,86400.0,0,0,0.0,1.09,0,0
00000000-0000-0000-255c-33e8e7018246,usr_00815,1786412458.8929315,54.46,1,1,health,pos_chip,0.08,0.05,0.885,19.17,2.05,86400.0,0,0,0.0,1.36,0,0
00000000-0000-0000-08ae-3c6e5637642c,usr_00066,1786412489.586134,67.27,1,1,general_retail,pos_chip,0.15,0.05,0.715,11.98,2.87,86400.0,0,0,0.0,2.5,0,0
00000000-0000-0000-5938-14ecb9f92230,usr_00081,1786412491.6103537,16.7,1,1,gaming,pos_chip,0.7,0.05,0.915,6.03,0.28,7217.7,0,0,43.03,0.78,0,0
00000000-0000-0000-09f7-eea228c1f857,usr_00011,1786412506.1876166,110.92,1,1,health,atm,0.08,0.25,0.934,5.1,2.94,1013.2,0,1,56.4,1.97,0,0
00000000-0000-0000-5cb2-b5b9aebd8196,usr_00965,1786412530.717377,10.87,1,1,restaurant,pos_chip,0.1,0.05,0.845,5.99,4.39,86400.0,0,0,0.0,0.74,0,0
00000000-0000-0000-3fc3-1554fa0477a6,usr_00727,1786412574.4355528,62.06,1,1,grocery,online,0.05,0.6,0.935,5.9,4.76,86400.0,0,0,0.0,1.18,0,0
00000000-0000-0000-3228-4fa93abbe96a,usr_00600,1786412601.36086,1476.56,1,1,jewelry,online,0.8,0.6,0.116,133.06,102.08,86400.0,0,0,0.0,32.73,0,1
00000000-0000-0000-6c4c-2f6601fe12b1,usr_00068,1786412602.5162306,41.18,1,1,health,online,0.08,0.6,0.875,25.1,3.26,1191.1,0,1,143.93,0.86,0,0
00000000-0000-0000-6969-eb034e98a80e,usr_00244,1786412640.1507595,187.32,1,1,electronics,pos_chip,0.65,0.05,0.954,15.11,4.12,15019.2,0,0,220.47,1.7,0,0
00000000-0000-0000-5917-1dad513890af,usr_00761,1786412640.2863936,47.06,1,1,electronics,pos_chip,0.65,0.05,0.876,6.34,3.59,21800.8,0,0,21.63,2.18,0,0
00000000-0000-0000-0d45-0a1bf15b6c5a,usr_00083,1786412645.2481394,66.46,1,1,health,pos_contactless,0.08,0.1,0.852,9.03,0.02,86400.0,0,0,0.0,2.52,0,0
00000000-0000-0000-4da8-d7a000c31f26,usr_00156,1786412705.3114185,22.96,1,1,electronics,online,0.65,0.6,0.771,9.76,2.99,5190.4,0,0,121.81,0.57,0,0
00000000-0000-0000-188c-4403c330dac0,usr_00642,1786412736.5713494,211.76,1,1,general_retail,online,0.15,0.6,0.452,6.53,4.28,86400.0,0,0,0.0,1.87,0,0
00000000-0000-0000-17c2-d9f4f96ad0af,usr_00330,1786412765.833349,67.1,1,1,restaurant,pos_chip,0.1,0.05,0.883,2.12,1.18,13253.2,0,0,263.16,0.51,0,0
00000000-0000-0000-3201-9e7f360b95ea,usr_00650,1786412783.254881,118.02,1,1,gaming,p2p,0.7,0.45,0.95,2.61,2.0,18510.9,0,0,91.9,1.28,0,0
00000000-0000-0000-196f-c0b33850dcff,usr_00326,1786412813.5570564,18.26,1,1,utilities,online,0.04,0.6,0.683,9.69,14.47,24667.7,0,0,9.13,2.0,0,0
00000000-0000-0000-578f-54fa163999b6,usr_00129,1786412818.568404,6.43,1,1,electronics,online,0.65,0.6,0.67,0.12,0.5,630.3,0,1,71.13,0.27,0,0
00000000-0000-0000-1bdf-5ced49bdcefc,usr_00431,1786412837.826197,28.44,1,1,gaming,p2p,0.7,0.45,0.779,3.19,3.93,15089.2,0,0,37.62,1.51,0,0
00000000-0000-0000-65d3-586299572de5,usr_00311,1786412848.926632,27.19,1,1,health,online,0.08,0.6,0.779,1.02,1.45,86400.0,0,0,0.0,0.63,0,0
00000000-0000-0000-56da-6597b1c73d33,usr_00533,1786412858.7962644,30.41,1,1,utilities,pos_chip,0.04,0.05,0.647,17.71,6.93,86400.0,0,0,0.0,0.7,0,0
00000000-0000-0000-4724-a71b1b5b1615,usr_00098,1786412885.471119,65.71,1,1,grocery,pos_contactless,0.05,0.1,0.955,34.49,6.34,86400.0,0,0,0.0,1.56,0,0
00000000-0000-0000-0fbb-4ddf77a1cc27,usr_00892,1786412892.7047472,24.23,1,1,health,online,0.08,0.6,0.611,6.62,3.37,7939.9,0,0,40.19,0.6,0,0
00000000-0000-0000-12b1-064d5088bb66,usr_00867,1786412916.6668048,31.74,1,1,electronics,p2p,0.65,0.45,0.771,6.95,9.73,14667.1,0,0,59.39,1.07,0,0
00000000-0000-0000-6407-df4053d82ed6,usr_00568,1786412929.7598357,49.71,1,1,electronics,online,0.65,0.6,0.883,9.71,0.18,10979.6,0,0,44.03,1.13,0,0
00000000-0000-0000-30ce-55680b7cd03c,usr_00241,1786413053.302353,67.03,1,1,restaurant,pos_chip,0.1,0.05,0.889,3.59,2.99,28846.1,0,0,40.19,1.67,0,0
00000000-0000-0000-6fbc-393dc6f9a454,usr_00548,1786413059.9757605,72.89,1,1,restaurant,atm,0.1,0.25,0.897,11.62,3.91,86400.0,0,0,0.0,1.44,0,0
00000000-0000-0000-1b9c-cc8297bdb9fd,usr_00454,1786413061.8046882,30.78,1,1,grocery,online,0.05,0.6,0.899,6.4,8.42,7629.3,0,0,134.11,0.69,0,0
00000000-0000-0000-5201-01c95ed0def0,usr_00124,1786413117.2051566,66.09,1,1,grocery,pos_contactless,0.05,0.1,0.957,5.91,6.96,23441.7,0,0,100.31,1.32,0,0
00000000-0000-0000-55fd-04757ebfc88a,usr_00641,1786413202.5695891,120.16,1,1,grocery,pos_contactless,0.05,0.1,0.9,0.79,2.42,8764.8,0,0,283.94,1.27,0,0
00000000-0000-0000-12ee-3b1444073032,usr_00828,1786413230.6893175,78.64,1,1,utilities,online,0.04,0.6,0.815,0.75,3.91,86400.0,0,0,0.0,1.15,0,0
00000000-0000-0000-09bb-db1a78c658a6,usr_00193,1786413231.848313,53.51,1,1,general_retail,pos_chip,0.15,0.05,0.877,2.71,18.6,30019.0,0,0,59.81,0.89,0,0
00000000-0000-0000-5877-67bf34009942,usr_00611,1786413232.3065977,55.73,1,1,travel,online,0.4,0.6,0.918,17.7,0.51,2942.7,0,1,149.47,1.12,0,0
00000000-0000-0000-6158-dc09f1cf97f1,usr_00691,1786413235.0110202,25.92,1,1,health,p2p,0.08,0.45,0.928,5.44,2.7,9123.5,0,0,63.83,0.81,0,0
00000000-0000-0000-7479-66f40d8b1beb,usr_00146,1786413287.9399655,42.86,1,1,grocery,pos_contactless,0.05,0.1,0.756,3.97,1.33,10875.9,0,0,96.53,1.33,0,0
00000000-0000-0000-6812-0783e1a66464,usr_00526,1786413376.0173535,158.18,1,1,restaurant,pos_chip,0.1,0.05,0.933,24.82,10.68,28553.9,0,0,101.62,1.56,0,0
00000000-0000-0000-7498-30ccaf67d27f,usr_00129,1786413379.8554606,16.0,1,1,gaming,atm,0.7,0.25,0.877,8.17,0.69,561.3,0,2,77.56,0.83,0,0
00000000-0000-0000-5362-4d1b29528f72,usr_00687,1786413384.2277575,91.07,1,1,grocery,pos_chip,0.05,0.05,0.868,4.84,0.03,86400.0,0,0,0.0,1.12,0,0
00000000-0000-0000-3d10-e9dfed1dd9d8,usr_00627,1786413389.6603532,45.13,1,1,travel,online,0.4,0.6,0.751,10.17,9.94,86400.0,0,0,0.0,0.6,0,0
00000000-0000-0000-3897-763aaff2c278,usr_00736,1786413438.314311,21.4,1,1,restaurant,atm,0.1,0.25,0.869,14.3,0.37,3787.9,0,0,49.56,0.43,0,0
00000000-0000-0000-4337-83893ccccc6a,usr_00785,1786413462.8027792,33.77,1,1,utilities,pos_chip,0.04,0.05,0.531,13.31,0.44,7508.3,0,0,16.4,2.06,0,0
00000000-0000-0000-6631-0d4bcdb3f1a4,usr_00239,1786413486.0142424,15.94,1,1,grocery,online,0.05,0.6,0.765,9.35,0.82,86400.0,0,0,0.0,0.66,0,0
00000000-0000-0000-5441-3f7cde150ef7,usr_00419,1786413486.2534053,45.92,1,1,electronics,online,0.65,0.6,0.752,9.58,0.8,86400.0,0,0,0.0,0.62,0,0
00000000-0000-0000-6e59-07a945f8abd5,usr_00008,1786413501.500488,28.93,1,1,utilities,online,0.04,0.6,0.961,27.64,10.81,11473.7,0,0,67.06,0.86,0,0
00000000-0000-0000-5869-b750fbf93359,usr_00585,1786413518.2699575,315.46,1,1,grocery,online,0.05,0.6,0.702,2.93,3.03,86400.0,0,0,0.0,2.87,0,0
00000000-0000-0000-5b65-a8f4685a33c6,usr_00166,1786413525.0487392,72.58,1,1,grocery,pos_chip,0.05,0.05,0.96,66.5,5.48,4185.9,0,0,58.57,1.24,0,0
00000000-0000-0000-4212-4f88390033e3,usr_00551,1786413526.2002964,49.51,1,1,gaming,online,0.7,0.6,0.762,18.22,17.83,14309.4,0,0,38.94,1.27,0,0
00000000-0000-0000-7501-9b9bf6dc0d6e,usr_00573,1786413552.6763067,24.63,1,1,utilities,atm,0.04,0.25,0.743,11.12,8.97,25184.7,0,0,17.18,1.43,0,0
00000000-0000-0000-5821-0555c61ce0c1,usr_00765,1786413578.3374925,9.69,1,1,restaurant,pos_chip,0.1,0.05,0.923,16.26,1.33,18916.9,0,0,37.98,0.51,0,0
00000000-0000-0000-0b64-fca6776fa7f5,usr_00539,1786413587.3869455,18.29,1,1,restaurant,pos_chip,0.1,0.05,0.805,13.26,11.5,86400.0,0,0,0.0,0.89,0,0
00000000-0000-0000-1a51-76da5df1dedd,usr_00368,1786413631.792571,13.5,2,1,utilities,online,0.04,0.6,0.917,31.29,0.83,86400.0,0,0,0.0,0.36,0,0
00000000-0000-0000-1449-ea3741783a0c,usr_00831,1786413672.825648,62.34,2,1,grocery,online,0.05,0.6,0.854,0.63,12.36,17428.4,0,0,207.73,0.6,0,0
00000000-0000-0000-3162-28b57221a340,usr_00063,1786413705.7227774,31.14,2,1,grocery,pos_contactless,0.05,0.1,0.92,11.97,0.31,8759.9,0,0,118.17,0.53,0,0
00000000-0000-0000-54b5-70761d585a6f,usr_00136,1786413721.57695,57.68,2,1,grocery,pos_chip,0.05,0.05,0.737,27.45,13.32,29312.4,0,0,60.39,0.96,0,0
00000000-0000-0000-650f-b49f8de95e5e,usr_00709,1786413842.4402273,35.7,2,1,general_retail,online,0.15,0.6,0.959,7.25,9.9,3953.7,0,0,122.77,0.87,0,0
00000000-0000-0000-3f2e-bbad37c6be1f,usr_00075,1786413849.8208501,27.09,2,1,grocery,atm,0.05,0.25,0.941,1.37,0.46,18230.2,0,0,83.88,0.32,0,0
00000000-0000-0000-4a43-6a74c14557ce,usr_00481,1786413866.0103664,49.34,2,1,utilities,online,0.04,0.6,0.887,7.57,20.31,25966.0,0,0,171.47,0.58,0,0
00000000-0000-0000-3a80-fcc7478f0cb7,usr_00606,1786413914.8556726,33.68,2,1,utilities,online,0.04,0.6,0.823,12.83,0.5,17222.3,0,0,80.18,0.84,0,0
00000000-0000-0000-6dd1-05948e5f65f0,usr_00599,1786413950.5953748,11.49,2,1,utilities,online,0.04,0.6,0.947,4.26,0.81,7091.7,0,0,18.87,1.22,0,0
00000000-0000-0000-2d61-e9df0f39f209,usr_00617,1786413967.9092429,20.43,2,1,electronics,pos_contactless,0.65,0.1,0.714,51.98,11.24,25673.9,0,0,85.81,0.48,0,0
00000000-0000-0000-779a-6acd1611d9c2,usr_00310,1786413991.0775154,42.15,2,1,electronics,pos_chip,0.65,0.05,0.732,21.85,10.25,7442.3,0,0,155.42,0.81,0,0
00000000-0000-0000-0446-937f1eaa3bde,usr_00791,1786414032.8147705,21.87,2,1,grocery,online,0.05,0.6,0.895,23.29,5.34,3844.0,0,0,14.98,2.92,0,0
00000000-0000-0000-30d5-20d422fc1f6b,usr_00379,1786414048.3225067,12.63,2,1,general_retail,pos_chip,0.15,0.05,0.8,5.69,6.42,11253.4,0,0,25.1,0.5,0,0
00000000-0000-0000-016e-ce9e10fb4967,usr_00306,1786414051.416251,48.39,2,1,travel,online,0.4,0.6,0.835,10.51,13.13,16565.1,0,0,37.99,1.27,0,0
00000000-0000-0000-59e5-ef16b7ee44dd,usr_00487,1786414057.669675,42.08,2,1,jewelry,online,0.8,0.6,0.743,2.89,7.32,8963.4,0,0,36.45,1.15,0,0
00000000-0000-0000-6e43-b621925faebc,usr_00023,1786414077.6205668,32.09,2,1,health,pos_contactless,0.08,0.1,0.895,30.95,4.97,86400.0,0,0,0.0,1.06,0,0
00000000-0000-0000-042a-fd88473d9e8e,usr_00004,1786414078.9480526,4.74,2,1,grocery,online,0.05,0.6,0.909,9.94,11.68,86400.0,0,0,0.0,0.46,0,0
00000000-0000-0000-695b-dd582f0a33cb,usr_00910,1786414105.807816,21.73,2,1,travel,online,0.4,0.6,0.898,2.67,4.0,15247.1,0,0,11.47,1.89,0,0
00000000-0000-0000-091c-db45ae5d8592,usr_00492,1786414107.9381168,44.53,2,1,gaming,online,0.7,0.6,0.644,3.25,0.54,23767.9,0,0,40.55,1.1,0,0
00000000-0000-0000-4c22-38671de3a8f8,usr_00345,1786414118.3906417,6.43,2,1,crypto,atm,0.9,0.25,0.838,4.26,1.49,16809.6,0,0,27.43,0.47,0,0
00000000-0000-0000-2249-3f60277f8dbd,usr_00557,1786414144.2465777,16.28,2,1,electronics,pos_contactless,0.65,0.1,0.71,11.61,3.17,8518.5,0,0,37.6,1.3,0,0
00000000-0000-0000-4a42-051f46426cba,usr_00521,1786414149.0748994,16.48,2,1,general_retail,atm,0.15,0.25,0.757,32.08,11.47,86400.0,0,0,0.0,0.85,0,0
00000000-0000-0000-12b7-5e7b5c17169e,usr_00434,1786414167.3045795,64.77,2,1,restaurant,online,0.1,0.6,0.883,20.33,4.94,7886.6,0,0,127.24,1.02,0,0
00000000-0000-0000-75f7-7fbf3633cd2d,usr_00175,1786414306.94972,27.15,2,1,restaurant,pos_contactless,0.1,0.1,0.786,8.85,3.55,12924.2,0,0,16.71,1.62,0,0
00000000-0000-0000-26ea-e0508387680a,usr_00379,1786414308.6709464,32.29,2,1,utilities,atm,0.04,0.25,0.749,3.36,1.2,260.3,1,1,37.73,1.71,0,0
00000000-0000-0000-62d9-77fd2af3f524,usr_00212,1786414333.2222564,24.05,2,1,electronics,p2p,0.65,0.45,0.864,53.81,2.81,86400.0,0,0,0.0,0.71,0,0
00000000-0000-0000-0c62-f84e1cbe6487,usr_00123,1786414360.1958697,75.89,2,1,utilities,pos_contactless,0.04,0.1,0.755,4.63,3.99,86400.0,0,0,0.0,1.01,0,0
00000000-0000-0000-4ec9-e9e6dee77d1d,usr_00995,1786414387.7259347,57.3,2,1,utilities,atm,0.04,0.25,0.697,21.3,6.06,4832.3,0,0,108.16,1.06,0,0
00000000-0000-0000-2f53-f0f83b57a2af,usr_00434,1786414462.4382596,81.25,2,1,utilities,p2p,0.04,0.45,0.942,58.61,1.0,295.1,1,1,192.01,1.27,0,0
00000000-0000-0000-6a8f-0b9a1af24953,usr_00128,1786414494.0385175,29.39,2,1,electronics,online,0.65,0.6,0.901,7.25,0.73,30949.9,0,0,46.25,0.64,0,0
00000000-0000-0000-2de4-8d315bf1899f,usr_00597,1786414577.0764005,55.98,2,1,grocery,online,0.05,0.6,0.95,21.61,4.44,9914.7,0,0,114.08,0.98,0,0
00000000-0000-0000-3141-08132b4556d5,usr_00828,1786414594.6059017,76.97,2,1,electronics,pos_chip,0.65,0.05,0.757,7.65,6.47,1363.9,0,1,78.64,0.98,0,0
00000000-0000-0000-1f88-ae8d16870071,usr_00706,1786414612.8407137,39.11,2,1,grocery,pos_chip,0.05,0.05,0.894,4.98,4.49,8338.1,0,0,61.36,1.27,0,0
00000000-0000-0000-7522-9c9e90f969d6,usr_00695,1786414704.3637874,26.16,2,1,general_retail,pos_contactless,0.15,0.1,0.712,3.42,1.83,26254.3,0,0,45.62,0.57,0,0
00000000-0000-0000-2151-43d03fdf3c5d,usr_00918,1786414727.9897783,69.97,2,1,restaurant,pos_chip,0.1,0.05,0.919,0.43,4.99,27601.5,0,0,31.03,2.25,0,0
00000000-0000-0000-4764-9eafa344fcfc,usr_00782,1786414736.4470873,123.59,2,1,grocery,online,0.05,0.6,0.913,0.53,5.07,33142.1,0,0,95.04,1.3,0,0
00000000-0000-0000-024f-4dbdac4d7d46,usr_00288,1786414773.4503634,12.35,2,1,utilities,online,0.04,0.6,0.945,0.8,0.55,8345.2,0,0,61.46,0.6,0,0
00000000-0000-0000-3417-186133320c1c,usr_00155,1786414798.995469,212.91,2,1,grocery,pos_chip,0.05,0.05,0.912,10.32,0.18,9761.0,0,0,205.96,2.07,0,0
00000000-0000-0000-7281-b95e8588a28c,usr_00616,1786414831.7769191,70.84,2,1,restaurant,p2p,0.1,0.45,0.572,0.47,1.47,21726.1,0,0,262.0,1.08,0,0
00000000-0000-0000-20c8-ddba170b1c10,usr_00575,1786414855.3320577,22.72,2,1,grocery,pos_contactless,0.05,0.1,0.98,16.98,0.29,19800.6,0,0,34.07,1.33,0,0
00000000-0000-0000-0e9e-da6427b7fd29,usr_00799,1786414902.543702,259.84,2,1,restaurant,online,0.1,0.6,0.296,2104.81,2104.81,456.5,0,0,15.71,16.54,0,1
00000000-0000-0000-0970-da298179934f,usr_00016,1786414914.891104,25.63,2,1,health,pos_chip,0.08,0.05,0.879,11.22,7.31,7424.8,0,0,14.87,1.72,0,0
00000000-0000-0000-2a45-d51610f51104,usr_00919,1786414919.7673542,17.69,2,1,utilities,pos_chip,0.04,0.05,0.551,7.3,3.17,86400.0,0,0,0.0,1.65,0,0
00000000-0000-0000-1ad8-213947194811,usr_00641,1786414926.141123,32.47,2,1,grocery,online,0.05,0.6,0.749,9.96,11.82,1723.6,0,1,404.1,0.32,0,0
00000000-0000-0000-14c1-b8d029c4d31b,usr_00843,1786414958.3006673,45.9,2,1,grocery,online,0.05,0.6,0.814,4.76,0.61,12959.5,0,0,52.46,1.75,0,0
00000000-0000-0000-4bca-49bd3f66115b,usr_00211,1786414983.4776766,13.42,2,1,health,pos_chip,0.08,0.05,0.726,19.77,13.95,86400.0,0,0,0.0,0.9,0,0
00000000-0000-0000-618b-d9d1ef287eaf,usr_00449,1786415061.2935777,15.39,2,1,gaming,online,0.7,0.6,0.869,19.87,5.58,23284.4,0,0,42.88,0.72,0,0
00000000-0000-0000-7f53-c0b696587fc2,usr_00027,1786415080.5136447,96.25,2,1,utilities,p2p,0.04,0.45,0.849,0.38,1.02,21678.0,0,0,42.84,2.25,0,0
00000000-0000-0000-2875-d0e5a6db4308,usr_00772,1786415088.680733,32.03,2,1,health,online,0.08,0.6,0.712,12.02,3.42,86400.0,0,0,0.0,0.83,0,0
00000000-0000-0000-12ef-cf8747946d64,usr_00996,1786415197.0011525,77.69,2,1,restaurant,online,0.1,0.6,0.734,10.1,1.65,17739.4,0,0,119.62,1.3,0,0
00000000-0000-0000-32ef-70338362fdbd,usr_00058,1786415262.6527762,20.76,2,1,restaurant,p2p,0.1,0.45,0.902,0.72,0.74,86400.0,0,0,0.0,1.05,1,0
00000000-0000-0000-1a80-ab0c58408687,usr_00071,1786415306.3930979,11.42,2,1,restaurant,pos_chip,0.1,0.05,0.828,23.09,0.05,13285.8,0,0,31.36,0.36,0,0
00000000-0000-0000-2ed7-7e7c631d9f10,usr_00131,1786415365.0943968,26.19,2,1,general_retail,pos_chip,0.15,0.05,0.702,2.35,7.28,13653.8,0,0,19.34,1.35,0,0
00000000-0000-0000-52c2-a68961471294,usr_00290,1786415378.560933,19.13,2,1,grocery,pos_chip,0.05,0.05,0.998,12.97,0.64,86400.0,0,0,0.0,0.67,0,0
00000000-0000-0000-1f6b-ded3d287d5e8,usr_00371,1786415386.2168934,101.75,2,1,restaurant,online,0.1,0.6,0.882,9.39,1.7,9952.8,0,0,65.3,1.56,0,0
00000000-0000-0000-76a6-36f720f248be,usr_00382,1786415396.6083286,14.19,2,1,jewelry,online,0.8,0.6,0.801,2.31,3.48,86400.0,0,0,0.0,1.12,0,0
00000000-0000-0000-1f54-9ee8d6087818,usr_00242,1786415453.463213,26.22,2,1,grocery,pos_chip,0.05,0.05,0.569,32.8,0.58,3256.1,0,1,11.03,2.38,0,0
00000000-0000-0000-463a-b50e767668ff,usr_00463,1786415492.042828,7.83,2,1,electronics,online,0.65,0.6,0.946,7.61,5.33,10712.3,0,0,22.11,0.35,0,0
00000000-0000-0000-6773-b3eca990e560,usr_00560,1786415493.6489525,43.27,2,1,utilities,online,0.04,0.6,0.91,1.36,5.21,12339.0,0,0,49.8,0.87,0,0
00000000-0000-0000-736c-51bd4238819e,usr_00363,1786415523.3654857,51.29,2,1,general_retail,online,0.15,0.6,0.958,27.68,2.8,13261.5,0,0,74.93,2.05,0,0
00000000-0000-0000-174e-b24d1033e156,usr_00391,1786415532.2146444,35.84,2,1,utilities,pos_contactless,0.04,0.1,0.841,11.73,4.59,86400.0,0,0,0.0,1.05,0,0
00000000-0000-0000-52c7-996875e1de82,usr_00762,1786415617.4429934,33.65,2,1,general_retail,pos_chip,0.15,0.05,0.764,4.26,8.3,86400.0,0,0,0.0,0.65,0,0
00000000-0000-0000-494b-bbe3615753ef,usr_00629,1786415657.4762528,7.75,2,1,general_retail,pos_chip,0.15,0.05,0.923,37.9,13.93,6822.5,0,0,19.24,0.81,0,0
00000000-0000-0000-568e-4a56cf7c8d9e,usr_00255,1786415686.188866,40.72,2,1,gaming,online,0.7,0.6,0.782,1.31,3.3,4861.3,0,0,96.54,0.84,0,0
00000000-0000-0000-1821-2a46d87a0b02,usr_00674,1786415706.3341715,36.2,2,1,general_retail,online,0.15,0.6,0.841,25.66,0.32,9047.4,0,0,107.58,0.67,0,0
00000000-0000-0000-364d-4e0778761be5,usr_00173,1786415711.7707307,12.09,2,1,electronics,online,0.65,0.6,0.852,22.1,0.66,16143.3,0,0,34.81,0.69,0,0
00000000-0000-0000-00d8-8acf3c8931d9,usr_00759,1786415743.536603,61.04,2,1,grocery,pos_chip,0.05,0.05,0.952,13.21,3.48,32652.1,0,0,59.44,1.03,0,0
00000000-0000-0000-2261-304e89f2cd20,usr_00547,1786415763.363897,23.11,2,1,grocery,pos_contactless,0.05,0.1,0.692,1.02,5.32,86400.0,0,0,0.0,1.28,0,0
00000000-0000-0000-4870-da1e1e81272e,usr_00426,1786415810.1042027,71.96,2,1,grocery,pos_contactless,0.05,0.1,0.842,13.87,0.18,86400.0,0,0,0.0,1.34,0,0
00000000-0000-0000-44a2-043d00086ea9,usr_00459,1786415820.7699716,37.13,2,1,utilities,pos_contactless,0.04,0.1,0.8,10.97,1.03,6944.6,0,0,31.67,1.17,0,0
00000000-0000-0000-00a8-415c1238fcbf,usr_00126,1786415849.366798,114.77,2,1,restaurant,online,0.1,0.6,0.777,3.77,0.16,18760.0,0,0,190.54,1.2,0,0
00000000-0000-0000-3834-7429c762428c,usr_00308,1786415852.1664536,113.41,2,1,utilities,pos_contactless,0.04,0.1,0.676,12.79,1.87,86400.0,0,0,0.0,2.41,0,0
00000000-0000-0000-060e-f2b3f79cea22,usr_00125,1786415858.2282317,33.53,2,1,crypto,pos_chip,0.9,0.05,0.916,18.04,21.19,5606.9,0,0,49.18,0.68,0,0
00000000-0000-0000-09ee-3d72f438e2ab,usr_00218,1786415864.0559995,42.09,2,1,utilities,pos_chip,0.04,0.05,0.768,1.62,16.86,86400.0,0,0,0.0,1.39,0,0
00000000-0000-0000-4170-874f3307ec46,usr_00257,1786415875.4308789,9.27,2,1,grocery,pos_chip,0.05,0.05,0.926,20.8,3.06,34513.9,0,0,28.93,0.32,0,0
00000000-0000-0000-49ff-bcccb8cf4e5f,usr_00673,1786415927.8979445,12.69,2,1,restaurant,online,0.1,0.6,0.705,1.48,9.98,7514.6,0,0,20.09,0.63,0,0
00000000-0000-0000-7a3e-9cbc69484e01,usr_00710,1786415944.2593217,54.62,2,1,grocery,pos_chip,0.05,0.05,0.629,8.46,15.75,13363.8,0,0,68.23,2.4,0,0
00000000-0000-0000-29ed-e4c2ef07ecf0,usr_00949,1786415963.745463,4.22,2,1,restaurant,pos_chip,0.1,0.05,0.939,4.32,2.53,86400.0,0,0,0.0,0.84,0,0
00000000-0000-0000-377a-7938ab2a0350,usr_00145,1786415965.915542,14.1,2,1,general_retail,pos_contactless,0.15,0.1,0.655,20.2,0.14,15142.3,0,0,48.88,0.58,0,0
00000000-0000-0000-4ce3-9e07fcc7ff49,usr_00079,1786415981.5827541,15.07,2,1,restaurant,online,0.1,0.6,0.745,11.54,0.91,86400.0,0,0,0.0,0.55,0,0
00000000-0000-0000-19fa-86ff21420f4e,usr_00430,1786415998.7642918,7.05,2,1,general_retail,online,0.15,0.6,0.715,1.02,1.39,86400.0,0,0,0.0,0.4,0,0
00000000-0000-0000-4e92-57e5af683b70,usr_00208,1786416009.5085235,19.64,2,1,grocery,pos_chip,0.05,0.05,0.866,4.67,4.9,86400.0,0,0,0.0,1.0,0,0
00000000-0000-0000-1306-efcf6edd2939,usr_00292,1786416037.1438234,229.44,2,1,utilities,atm,0.04,0.25,0.679,1.58,4.65,33365.2,0,0,35.6,6.44,0,0
00000000-0000-0000-2cd5-bb38d335f69e,usr_00886,1786416054.916303,63.24,2,1,restaurant,pos_chip,0.1,0.05,0.913,11.14,2.11,19157.3,0,0,69.76,0.91,0,0
00000000-0000-0000-392e-6b85d78e04e8,usr_00022,1786416059.5440397,81.64,2,1,grocery,pos_chip,0.05,0.05,0.827,16.87,1.15,6921.2,0,0,102.13,1.6,0,0
00000000-0000-0000-5fff-7993f02db4eb,usr_00221,1786416083.1007485,31.95,2,1,grocery,p2p,0.05,0.45,0.99,5.26,3.08,28732.1,0,0,54.33,1.18,0,0
00000000-0000-0000-1328-23e17438bb58,usr_00219,1786416101.2070432,32.89,2,1,utilities,pos_chip,0.04,0.05,0.908,51.04,2.87,23242.4,0,0,12.74,2.58,0,0
00000000-0000-0000-388b-4a946eacdf93,usr_00353,1786416111.9387133,141.29,2,1,grocery,pos_chip,0.05,0.05,0.711,33.44,0.48,7711.5,0,0,201.81,2.1,0,0
00000000-0000-0000-7302-058f1453a5a8,usr_00796,1786416112.6351447,59.13,2,1,grocery,pos_contactless,0.05,0.1,0.825,6.21,3.91,15914.0,0,0,104.32,1.13,0,0
00000000-0000-0000-08b1-07a90bee3d1c,usr_00583,1786416126.3759334,18.42,2,1,general_retail,pos_chip,0.15,0.05,0.572,35.5,2.3,11804.8,0,0,33.49,1.1,0,0
00000000-0000-0000-5828-49a683b45dea,usr_00440,1786416188.7567043,12.1,2,1,electronics,online,0.65,0.6,0.891,11.97,1.94,34357.6,0,0,19.02,0.64,0,0
00000000-0000-0000-75f0-081bd10f3334,usr_00004,1786416235.342494,18.16,2,1,health,online,0.08,0.6,0.914,19.79,0.78,2156.4,0,1,4.74,3.63,0,0
00000000-0000-0000-1ea1-456d458a869b,usr_00874,1786416257.5502276,14.49,2,1,restaurant,online,0.1,0.6,0.994,16.72,0.78,86400.0,0,0,0.0,1.36,0,0
00000000-0000-0000-22be-9629497e50bc,usr_00030,1786416262.974441,179.18,2,1,general_retail,online,0.15,0.6,0.815,2.43,17.23,30778.6,0,0,118.99,1.51,0,0
00000000-0000-0000-1881-bc3679f6d52e,usr_00117,1786416300.9238923,40.92,2,1,grocery,p2p,0.05,0.45,0.822,49.7,3.13,86400.0,0,0,0.0,1.22,0,0
00000000-0000-0000-18d0-7e1ed1b070fb,usr_00196,1786416344.462117,49.69,2,1,restaurant,pos_contactless,0.1,0.1,0.762,0.93,7.06,86400.0,0,0,0.0,1.02,0,0
00000000-0000-0000-2fe5-306abd504eae,usr_00414,1786416345.6838026,21.73,2,1,gaming,atm,0.7,0.25,0.641,1.64,1.23,32856.1,0,0,19.03,1.14,0,0
00000000-0000-0000-3a29-10c05e72a6f4,usr_00821,1786416411.8238578,76.63,2,1,restaurant,online,0.1,0.6,0.933,0.99,1.59,7851.8,0,0,129.77,0.59,0,0
00000000-0000-0000-2a61-9661fba879dd,usr_00835,1786416481.8211215,16.18,2,1,health,online,0.08,0.6,0.866,44.52,12.65,5914.9,0,0,94.88,0.51,0,0
00000000-0000-0000-595a-4e19fab1c104,usr_00043,1786416488.2021174,32.06,2,1,electronics,online,0.65,0.6,0.52,44.27,4.45,86400.0,0,0,0.0,0.84,0,0
00000000-0000-0000-0dc3-07b6d80f1e80,usr_00582,1786416499.433954,23.26,2,1,health,p2p,0.08,0.45,0.528,2.99,4.42,6863.7,0,0,95.18,0.73,0,0
00000000-0000-0000-21ae-0090d7f520d5,usr_00674,1786416501.2355113,35.34,2,1,crypto,pos_contactless,0.9,0.1,0.728,4.07,7.23,794.9,0,1,143.78,0.74,0,0
00000000-0000-0000-0cf9-207faebc84d7,usr_00578,1786416542.6015918,34.76,2,1,utilities,pos_contactless,0.04,0.1,0.724,0.56,0.43,4236.1,0,0,59.07,1.77,0,0
00000000-0000-0000-3a6f-f1e860b99958,usr_00399,1786416561.3207357,26.12,2,1,jewelry,online,0.8,0.6,0.695,38.06,0.3,17298.3,0,0,13.33,1.96,0,0
00000000-0000-0000-1e6d-b4fedf980d2f,usr_00394,1786416592.9511325,67.07,2,1,health,online,0.08,0.6,0.873,9.17,0.07,11639.5,0,0,134.35,1.0,0,0
00000000-0000-0000-096c-23fd003ed562,usr_00186,1786416620.177595,19.07,2,1,electronics,online,0.65,0.6,0.791,20.6,10.86,33938.7,0,0,83.36,0.46,0,0
00000000-0000-0000-554b-c8ba513a7d98,usr_00527,1786416654.8423333,27.23,2,1,grocery,pos_chip,0.05,0.05,0.937,36.67,5.28,86400.0,0,0,0.0,0.76,0,0
00000000-0000-0000-4fd6-98bfbaf2f8d4,usr_00226,1786416670.5907984,200.01,2,1,health,pos_chip,0.08,0.05,0.806,8.75,0.81,6016.0,0,0,118.7,1.69,0,0
00000000-0000-0000-7cab-a0c75e5b82a2,usr_00999,1786416678.0169654,341.74,2,1,electronics,online,0.65,0.6,0.15,423.84,493.01,26445.2,0,0,68.44,4.99,1,1
00000000-0000-0000-462f-839f5659124e,usr_00347,1786416692.878609,47.91,2,1,utilities,atm,0.04,0.25,0.662,20.72,8.11,27189.6,0,0,62.54,0.77,0,0
00000000-0000-0000-5691-8b8ae9b95a3d,usr_00576,1786416697.2722428,115.94,2,1,restaurant,online,0.1,0.6,0.831,2.45,18.66,10310.1,0,0,379.94,1.53,0,0
00000000-0000-0000-2a7f-3f49a39e371a,usr_00586,1786416802.9878352,24.92,2,1,restaurant,pos_chip,0.1,0.05,0.816,28.52,0.36,23923.1,0,0,37.58,1.33,0,0
00000000-0000-0000-7bd5-f83b67046c29,usr_00147,1786416816.934979,36.82,2,1,utilities,online,0.04,0.6,0.86,5.73,4.79,86400.0,0,0,0.0,1.21,0,0
00000000-0000-0000-361a-afa5cf37ae1c,usr_00785,1786416825.1755986,10.99,2,1,general_retail,pos_chip,0.15,0.05,0.525,6.42,8.39,3362.4,0,1,50.17,0.44,0,0
00000000-0000-0000-7def-6abfe6f3714a,usr_00248,1786416836.4336064,463.17,2,1,grocery,p2p,0.05,0.45,0.872,1.68,1.12,7746.9,0,0,792.23,2.34,0,0
00000000-0000-0000-3412-ea8193d3779e,usr_00542,1786416848.3886766,55.36,2,1,general_retail,online,0.15,0.6,0.849,19.8,6.98,33247.4,0,0,40.66,1.36,0,0
00000000-0000-0000-1915-483e7702db3a,usr_00483,1786416866.0739315,22.49,2,1,electronics,pos_chip,0.65,0.05,0.727,0.02,6.04,34238.9,0,0,94.92,0.24,0,0
00000000-0000-0000-7525-99be5307375f,usr_00330,1786416883.852374,45.72,2,1,grocery,pos_contactless,0.05,0.1,0.797,7.31,2.69,4118.0,0,0,330.26,0.42,0,0
00000000-0000-0000-7314-b32f7bf5ac10,usr_00040,1786416892.7904723,31.99,2,1,general_retail,online,0.15,0.6,0.81,0.96,14.04,5697.4,0,0,147.19,0.65,0,0
00000000-0000-0000-475a-d59fd8350962,usr_00314,1786416910.846487,65.75,2,1,utilities,pos_chip,0.04,0.05,0.843,1.77,0.03,24716.6,0,0,66.36,0.99,0,0
00000000-0000-0000-3996-86a4d834812c,usr_00504,1786417013.0183141,3.37,2,1,travel,pos_chip,0.4,0.05,0.69,10.06,0.54,4613.1,0,0,4.78,0.67,0,0
00000000-0000-0000-6e86-b73324e6e2a8,usr_00770,1786417016.2801604,54.55,2,1,grocery,atm,0.05,0.25,0.882,7.86,5.01,86400.0,0,0,0.0,0.58,0,0
00000000-0000-0000-478c-a910a32b9224,usr_00364,1786417021.618963,61.95,2,1,restaurant,online,0.1,0.6,0.984,1.24,15.55,23122.8,0,0,48.83,2.54,0,0
00000000-0000-0000-5521-034b94c2b049,usr_00033,1786417111.4597988,18.87,2,1,restaurant,p2p,0.1,0.45,0.813,22.24,17.69,86400.0,0,0,0.0,0.93,0,0
00000000-0000-0000-7df0-c97e508717d6,usr_00983,1786417154.5862956,91.84,2,1,restaurant,pos_chip,0.1,0.05,0.574,2.9,2.66,7601.6,0,0,309.29,1.78,0,0
00000000-0000-0000-63ab-e9e84c7cfa25,usr_00195,1786417239.5912032,9.33,3,1,restaurant,pos_contactless,0.1,0.1,0.716,4.86,3.59,86400.0,0,0,0.0,0.48,0,0
00000000-0000-0000-0e97-0f7bfe1900cf,usr_00499,1786417270.7434359,13.33,3,1,utilities,online,0.04,0.6,0.963,0.7,11.18,86400.0,0,0,0.0,0.99,0,0
00000000-0000-0000-3a9d-77bce573c35d,usr_00586,1786417322.9431303,8.84,3,1,general_retail,pos_chip,0.15,0.05,0.561,1.1,5.77,520.0,0,1,62.5,0.42,0,0
00000000-0000-0000-0b7e-db77ef91d088,usr_00038,1786417325.2023828,57.98,3,1,restaurant,online,0.1,0.6,0.973,0.17,2.22,86400.0,0,0,0.0,2.87,0,0
00000000-0000-0000-1366-0d2633503153,usr_00622,1786417375.0537572,55.83,3,1,gaming,pos_contactless,0.7,0.1,0.902,11.18,3.66,10387.5,0,0,29.57,1.89,0,0
00000000-0000-0000-2b9c-c8418c613e27,usr_00918,1786417395.8348522,117.12,3,1,utilities,p2p,0.04,0.45,0.915,11.75,12.03,2667.8,0,1,101.0,2.32,0,0
00000000-0000-0000-635f-780030be4d6d,usr_00671,1786417450.0980065,62.46,3,1,gaming,online,0.7,0.6,0.864,14.2,5.41,13031.7,0,0,119.97,1.56,0,0
00000000-0000-0000-52b7-c56c140cbafd,usr_00771,1786417473.7342494,80.21,3,1,restaurant,online,0.1,0.6,0.835,10.52,3.59,22061.2,0,0,261.65,0.61,0,0
00000000-0000-0000-643b-734d202bb631,usr_00166,1786417473.9404416,60.69,3,1,health,online,0.08,0.6,0.723,5.61,5.61,3948.9,0,0,131.15,0.93,0,0
00000000-0000-0000-42c9-801cde49b77a,usr_00431,1786417483.5634673,71.91,3,1,grocery,pos_chip,0.05,0.05,0.937,4.78,5.63,4645.7,0,0,66.06,3.27,0,0
00000000-0000-0000-4e86-37c7c354b9aa,usr_00997,1786417489.3566794,61.05,3,1,grocery,p2p,0.05,0.45,0.963,1.6,1.44,19922.5,0,0,84.09,1.45,0,0
00000000-0000-0000-12f2-cbb551984494,usr_00552,1786417523.923115,29.85,3,1,travel,atm,0.4,0.25,0.619,15.43,11.0,86400.0,0,0,0.0,0.75,1,0
00000000-0000-0000-1fd2-f2a7e0ebaf6d,usr_00906,1786417551.5679922,18.2,3,1,gaming,online,0.7,0.6,0.922,0.6,6.62,86400.0,0,0,0.0,0.63,0,0
00000000-0000-0000-6428-5261b582c507,usr_00692,1786417560.721768,38.99,3,1,restaurant,online,0.1,0.6,0.841,22.19,6.58,12588.0,0,0,28.18,1.38,0,0
00000000-0000-0000-5403-29d4b7a9c325,usr_00657,1786417574.2359889,15.08,3,1,travel,atm,0.4,0.25,0.892,3.43,0.79,29783.8,0,0,40.89,0.37,0,0
00000000-0000-0000-5194-25c9e0ed91f0,usr_00547,1786417580.4776726,18.23,3,1,restaurant,online,0.1,0.6,0.959,31.15,0.17,1817.1,0,1,23.11,0.79,0,0
00000000-0000-0000-6651-5364cca19a29,usr_00278,1786417586.1466935,54.26,3,1,restaurant,online,0.1,0.6,0.918,4.42,4.99,16322.2,0,0,116.46,0.47,0,0
00000000-0000-0000-6f3a-9805f91eb881,usr_00690,1786417588.869417,39.89,3,1,crypto,pos_contactless,0.9,0.1,0.827,20.99,3.08,12801.6,0,0,64.06,1.25,0,0
00000000-0000-0000-73e2-fe66fd2ea182,usr_00792,1786417607.5718186,39.0,3,1,grocery,online,0.05,0.6,0.599,7.06,1.09,86400.0,0,0,0.0,0.87,0,0
00000000-0000-0000-39f0-4b1eafb528d5,usr_00454,1786417615.495001,13.77,3,1,utilities,online,0.04,0.6,0.851,48.5,0.86,4553.7,0,0,164.89,0.33,1,0
00000000-0000-0000-522d-b51535d74969,usr_00528,1786417630.8416054,16.51,3,1,grocery,pos_contactless,0.05,0.1,0.844,13.43,8.04,13591.5,0,0,128.37,0.26,0,0
00000000-0000-0000-1040-181084dd14e4,usr_00637,1786417652.2291806,11.58,3,1,gaming,online,0.7,0.6,0.88,1.84,2.33,5348.9,0,0,68.01,0.68,0,0
00000000-0000-0000-17fb-ca52beaa4412,usr_00758,1786417674.5357523,112.43,3,1,restaurant,pos_contactless,0.1,0.1,0.731,11.15,2.52,86400.0,0,0,0.0,2.31,0,0
00000000-0000-0000-1a83-16d0c790bfe7,usr_00504,1786417680.5432951,16.1,3,1,restaurant,pos_contactless,0.1,0.1,0.549,12.54,1.86,667.5,0,1,8.15,3.22,0,0
00000000-0000-0000-6ab0-2b5c8418abac,usr_00359,1786417689.5819733,16.93,3,1,crypto,pos_contactless,0.9,0.1,0.837,15.53,17.4,86400.0,0,0,0.0,0.56,0,0
00000000-0000-0000-5f06-54580d212481,usr_00001,1786417689.9395895,11.88,3,1,general_retail,pos_chip,0.15,0.05,0.953,2.81,2.82,86400.0,0,0,0.0,0.67,0,0
00000000-0000-0000-2f24-3ed648465e05,usr_00543,1786417703.3948863,21.36,3,1,gaming,pos_chip,0.7,0.05,0.714,16.65,3.07,25300.7,0,0,9.3,2.3,0,0
00000000-0000-0000-0b0b-ab7ce9ef6482,usr_00692,1786417738.1435263,37.28,3,1,restaurant,pos_chip,0.1,0.05,0.856,0.94,3.52,177.4,1,1,67.17,1.11,0,0
00000000-0000-0000-5882-896b9e05393b,usr_00077,1786417739.0708807,30.91,3,1,restaurant,pos_chip,0.1,0.05,0.839,60.18,0.21,86400.0,0,0,0.0,0.85,0,0
00000000-0000-0000-5d77-59012bf53afe,usr_00820,1786417784.557826,19.67,3,1,restaurant,pos_chip,0.1,0.05,0.866,0.39,1.72,14227.5,0,0,137.13,0.57,0,0
00000000-0000-0000-7e35-e3326103efb2,usr_00545,1786417841.4027824,19.06,3,1,general_retail,pos_chip,0.15,0.05,0.923,0.34,5.24,86400.0,0,0,0.0,0.63,0,0
00000000-0000-0000-1135-b4ed2a7b1c2d,usr_00648,1786417862.3319838,27.77,3,1,restaurant,pos_chip,0.1,0.05,0.675,18.77,0.16,12105.1,0,0,176.73,0.63,1,0
00000000-0000-0000-61cd-d933bd9ed473,usr_00039,1786417907.9237633,21.42,3,1,general_retail,pos_contactless,0.15,0.1,0.909,12.17,6.95,10263.6,0,0,233.66,0.37,0,0
00000000-0000-0000-4a5c-335bca646be8,usr_00610,1786417923.3951325,14.6,3,1,gaming,online,0.7,0.6,0.667,4.93,5.0,86400.0,0,0,0.0,0.82,0,0
00000000-0000-0000-3f1a-0a8095284339,usr_00245,1786417931.6301494,17.53,3,1,grocery,pos_chip,0.05,0.05,0.771,9.39,2.97,86400.0,0,0,0.0,1.15,0,0
00000000-0000-0000-2c56-aee6460cff58,usr_00883,1786417933.214449,52.14,3,1,general_retail,pos_chip,0.15,0.05,0.791,0.03,4.36,9445.0,0,0,47.03,3.33,0,0
00000000-0000-0000-6125-c6b5ee5c1a5a,usr_00853,1786417934.486866,26.02,3,1,restaurant,p2p,0.1,0.45,0.847,12.58,9.93,16168.7,0,0,127.0,0.61,0,0
00000000-0000-0000-717a-7ce92321e0fb,usr_00447,1786417980.3438573,17.15,3,1,utilities,online,0.04,0.6,0.637,3.69,6.56,86400.0,0,0,0.0,0.63,0,0
00000000-0000-0000-7268-76114057b79d,usr_00815,1786418049.4728813,21.98,3,1,utilities,pos_chip,0.04,0.05,0.751,0.26,0.67,5590.6,0,0,54.46,0.4,0,0
00000000-0000-0000-75e8-35b91affa46d,usr_00484,1786418069.2596319,22.0,3,1,restaurant,pos_chip,0.1,0.05,0.784,4.52,0.42,34320.8,0,0,82.26,0.27,0,0
00000000-0000-0000-5d9a-05282e035e1f,usr_00416,1786418125.0469608,147.17,3,1,restaurant,pos_chip,0.1,0.05,0.905,7.36,2.35,21646.8,0,0,58.18,2.53,0,0
00000000-0000-0000-3a38-b645f76fb8da,usr_00683,1786418150.686196,14.55,3,1,restaurant,pos_contactless,0.1,0.1,0.946,1.46,11.19,29174.1,0,0,20.08,0.72,0,0
00000000-0000-0000-2328-54c799caa436,usr_00412,1786418192.6448956,49.53,3,1,grocery,pos_chip,0.05,0.05,0.933,6.67,2.14,25999.9,0,0,68.07,2.18,0,0
00000000-0000-0000-0ccf-d76cca70496c,usr_00311,1786418216.2683578,89.8,3,1,utilities,pos_chip,0.04,0.05,0.775,5.58,4.75,5367.3,0,0,27.19,3.3,0,0
00000000-0000-0000-554a-1329c7c27771,usr_00168,1786418238.834532,32.7,3,1,utilities,pos_contactless,0.04,0.1,0.741,5.45,3.99,16525.5,0,0,20.19,1.62,0,0
00000000-0000-0000-1c20-b33500b2900d,usr_00388,1786418249.4940467,20.55,3,1,utilities,online,0.04,0.6,0.838,43.95,2.62,25253.9,0,0,38.81,0.53,0,0
00000000-0000-0000-753b-e630592dfd68,usr_00829,1786418273.02597,13.87,3,1,health,online,0.08,0.6,0.732,8.42,0.03,86400.0,0,0,0.0,2.08,0,0
00000000-0000-0000-6790-521e6c12565a,usr_00079,1786418280.5402973,57.89,3,1,restaurant,pos_contactless,0.1,0.1,0.838,4.55,1.09,2299.0,0,1,15.07,3.84,0,0
00000000-0000-0000-1dc1-06739e50b884,usr_00196,1786418281.975527,62.83,3,1,health,pos_contactless,0.08,0.1,0.927,6.51,5.36,1937.5,0,1,49.69,1.26,0,0
00000000-0000-0000-3d59-b04c63f8a295,usr_00077,1786418301.1624477,41.23,3,1,travel,online,0.4,0.6,0.879,5.82,2.69,562.1,0,1,30.91,1.33,0,0
00000000-0000-0000-0360-fe54fb265a14,usr_00071,1786418303.6267402,12.93,3,1,jewelry,pos_chip,0.8,0.05,0.707,3.52,0.75,2997.2,0,1,42.78,0.6,0,0
00000000-0000-0000-30d5-cbed23773518,usr_00787,1786418317.8371603,11.12,3,1,travel,online,0.4,0.6,0.923,3.02,4.09,21526.5,0,0,58.77,0.19,0,0
00000000-0000-0000-28b5-b1495b2e5f08,usr_00652,1786418318.388806,50.12,3,1,jewelry,online,0.8,0.6,0.983,2.18,1.71,28167.4,0,0,168.09,0.6,0,0
00000000-0000-0000-64fd-388303de3c59,usr_00870,1786418342.242059,42.01,3,1,utilities,pos_chip,0.04,0.05,0.96,8.13,5.1,17035.0,0,0,53.5,0.79,0,0
00000000-0000-0000-7a63-3b5d335864a3,usr_00905,1786418351.7033713,34.71,3,1,utilities,pos_chip,0.04,0.05,0.788,8.59,17.49,86400.0,0,0,0.0,0.3,0,0
00000000-0000-0000-7baf-7172488dfa98,usr_00693,1786418355.0193126,7.37,3,1,travel,online,0.4,0.6,0.922,15.11,4.16,10543.1,0,0,8.47,0.87,0,0
00000000-0000-0000-7429-1e3c0180bbef,usr_00889,1786418368.3932855,23.39,3,1,travel,online,0.4,0.6,0.631,56.04,0.52,14327.3,0,0,20.94,1.12,0,0
00000000-0000-0000-091a-320173fb898d,usr_00729,1786418380.9816308,14.74,3,1,general_retail,p2p,0.15,0.45,0.614,10.13,0.99,86400.0,0,0,0.0,0.87,0,0
00000000-0000-0000-10d4-f51b4bb7baeb,usr_00920,1786418417.8532481,26.52,3,1,grocery,online,0.05,0.6,0.895,33.21,6.75,86400.0,0,0,0.0,0.97,0,0
00000000-0000-0000-0d84-37fc2bcea13d,usr_00732,1786418480.9021142,60.25,3,1,grocery,atm,0.05,0.25,0.871,21.2,7.81,6546.8,0,0,186.59,1.29,1,0
00000000-0000-0000-5d7e-3d141af75471,usr_00165,1786418516.117839,94.45,3,1,jewelry,pos_contactless,0.8,0.1,0.865,10.02,15.75,10381.7,0,0,68.96,2.74,0,0
00000000-0000-0000-1b1d-15ac8479942b,usr_00064,1786418519.3048844,78.44,3,1,restaurant,pos_chip,0.1,0.05,0.775,2.95,10.68,10048.3,0,0,107.25,1.46,0,0
00000000-0000-0000-0c63-f5aa57ac3da1,usr_00947,1786418526.0035949,5.15,3,1,restaurant,pos_contactless,0.1,0.1,0.686,0.77,0.51,86400.0,0,0,0.0,0.9,0,0
00000000-0000-0000-520b-02d4967f5501,usr_00657,1786418684.4879203,35.95,3,1,jewelry,online,0.8,0.6,0.818,4.25,24.38,1110.3,0,1,55.97,1.28,1,0
00000000-0000-0000-0cd9-8b5d9b142519,usr_00084,1786418697.5366476,15.25,3,1,health,atm,0.08,0.25,0.963,8.24,0.61,14416.7,0,0,10.63,1.43,0,0
00000000-0000-0000-6620-7364baa2fd2c,usr_00588,1786418710.2653067,24.52,3,1,restaurant,online,0.1,0.6,0.938,9.3,1.35,17628.3,0,0,61.91,0.79,0,0
00000000-0000-0000-0927-ea07d43298cf,usr_00784,1786418752.3419158,10.83,3,1,utilities,atm,0.04,0.25,0.75,41.01,1.55,86400.0,0,0,0.0,0.32,0,0
00000000-0000-0000-6d0f-f108a748f3db,usr_00684,1786418792.939932,40.96,3,1,electronics,pos_chip,0.65,0.05,0.941,7.35,15.55,18160.7,0,0,37.21,1.1,0,0
00000000-0000-0000-73f3-2de2c33a4cbf,usr_00658,1786418796.442319,58.76,3,1,restaurant,online,0.1,0.6,0.753,4.42,18.85,32055.2,0,0,309.71,0.57,0,0
00000000-0000-0000-0667-02522eba892f,usr_00929,1786418818.989938,51.68,3,1,utilities,atm,0.04,0.25,0.741,15.58,4.35,21047.9,0,0,79.52,1.3,0,0
00000000-0000-0000-2fa6-02c76d7a426c,usr_00365,1786418822.101668,146.84,3,1,utilities,pos_chip,0.04,0.05,0.897,1.85,3.95,86400.0,0,0,0.0,1.82,0,0
00000000-0000-0000-7cba-d11c9d2a32ef,usr_00564,1786418867.542813,39.02,3,1,grocery,online,0.05,0.6,0.773,23.58,2.4,16232.3,0,0,62.44,0.62,0,0
00000000-0000-0000-1915-55fad5063662,usr_00749,1786418869.5062397,17.55,3,1,restaurant,pos_chip,0.1,0.05,0.897,13.17,4.99,32020.6,0,0,36.36,0.48,0,0
00000000-0000-0000-258f-4f9fd2cc8857,usr_00375,1786418888.6902785,252.52,3,1,restaurant,pos_contactless,0.1,0.1,0.733,4.48,18.44,26256.4,0,0,112.09,2.25,0,0
00000000-0000-0000-45d6-332788166b61,usr_00314,1786418940.6827514,18.84,3,1,restaurant,pos_chip,0.1,0.05,0.908,17.24,0.4,2029.8,0,1,132.11,0.29,0,0
00000000-0000-0000-6187-6a135bb42e51,usr_00512,1786418955.2518644,47.51,3,1,travel,pos_contactless,0.4,0.1,0.922,26.36,3.94,15195.3,0,0,108.65,1.75,0,0
00000000-0000-0000-24af-8dfb0ca64e65,usr_00000,1786418986.3235292,24.71,3,1,restaurant,pos_contactless,0.1,0.1,0.905,15.14,2.07,86400.0,0,0,0.0,0.62,0,0
00000000-0000-0000-0601-7ce444ee6312,usr_00197,1786419008.4971492,15.54,3,1,grocery,online,0.05,0.6,0.765,42.91,2.18,9628.0,0,0,66.22,0.47,0,0
00000000-0000-0000-7c84-fa519a616214,usr_00287,1786419058.5002742,46.13,3,1,grocery,pos_contactless,0.05,0.1,0.824,5.14,3.98,20365.6,0,0,78.01,1.18,0,0
00000000-0000-0000-0f17-521bf6d1353e,usr_00213,1786419134.9889703,22.27,3,1,utilities,online,0.04,0.6,0.979,21.02,13.68,86400.0,0,0,0.0,0.9,0,0
00000000-0000-0000-0605-d0c119587074,usr_00834,1786419166.588549,15.36,3,1,grocery,online,0.05,0.6,0.743,15.1,8.42,86400.0,0,0,0.0,0.73,0,0
00000000-0000-0000-2231-31780a4b0a37,usr_00415,1786419231.3600368,51.61,3,1,restaurant,atm,0.1,0.25,0.944,31.02,5.8,86400.0,0,0,0.0,1.38,0,0
00000000-0000-0000-198b-42fdd24a8fcd,usr_00304,1786419242.1806552,19.48,3,1,grocery,pos_chip,0.05,0.05,0.64,10.26,0.5,17584.4,0,0,43.09,0.45,0,0
00000000-0000-0000-5bad-3483a3e4e69b,usr_00952,1786419261.9056613,99.94,3,1,grocery,p2p,0.05,0.45,0.756,14.09,0.91,13887.0,0,0,28.4,3.52,0,0
00000000-0000-0000-016a-269d1d5afee0,usr_00331,1786419276.8347986,46.65,3,1,grocery,p2p,0.05,0.45,0.616,12.67,0.63,86400.0,0,0,0.0,0.96,0,0
00000000-0000-0000-4f7b-8e6c1fd71193,usr_00425,1786419343.690983,26.23,3,1,general_retail,pos_contactless,0.15,0.1,0.68,12.43,6.28,18480.3,0,0,36.5,0.72,0,0
00000000-0000-0000-7f02-0b39fe86fd54,usr_00446,1786419386.206146,71.97,3,1,grocery,pos_chip,0.05,0.05,0.969,13.72,7.63,21421.6,0,0,110.88,0.65,0,0
00000000-0000-0000-0bf8-5818cc8b2a3d,usr_00880,1786419395.5775454,22.01,3,1,general_retail,online,0.15,0.6,0.901,16.48,1.39,33953.4,0,0,62.71,0.7,0,0
00000000-0000-0000-1cf2-d1e55521f1e6,usr_00494,1786419407.3010302,57.02,3,1,grocery,pos_chip,0.05,0.05,0.792,27.46,13.96,25191.1,0,0,33.68,1.69,0,0
00000000-0000-0000-5a2d-5f142cae4f89,usr_00655,1786419486.148468,23.46,3,1,health,pos_chip,0.08,0.05,0.809,0.13,3.13,86400.0,0,0,0.0,0.58,0,0
00000000-0000-0000-60e1-08bb80c35db0,usr_00098,1786419493.042338,52.18,3,1,grocery,pos_contactless,0.05,0.1,0.943,3.59,1.64,6607.6,0,0,65.71,0.79,0,0
00000000-0000-0000-7fa8-fb74f93c8249,usr_00032,1786419505.7808447,19.34,3,1,restaurant,p2p,0.1,0.45,0.739,30.87,8.37,86400.0,0,0,0.0,0.79,0,0
00000000-0000-0000-0762-3c6a6cbfaf5c,usr_00847,1786419517.1916306,66.97,3,1,grocery,online,0.05,0.6,0.929,14.35,0.8,20077.3,0,0,147.91,0.91,0,0
00000000-0000-0000-2ca9-3ef670d917f8,usr_00719,1786419517.8660612,18.69,3,1,grocery,atm,0.05,0.25,0.941,7.17,4.16,10266.6,0,0,48.45,0.77,0,0
00000000-0000-0000-51b0-46c52b3d8658,usr_00185,1786419540.1786644,31.82,3,1,restaurant,pos_chip,0.1,0.05,0.868,3.7,4.46,28487.0,0,0,47.17,0.67,0,0
00000000-0000-0000-05b8-4b9c87009ef3,usr_00077,1786419553.639803,54.71,3,1,health,online,0.08,0.6,0.938,10.39,1.36,1252.5,0,2,72.14,1.52,0,0
00000000-0000-0000-2c37-2600f9ee1796,usr_00313,1786419556.9386914,19.05,3,1,general_retail,atm,0.15,0.25,0.71,2.54,1.43,27312.5,0,0,36.62,0.52,0,0
00000000-0000-0000-241e-d540b3a13433,usr_00334,1786419557.3769436,19.76,3,1,health,atm,0.08,0.25,0.965,8.51,2.81,86400.0,0,0,0.0,0.59,0,0
00000000-0000-0000-2bb8-1cdb64fb9c7b,usr_00408,1786419571.161065,2.32,3,1,health,atm,0.08,0.25,0.92,11.79,3.25,86400.0,0,0,0.0,0.23,0,0
00000000-0000-0000-7e39-2809eacdb9f1,usr_00155,1786419614.112768,87.42,3,1,grocery,pos_contactless,0.05,0.1,0.61,26.31,1.82,4815.1,0,0,418.87,0.63,0,0
00000000-0000-0000-04ed-2cf4bada5cc1,usr_00160,1786419652.6969562,19.0,3,1,restaurant,online,0.1,0.6,0.666,1.52,6.93,24859.5,0,0,86.96,0.66,0,0
00000000-0000-0000-1739-c8b572490b51,usr_00285,1786419659.494191,57.56,3,1,restaurant,online,0.1,0.6,0.702,17.82,9.1,9373.5,0,0,45.69,3.78,0,0
00000000-0000-0000-3214-f86c759bb08d,usr_00801,1786419668.5215404,50.56,3,1,general_retail,pos_chip,0.15,0.05,0.55,23.07,0.89,86400.0,0,0,0.0,2.93,0,0
00000000-0000-0000-4edd-3ccdf0de6fbd,usr_00399,1786419685.13485,20.11,3,1,general_retail,pos_contactless,0.15,0.1,0.752,2.83,1.27,3123.8,0,1,39.45,1.02,0,0
00000000-0000-0000-78d2-5a7b4429849f,usr_00511,1786419687.5252519,20.39,3,1,restaurant,pos_chip,0.1,0.05,0.476,4.31,14.15,86400.0,0,0,0.0,0.74,0,0
00000000-0000-0000-4534-30ec6bf98b0d,usr_00396,1786419713.0454366,76.81,3,1,grocery,pos_chip,0.05,0.05,0.679,14.37,4.79,24533.0,0,0,95.4,0.81,0,0
00000000-0000-0000-3de4-6a7516a3d953,usr_00623,1786419720.4882307,23.86,3,1,electronics,pos_contactless,0.65,0.1,0.891,11.47,9.46,31446.5,0,0,25.41,0.94,0,0
00000000-0000-0000-6cc5-7139819f3fc9,usr_00322,1786419773.721258,55.51,3,1,restaurant,p2p,0.1,0.45,0.862,1.69,0.54,33484.4,0,0,44.96,1.23,0,0
00000000-0000-0000-4b8a-5aeef7668b2f,usr_00376,1786419799.8254123,68.26,3,1,travel,online,0.4,0.6,0.885,6.98,1.34,13732.1,0,0,136.64,2.0,0,0
00000000-0000-0000-056c-15750824ad2f,usr_00965,1786419809.1716356,27.04,3,1,restaurant,online,0.1,0.6,0.63,2.61,1.85,7278.5,0,0,10.87,2.49,0,0
00000000-0000-0000-4a62-1d08cd8e1f84,usr_00807,1786419850.6008523,13.74,3,1,grocery,pos_contactless,0.05,0.1,0.99,7.14,0.35,26205.4,0,0,39.51,0.7,0,0
00000000-0000-0000-5443-d1f739ca39c3,usr_00827,1786419907.767282,29.87,3,1,utilities,atm,0.04,0.25,0.814,18.39,10.9,86400.0,0,0,0.0,0.97,0,0
00000000-0000-0000-1c74-ebf3361c8236,usr_00452,1786419927.3759325,74.19,3,1,grocery,pos_contactless,0.05,0.1,0.745,11.88,0.75,86400.0,0,0,0.0,0.69,0,0
00000000-0000-0000-1022-9149477fa8b6,usr_00223,1786419935.407403,34.82,3,1,restaurant,p2p,0.1,0.45,0.705,1.6,1.62,16876.0,0,0,25.7,1.35,0,0
00000000-0000-0000-2287-85df55091d01,usr_00972,1786420018.4138167,26.35,3,1,restaurant,pos_contactless,0.1,0.1,0.829,10.18,3.1,9082.6,0,0,93.98,0.84,0,0
00000000-0000-0000-614c-ceff560b307d,usr_00626,1786420068.9709425,39.75,3,1,health,pos_contactless,0.08,0.1,0.692,23.79,0.01,23325.2,0,0,28.02,1.42,0,0
00000000-0000-0000-4129-c1ca0e964606,usr_00897,1786420129.9613674,25.54,3,1,restaurant,atm,0.1,0.25,0.875,9.69,3.75,86400.0,0,0,0.0,1.29,0,0
00000000-0000-0000-4e0f-c4299a4a123f,usr_00980,1786420157.8959928,58.3,3,1,grocery,pos_contactless,0.05,0.1,0.602,16.25,12.01,12340.4,0,0,57.4,1.02,0,0
00000000-0000-0000-1f08-a758072035d6,usr_00541,1786420184.00947,17.88,3,1,travel,online,0.4,0.6,0.865,9.94,1.99,38023.6,0,0,23.65,0.76,0,0
00000000-0000-0000-2e7d-0fb623e7eb1d,usr_00173,1786420213.7757025,12.14,3,1,crypto,pos_contactless,0.9,0.1,0.761,7.8,1.16,4502.0,0,0,46.9,0.78,0,0
00000000-0000-0000-7651-a7ee3397a606,usr_00812,1786420218.2809029,60.26,3,1,general_retail,pos_chip,0.15,0.05,0.574,1.0,7.46,35672.3,0,0,45.91,1.31,0,0
00000000-0000-0000-5148-602ab628792b,usr_00014,1786420241.7175262,79.35,3,1,grocery,online,0.05,0.6,0.812,28.89,4.18,11826.1,0,0,70.23,2.26,0,0
00000000-0000-0000-7177-280101e8d965,usr_00043,1786420246.4820633,39.47,3,1,grocery,online,0.05,0.6,0.654,4.74,4.32,3758.3,0,0,32.06,1.23,0,0
00000000-0000-0000-7a88-47912af9245c,usr_00524,1786420253.9201896,59.48,3,1,electronics,pos_contactless,0.65,0.1,0.898,4.19,0.37,9971.2,0,0,203.43,0.58,0,0
00000000-0000-0000-5fb2-60a760a2376f,usr_00813,1786420263.8033986,20.94,3,1,general_retail,online,0.15,0.6,0.856,38.2,1.18,32000.3,0,0,35.68,1.17,0,0
00000000-0000-0000-7006-c70d1932c95c,usr_00460,1786420299.980859,51.66,3,1,health,pos_contactless,0.08,0.1,0.913,5.86,18.07,20650.2,0,0,139.48,1.48,0,0
00000000-0000-0000-05af-e395d2276ef7,usr_00074,1786420317.966001,68.19,3,1,health,online,0.08,0.6,0.948,1.12,5.2,19340.6,0,0,80.41,1.7,0,0
00000000-0000-0000-6c8c-0b184241f5df,usr_00613,1786420335.9258518,53.31,3,1,travel,pos_contactless,0.4,0.1,0.557,8.96,5.37,18135.7,0,0,154.35,0.69,0,0
00000000-0000-0000-739c-6ae3b922879a,usr_00331,1786420362.8469126,54.41,3,1,electronics,pos_contactless,0.65,0.1,0.737,13.16,7.08,1086.0,0,1,46.65,1.17,0,0
00000000-0000-0000-0259-e00c451a289d,usr_00017,1786420380.6882937,16.13,3,1,grocery,online,0.05,0.6,0.935,0.44,2.36,39315.6,0,0,19.43,0.83,0,0
00000000-0000-0000-2692-c9f6afba7f01,usr_00385,1786420412.1986277,33.41,3,1,restaurant,pos_chip,0.1,0.05,0.979,21.92,7.43,21048.2,0,0,25.21,1.33,0,0
00000000-0000-0000-3b40-8dc358108065,usr_00155,1786420414.126106,105.53,3,1,restaurant,pos_contactless,0.1,0.1,0.842,7.56,2.67,800.0,0,1,506.29,0.83,0,0
00000000-0000-0000-31fa-a7846ad29506,usr_00040,1786420426.8530605,131.55,3,1,travel,online,0.4,0.6,0.572,44.35,0.04,3534.1,0,1,179.18,2.94,0,0
00000000-0000-0000-2045-3d9306fa4ef9,usr_00291,1786420445.5010881,48.45,3,1,restaurant,online,0.1,0.6,0.871,18.44,1.3,20558.7,0,0,256.71,0.75,0,0
00000000-0000-0000-5622-a9e835bf0ea0,usr_00410,1786420448.4182925,8.57,3,1,gaming,online,0.7,0.6,0.855,6.37,17.9,14318.8,0,0,34.81,0.49,0,0
00000000-0000-0000-67db-4eb35f1b4223,usr_00815,1786420463.7814293,47.79,3,1,restaurant,online,0.1,0.6,0.693,12.16,0.7,2414.3,0,1,76.44,1.25,0,0
00000000-0000-0000-00cb-f893ae24ecb2,usr_00464,1786420479.4492595,14.21,3,1,general_retail,pos_chip,0.15,0.05,0.953,25.12,4.12,20935.5,0,0,15.53,0.92,0,0
00000000-0000-0000-03d6-56f3eb027104,usr_00868,1786420510.1813512,16.83,3,1,gaming,online,0.7,0.6,0.625,14.46,1.25,86400.0,0,0,0.0,0.72,0,0
00000000-0000-0000-2ec9-0f5f6d173a80,usr_00763,1786420520.0273736,27.23,3,1,electronics,pos_contactless,0.65,0.1,0.619,32.67,4.03,13530.3,0,0,145.28,0.37,0,0
00000000-0000-0000-7548-18e0f1160c10,usr_00821,1786420547.461702,112.68,3,1,grocery,p2p,0.05,0.45,0.933,57.67,4.72,4135.6,0,0,206.4,1.09,0,0
00000000-0000-0000-3122-9d1dd86f1a58,usr_00216,1786420581.641983,36.5,3,1,utilities,online,0.04,0.6,0.806,10.77,0.99,30632.3,0,0,43.46,0.84,0,0
00000000-0000-0000-5393-694ef659629a,usr_00517,1786420611.1343927,52.08,3,1,travel,online,0.4,0.6,0.794,12.87,6.76,13850.9,0,0,71.54,2.18,0,0
00000000-0000-0000-3b5d-f177357f9c0f,usr_00162,1786420619.141607,57.28,3,1,utilities,pos_contactless,0.04,0.1,0.799,9.57,0.83,17156.0,0,0,152.27,0.38,0,0
00000000-0000-0000-2a1a-42ca2da7e32d,usr_00895,1786420651.790444,101.64,3,1,utilities,online,0.04,0.6,0.726,10.4,7.86,16640.6,0,0,78.65,1.29,0,0
00000000-0000-0000-2012-1aba3a959eb9,usr_00776,1786420681.8259394,22.77,3,1,grocery,p2p,0.05,0.45,0.661,19.02,3.17,12623.9,0,0,34.19,0.67,0,0
00000000-0000-0000-63a4-d44456266bdc,usr_00985,1786420691.5764832,56.69,3,1,general_retail,online,0.15,0.6,0.718,0.2,15.93,35209.4,0,0,30.59,1.85,0,0
00000000-0000-0000-3610-c0fc6c376fa6,usr_00068,1786420698.2294412,37.92,3,1,utilities,atm,0.04,0.25,0.846,12.79,0.49,8095.7,0,0,185.11,0.82,0,0
00000000-0000-0000-5647-d07cd2af9676,usr_00188,1786420707.5852232,8.07,3,1,general_retail,pos_chip,0.15,0.05,0.887,5.86,2.55,86400.0,0,0,0.0,0.55,0,0
00000000-0000-0000-5a23-3c6c3b1df9b6,usr_00619,1786420711.915947,52.08,3,1,general_retail,pos_contactless,0.15,0.1,0.934,0.61,4.11,19421.3,0,0,253.22,0.41,0,0
00000000-0000-0000-0a0a-dac5d33c7b8b,usr_00415,1786420732.4345965,34.58,3,1,general_retail,online,0.15,0.6,0.968,23.43,13.93,1501.1,0,1,51.61,0.67,0,0
00000000-0000-0000-5bbd-93b5e119a90e,usr_00450,1786420750.9786,41.4,3,1,utilities,pos_contactless,0.04,0.1,0.693,10.9,9.6,86400.0,0,0,0.0,1.35,1,0
00000000-0000-0000-7683-5aff64db3361,usr_00734,1786420765.8439686,35.79,3,1,grocery,atm,0.05,0.25,0.713,18.31,6.54,8889.9,0,0,117.03,0.61,0,0
00000000-0000-0000-23c3-055989ebdbf9,usr_00595,1786420774.6070538,22.05,3,1,restaurant,atm,0.1,0.25,0.755,0.56,1.52,86400.0,0,0,0.0,0.86,0,0
00000000-0000-0000-7e80-8d5fa5eace8e,usr_00148,1786420777.3246965,75.29,3,1,restaurant,online,0.1,0.6,0.599,6.68,1.37,13877.1,0,0,175.69,1.29,0,0
00000000-0000-0000-1426-b17193221f80,usr_00850,1786420834.5374897,55.11,4,1,restaurant,pos_chip,0.1,0.05,0.981,5.72,1.8,19289.3,0,0,38.81,2.84,0,0
00000000-0000-0000-48e8-c96cbf2b6f35,usr_00662,1786420855.883685,19.5,4,1,utilities,pos_chip,0.04,0.05,0.745,7.41,1.9,39455.9,0,0,13.8,1.41,0,0
00000000-0000-0000-1d09-34fb95ef6fbd,usr_00753,1786420893.8416467,122.34,4,1,restaurant,atm,0.1,0.25,0.686,10.48,3.14,29368.7,0,0,110.84,1.1,0,0
00000000-0000-0000-38a0-3b1098e1b5e6,usr_00818,1786420938.5545611,46.45,4,1,restaurant,pos_contactless,0.1,0.1,0.645,15.41,5.89,27321.6,0,0,38.35,1.21,0,0
00000000-0000-0000-7d85-2bf79ac95243,usr_00244,1786420976.7558782,133.33,4,1,electronics,online,0.65,0.6,0.865,4.52,2.88,8336.6,0,0,407.79,0.98,0,0
00000000-0000-0000-0564-449836d18d28,usr_00339,1786420990.6560695,56.18,4,1,travel,pos_contactless,0.4,0.1,0.585,24.6,0.87,86400.0,0,0,0.0,1.18,1,0
00000000-0000-0000-426e-b09abfd01423,usr_00761,1786421015.6264079,55.65,4,1,restaurant,online,0.1,0.6,0.804,0.18,12.95,8375.3,0,0,68.69,1.62,0,0
00000000-0000-0000-7c89-68bc42aef775,usr_00842,1786421016.767281,135.18,4,1,utilities,pos_chip,0.04,0.05,0.824,17.85,0.71,30268.8,0,0,62.17,2.17,0,0
00000000-0000-0000-3e03-8b8b3a77aa51,usr_00243,1786421059.3859026,14.9,4,1,utilities,pos_chip,0.04,0.05,0.863,10.06,3.39,22634.7,0,0,36.41,0.82,0,0
00000000-0000-0000-2003-ab9fc8fb0cd7,usr_00227,1786421118.8703282,153.44,4,1,electronics,online,0.65,0.6,0.824,0.09,1.06,86400.0,0,0,0.0,1.5,0,0
00000000-0000-0000-0923-b086ac69c771,usr_00006,1786421187.3082962,19.99,4,1,health,online,0.08,0.6,0.89,1.01,7.73,20097.8,0,0,52.27,0.38,0,0
00000000-0000-0000-2e5d-0d9389c0d2e3,usr_00710,1786421194.2590277,60.09,4,1,grocery,online,0.05,0.6,0.745,11.7,2.53,5250.0,0,0,122.85,1.96,0,0
00000000-0000-0000-34b8-0b95dcda4d49,usr_00291,1786421200.4867275,32.04,4,1,restaurant,pos_chip,0.1,0.05,0.517,2.16,11.95,755.0,0,1,305.16,0.52,0,0
00000000-0000-0000-3ca9-27f64203b85c,usr_00222,1786421217.595942,54.46,4,1,utilities,online,0.04,0.6,0.799,3.4,9.11,86400.0,0,0,0.0,1.48,0,0
00000000-0000-0000-545e-99aa4d48e308,usr_00058,1786421243.1837184,34.65,4,1,utilities,online,0.04,0.6,0.817,14.5,4.89,5980.5,0,0,20.76,1.67,0,0
00000000-0000-0000-75f6-9a0cae7146a0,usr_00479,1786421266.1782355,185.96,4,1,restaurant,pos_chip,0.1,0.05,0.845,36.17,4.53,32179.4,0,0,536.05,0.69,0,0
00000000-0000-0000-7ae3-7a6236924399,usr_00915,1786421316.140912,108.76,4,1,utilities,pos_chip,0.04,0.05,0.553,22.56,7.76,12269.7,0,0,514.85,0.42,0,0
00000000-0000-0000-142f-88e876a46b0a,usr_00740,1786421335.0351207,87.93,4,1,health,online,0.08,0.6,0.818,23.86,6.19,86400.0,0,0,0.0,1.46,0,0
00000000-0000-0000-6b56-8825b60e1975,usr_00088,1786421353.212668,90.78,4,1,grocery,pos_contactless,0.05,0.1,0.805,65.81,17.21,39812.3,0,0,52.4,1.73,0,0
00000000-0000-0000-565e-f1081e452059,usr_00066,1786421372.6200368,23.47,4,1,utilities,pos_chip,0.04,0.05,0.847,14.63,5.05,8883.0,0,0,67.27,0.35,1,0
00000000-0000-0000-73cd-4e686ec48d49,usr_00006,1786421386.7948177,41.43,4,1,restaurant,p2p,0.1,0.45,0.847,18.53,12.65,199.5,1,1,72.26,1.15,0,0
00000000-0000-0000-1809-7fec49164a4c,usr_00199,1786421400.535128,33.3,4,1,restaurant,pos_chip,0.1,0.05,0.819,1.71,2.78,38330.8,0,0,35.22,0.95,0,0
00000000-0000-0000-6e68-6bbafb2113d7,usr_00688,1786421410.1980186,20.71,4,1,grocery,online,0.05,0.6,0.893,23.16,2.32,36810.0,0,0,53.84,0.38,0,0
00000000-0000-0000-3022-bc3e125ebd96,usr_00137,1786421413.995491,70.8,4,1,grocery,pos_contactless,0.05,0.1,0.71,1.43,3.33,35045.7,0,0,151.4,0.94,0,0
00000000-0000-0000-132b-b221b3f2dbc7,usr_00695,1786421421.6631072,22.8,4,1,general_retail,atm,0.15,0.25,0.619,22.34,3.07,6717.3,0,0,71.78,0.64,0,0
00000000-0000-0000-0d7b-edb93ec44c65,usr_00105,1786421425.4285858,20.88,4,1,restaurant,online,0.1,0.6,0.896,7.29,1.81,20376.8,0,0,95.91,0.65,0,0
00000000-0000-0000-468c-cdcdf5c5dfb3,usr_00847,1786421442.1461437,160.49,4,1,health,pos_contactless,0.08,0.1,0.975,4.49,1.04,1925.0,0,1,214.88,2.24,0,0
00000000-0000-0000-7ce6-e1ec21bbd94b,usr_00110,1786421533.5838828,51.97,4,1,restaurant,p2p,0.1,0.45,0.761,40.9,11.77,9619.4,0,0,65.97,0.79,0,0
00000000-0000-0000-52de-0b68d543487c,usr_00852,1786421555.6233897,60.36,4,1,restaurant,online,0.1,0.6,0.865,14.86,8.1,14688.7,0,0,138.97,1.3,0,0
00000000-0000-0000-7709-4ca9c68d1f8f,usr_00392,1786421575.2975616,71.7,4,1,electronics,online,0.65,0.6,0.668,0.03,5.76,25961.9,0,0,52.06,2.75,0,0
00000000-0000-0000-0385-3c6e6c043723,usr_00727,1786421595.7664661,56.63,4,1,restaurant,online,0.1,0.6,0.887,1.68,0.99,9021.3,0,0,62.06,0.91,0,0
00000000-0000-0000-2ccc-31b02487e917,usr_00647,1786421601.9782307,9.35,4,1,general_retail,atm,0.15,0.25,0.759,9.48,1.63,39524.5,0,0,12.61,0.74,0,0
00000000-0000-0000-78dc-263a1b133119,usr_00319,1786421618.604919,27.68,4,1,grocery,atm,0.05,0.25,0.583,28.46,12.72,86400.0,0,0,0.0,1.7,0,0
00000000-0000-0000-028d-6a9fad10751d,usr_00960,1786421624.325879,84.06,4,1,grocery,pos_chip,0.05,0.05,0.95,1.54,0.57,12691.8,0,0,532.22,0.79,0,0
00000000-0000-0000-789d-1b511f46543a,usr_00628,1786421651.6854572,10.15,4,1,electronics,online,0.65,0.6,0.897,12.44,8.77,10561.1,0,0,64.85,0.47,0,0
00000000-0000-0000-174a-d36e8a5a1bba,usr_00032,1786421697.9565058,19.57,4,1,gaming,pos_chip,0.7,0.05,0.75,11.71,2.35,2192.2,0,1,19.34,1.01,0,0
00000000-0000-0000-50cc-d48669bbeabf,usr_00675,1786421704.147953,24.7,4,1,gaming,pos_contactless,0.7,0.1,0.85,15.41,0.08,13060.9,0,0,17.13,1.44,0,0
00000000-0000-0000-54f6-47a398079f26,usr_00211,1786421772.4229226,20.13,4,1,gaming,pos_chip,0.7,0.05,0.721,2.49,1.99,6788.9,0,0,13.42,1.5,0,0
00000000-0000-0000-6fd3-cdd1aa52f4d5,usr_00553,1786421827.9352584,118.15,4,1,general_retail,online,0.15,0.6,0.835,6.16,3.53,12564.4,0,0,256.15,0.92,1,0
00000000-0000-0000-142f-795c0f06fd7b,usr_00162,1786421827.979509,116.12,4,1,grocery,pos_chip,0.05,0.05,0.806,14.98,17.75,1208.8,0,1,209.55,1.11,0,0
00000000-0000-0000-7597-db54356a957d,usr_00338,1786421839.1881442,57.86,4,1,utilities,p2p,0.04,0.45,0.905,7.16,8.88,86400.0,0,0,0.0,0.87,0,0
00000000-0000-0000-28b0-9908525808c9,usr_00567,1786421844.5528772,26.42,4,1,grocery,atm,0.05,0.25,0.867,7.52,2.39,86400.0,0,0,0.0,1.18,0,0
00000000-0000-0000-11e2-1f5dba772931,usr_00102,1786421848.8059921,31.56,4,1,restaurant,online,0.1,0.6,0.957,18.94,9.17,18702.4,0,0,16.68,1.89,0,0
00000000-0000-0000-53e9-5d58502883af,usr_00644,1786421892.8662848,20.9,4,1,grocery,pos_contactless,0.05,0.1,0.745,31.09,0.28,13292.7,0,0,54.3,0.77,0,0
00000000-0000-0000-4da0-26bbd9950c14,usr_00082,1786421924.293891,17.15,4,1,general_retail,pos_contactless,0.15,0.1,0.764,0.8,4.58,24408.6,0,0,30.62,1.12,1,0
00000000-0000-0000-232c-49b97c8745a4,usr_00976,1786421940.8542237,72.35,4,1,restaurant,p2p,0.1,0.45,0.952,42.27,1.34,23649.4,0,0,233.98,0.62,0,0
00000000-0000-0000-599f-39ecde96cfe9,usr_00951,1786421981.6139202,56.67,4,1,utilities,atm,0.04,0.25,0.836,16.3,10.29,86400.0,0,0,0.0,1.3,1,0
00000000-0000-0000-3759-8a951d24e4ab,usr_00206,1786422017.8533297,16.29,4,1,health,online,0.08,0.6,0.91,0.71,7.54,26689.2,0,0,35.59,0.46,0,0
00000000-0000-0000-7e37-b036ce7414c1,usr_00594,1786422020.228257,8.61,4,1,grocery,online,0.05,0.6,0.872,16.75,0.8,36468.7,0,0,20.44,0.42,0,0
00000000-0000-0000-6d3c-4a778fcd20c2,usr_00587,1786422022.3147671,153.92,4,1,electronics,online,0.65,0.6,0.194,817.61,89.45,14440.2,0,0,65.09,4.73,0,1
00000000-0000-0000-3166-d92512665b4f,usr_00410,1786422057.84115,13.59,4,1,general_retail,pos_contactless,0.15,0.1,0.631,22.49,0.75,1609.4,0,1,43.38,0.94,0,0
00000000-0000-0000-2143-9d6923f51c37,usr_00383,1786422060.3928854,8.44,4,1,grocery,pos_chip,0.05,0.05,0.593,16.87,8.62,17053.7,0,0,55.04,0.46,0,0
00000000-0000-0000-3554-79d644875d25,usr_00346,1786422107.5799513,11.33,4,1,utilities,pos_chip,0.04,0.05,0.83,15.32,5.33,38724.0,0,0,33.71,0.67,0,0
00000000-0000-0000-535f-d8bd785042cf,usr_00453,1786422133.4627934,89.2,4,1,electronics,pos_chip,0.65,0.05,0.796,32.64,2.59,31292.2,0,0,117.77,0.76,0,0
00000000-0000-0000-7ee2-862e5c8f69cb,usr_00229,1786422165.4204426,9.98,4,1,restaurant,pos_chip,0.1,0.05,0.96,50.4,3.07,30357.3,0,0,42.36,0.24,0,0
00000000-0000-0000-69d7-bae43867edd6,usr_00399,1786422178.749611,14.38,4,1,electronics,pos_contactless,0.65,0.1,0.827,14.38,0.59,2493.6,0,1,59.56,0.72,0,0
00000000-0000-0000-0fe6-b78ea35839cc,usr_00400,1786422186.5443869,77.91,4,1,restaurant,pos_chip,0.1,0.05,0.496,13.04,6.48,86400.0,0,0,0.0,2.62,0,0
00000000-0000-0000-4f98-b31e7b10458e,usr_00008,1786422196.7437625,57.18,4,1,travel,pos_contactless,0.4,0.1,0.863,1.19,2.67,8695.2,0,0,95.99,1.79,0,0
00000000-0000-0000-7690-a0848d79030c,usr_00844,1786422199.893705,21.15,4,1,utilities,pos_chip,0.04,0.05,0.956,11.45,1.58,26518.0,0,0,68.79,0.61,0,0
00000000-0000-0000-46b0-c0a1cb4bd1ab,usr_00048,1786422210.558448,32.89,4,1,restaurant,pos_chip,0.1,0.05,0.911,4.32,0.23,86400.0,0,0,0.0,0.66,0,0
00000000-0000-0000-723d-798092f198f6,usr_00680,1786422239.8948183,25.33,4,1,crypto,atm,0.9,0.25,0.756,28.85,0.13,86400.0,0,0,0.0,0.47,0,0
00000000-0000-0000-3a95-b9ef4a8d5a32,usr_00193,1786422291.5593703,26.96,4,1,general_retail,online,0.15,0.6,0.856,26.04,0.36,9059.7,0,0,113.32,0.48,0,0
00000000-0000-0000-49c6-64f5f30e6f1e,usr_00049,1786422293.151096,44.07,4,1,electronics,pos_chip,0.65,0.05,0.884,14.72,3.42,86400.0,0,0,0.0,1.28,0,0
00000000-0000-0000-2bde-548ff2211acd,usr_00837,1786422342.5311933,58.81,4,1,utilities,online,0.04,0.6,0.776,1.88,2.24,86400.0,0,0,0.0,0.75,0,0
00000000-0000-0000-4fe5-539770289203,usr_00715,1786422418.8043315,12.04,4,1,grocery,pos_contactless,0.05,0.1,0.792,5.68,13.3,37171.7,0,0,12.0,1.0,0,0
00000000-0000-0000-48f2-0ac63594e36b,usr_00319,1786422484.5502357,20.15,4,1,electronics,pos_contactless,0.65,0.1,0.846,8.0,0.65,865.9,0,1,27.68,0.73,0,0
00000000-0000-0000-05d9-0d2b9e0f1905,usr_00575,1786422504.3135624,34.79,4,1,electronics,pos_chip,0.65,0.05,0.946,5.77,8.51,7649.0,0,0,56.79,1.84,0,0
00000000-0000-0000-683d-6c52f976a41f,usr_00961,1786422553.5356061,11.38,4,1,restaurant,pos_contactless,0.1,0.1,0.955,13.75,2.26,15772.9,0,0,150.26,0.3,0,0
00000000-0000-0000-5ba7-9031789c3c82,usr_00533,1786422589.4075165,35.64,4,1,general_retail,atm,0.15,0.25,0.842,18.13,1.59,9730.6,0,0,30.41,1.17,0,0
00000000-0000-0000-1885-0d2cf5b890d3,usr_00644,1786422608.40778,19.89,4,1,grocery,pos_chip,0.05,0.05,0.935,7.93,7.06,715.5,0,1,75.2,0.79,0,0
00000000-0000-0000-76ee-9080af68dc3e,usr_00338,1786422629.2508454,143.17,4,1,grocery,pos_contactless,0.05,0.1,0.478,1.16,3.39,790.1,0,1,57.86,2.47,1,0
00000000-0000-0000-5ffa-4faaec8e207f,usr_00133,1786422633.6728106,26.6,4,1,general_retail,pos_chip,0.15,0.05,0.805,11.09,6.22,29722.6,0,0,64.27,0.83,0,0
00000000-0000-0000-041e-b4198c28a8a0,usr_00996,1786422676.955363,26.91,4,1,utilities,online,0.04,0.6,0.451,12.89,16.42,7480.0,0,0,197.31,0.41,0,0
00000000-0000-0000-2084-5acfa9977378,usr_00953,1786422678.9471838,38.99,4,1,restaurant,pos_chip,0.1,0.05,0.848,25.51,7.28,40405.1,0,0,7.16,5.45,0,0
00000000-0000-0000-7db5-3299bbaec250,usr_00293,1786422707.73004,4.92,4,1,jewelry,p2p,0.8,0.45,0.977,8.49,0.62,36617.8,0,0,8.03,0.61,0,0
00000000-0000-0000-3573-7833341b466b,usr_00336,1786422804.5431917,38.4,4,1,utilities,pos_chip,0.04,0.05,0.777,2.32,0.79,10854.7,0,0,94.18,1.63,0,0
00000000-0000-0000-17e5-d87b4d9cc7c7,usr_00916,1786422840.1984513,105.2,4,1,utilities,p2p,0.04,0.45,0.736,26.89,10.03,34649.0,0,0,111.47,1.89,0,0
00000000-0000-0000-5a5f-82f9042e9117,usr_00746,1786422860.3980067,253.81,4,1,jewelry,online,0.8,0.6,0.883,25.51,0.64,38360.9,0,0,68.55,3.7,0,0
00000000-0000-0000-2b21-cbdf9350f771,usr_00077,1786422872.2965248,51.69,4,1,grocery,online,0.05,0.6,0.691,11.44,4.04,3318.7,0,1,126.85,1.22,0,0
00000000-0000-0000-753e-774932be3003,usr_00499,1786422919.4916196,13.41,4,1,electronics,online,0.65,0.6,0.716,28.45,0.23,5648.7,0,0,13.33,1.01,0,0
00000000-0000-0000-5b5f-3125071c7477,usr_00178,1786422921.856309,21.78,4,1,utilities,pos_contactless,0.04,0.1,0.578,1.34,0.25,26106.5,0,0,41.2,0.53,0,0
00000000-0000-0000-3f29-959f37a5e16d,usr_00342,1786422938.7549133,26.84,4,1,utilities,pos_chip,0.04,0.05,0.876,4.55,6.44,86400.0,0,0,0.0,0.78,0,0
00000000-0000-0000-5f2f-3e682ad97588,usr_00540,1786422976.0304585,19.67,4,1,general_retail,online,0.15,0.6,0.715,4.05,1.36,86400.0,0,0,0.0,1.63,0,0
00000000-0000-0000-168b-8845a9f2b894,usr_00902,1786422986.2561493,54.26,4,1,restaurant,online,0.1,0.6,0.874,0.73,7.14,86400.0,0,0,0.0,1.79,0,0
00000000-0000-0000-3860-4ccbad170c27,usr_00157,1786422998.6010516,88.33,4,1,restaurant,pos_chip,0.1,0.05,0.728,14.97,0.32,16885.9,0,0,188.88,1.4,0,0
00000000-0000-0000-0cca-399ff174f3f9,usr_00634,1786423000.9153533,18.59,4,1,utilities,online,0.04,0.6,0.918,3.56,7.37,22032.8,0,0,48.0,0.39,0,0
00000000-0000-0000-189f-0dafe14e2871,usr_00885,1786423004.9611337,32.81,4,1,jewelry,pos_contactless,0.8,0.1,0.889,60.04,1.95,16085.8,0,0,187.19,0.35,0,0
00000000-0000-0000-4f58-73aee6fc3596,usr_00596,1786423005.70275,17.79,4,1,restaurant,pos_chip,0.1,0.05,0.598,43.02,0.46,30758.9,0,0,76.04,0.47,0,0
00000000-0000-0000-0f9a-2e0d08e99a79,usr_00564,1786423016.4027123,39.02,4,1,crypto,pos_contactless,0.9,0.1,0.897,5.41,6.13,4148.9,0,0,101.46,0.77,0,0
00000000-0000-0000-2232-a12d45d2046d,usr_00755,1786423034.794113,28.17,4,1,health,pos_chip,0.08,0.05,0.8,4.55,0.1,13597.0,0,0,123.47,0.46,0,0
00000000-0000-0000-33a6-c4110824cf41,usr_00652,1786423044.7379324,176.0,4,1,grocery,atm,0.05,0.25,0.771,2.82,0.89,4726.3,0,0,218.21,2.42,0,0
00000000-0000-0000-597b-c2c8b59c1409,usr_00035,1786423053.4494045,134.38,4,1,electronics,pos_contactless,0.65,0.1,0.838,23.4,10.72,86400.0,0,0,0.0,2.06,0,0
00000000-0000-0000-0f50-990198cd2974,usr_00645,1786423082.3416605,32.78,4,1,grocery,pos_chip,0.05,0.05,0.948,19.52,7.23,12060.8,0,0,19.19,1.71,0,0
00000000-0000-0000-5f34-8171172883bc,usr_00264,1786423151.5109928,58.94,4,1,utilities,pos_contactless,0.04,0.1,0.798,7.36,16.74,33966.4,0,0,141.8,0.83,0,0
00000000-0000-0000-2c34-1cd7293b3906,usr_00594,1786423170.3363667,23.87,4,1,utilities,p2p,0.04,0.45,0.586,2.9,0.47,1150.1,0,1,29.05,1.64,0,0
00000000-0000-0000-0f69-edb52dbace12,usr_00166,1786423190.0291576,28.83,4,1,restaurant,pos_chip,0.1,0.05,0.732,4.8,4.27,5716.1,0,0,191.84,0.45,0,0
00000000-0000-0000-2736-016a5e7931cb,usr_00589,1786423198.3551128,105.53,4,1,electronics,pos_chip,0.65,0.05,0.866,5.93,4.42,21183.1,0,0,208.55,1.52,0,0
00000000-0000-0000-3d79-0d55d6a0ef60,usr_00742,1786423210.0383997,32.54,4,1,grocery,pos_chip,0.05,0.05,0.76,12.59,5.11,18419.7,0,0,9.36,3.48,0,0
00000000-0000-0000-43ff-edaa91b7c2c4,usr_00944,1786423220.3379285,53.67,4,1,grocery,online,0.05,0.6,0.843,6.28,2.69,11232.5,0,0,132.86,1.21,0,0
00000000-0000-0000-0b0b-8c0abdfe72b7,usr_00522,1786423296.953743,59.14,4,1,electronics,atm,0.65,0.25,0.733,5.54,4.37,86400.0,0,0,0.0,0.8,0,0
00000000-0000-0000-2d4a-0c7315253977,usr_00569,1786423328.0074902,41.15,4,1,grocery,atm,0.05,0.25,0.95,5.28,6.87,86400.0,0,0,0.0,1.11,0,0
00000000-0000-0000-295f-4f734a226125,usr_00862,1786423366.3843596,46.34,4,1,utilities,pos_contactless,0.04,0.1,0.937,0.2,12.92,86400.0,0,0,0.0,1.45,0,0
00000000-0000-0000-597b-2b7b055aa2b0,usr_00522,1786423371.7469082,58.44,4,1,general_retail,online,0.15,0.6,0.859,0.88,0.56,74.8,1,1,59.14,0.99,0,0
00000000-0000-0000-2d28-e97c2a2011b6,usr_00501,1786423414.9772294,70.53,4,1,electronics,pos_chip,0.65,0.05,0.811,10.36,5.08,20563.6,0,0,66.68,1.06,0,0
00000000-0000-0000-37db-5b42dde627b6,usr_00110,1786423429.5211382,24.56,4,1,electronics,pos_chip,0.65,0.05,0.928,8.33,0.09,1895.9,0,1,117.94,0.42,0,0
00000000-0000-0000-5113-78a9cf09aa3f,usr_00779,1786423433.2464306,17.88,4,1,crypto,atm,0.9,0.25,0.951,1.5,3.04,15741.3,0,0,26.71,1.34,0,0
00000000-0000-0000-2d13-0e60dad16d3a,usr_00519,1786423458.882355,48.05,4,1,electronics,online,0.65,0.6,0.784,0.15,10.12,41330.6,0,0,219.61,0.22,0,0
00000000-0000-0000-214f-6bf8528adf0c,usr_00245,1786423462.870112,19.24,4,1,travel,pos_contactless,0.4,0.1,0.958,3.1,1.31,5531.2,0,0,17.53,1.1,0,0
00000000-0000-0000-390a-428d202d633c,usr_00575,1786423477.971528,29.23,4,1,grocery,online,0.05,0.6,0.878,4.06,2.07,973.7,0,1,91.58,1.28,0,0
00000000-0000-0000-7463-7c7290666141,usr_00413,1786423481.2693112,89.15,4,1,grocery,pos_chip,0.05,0.05,0.663,12.91,5.01,19586.0,0,0,29.1,3.06,0,0
00000000-0000-0000-0c4d-972bf00175cb,usr_00356,1786423500.973695,20.84,4,1,grocery,pos_contactless,0.05,0.1,0.728,17.31,5.67,86400.0,0,0,0.0,0.55,0,0
00000000-0000-0000-78b7-00e215974890,usr_00495,1786423506.623489,129.81,4,1,utilities,online,0.04,0.6,0.649,5.8,11.18,86400.0,0,0,0.0,2.24,0,0
00000000-0000-0000-4748-c74a0de26ed1,usr_00580,1786423512.6486988,6.76,4,1,grocery,pos_contactless,0.05,0.1,0.829,2.94,2.27,86400.0,0,0,0.0,0.87,0,0
00000000-0000-0000-2d5f-be84951ca13d,usr_00796,1786423516.7049556,124.44,4,1,health,pos_chip,0.08,0.05,0.746,14.62,1.15,7404.1,0,0,163.45,2.28,0,0
00000000-0000-0000-3e71-946e0d48d571,usr_00796,1786423517.7603004,63.37,4,1,restaurant,pos_chip,0.1,0.05,0.818,5.71,1.13,1.1,1,1,287.89,0.88,0,0
00000000-0000-0000-2122-047792dd3438,usr_00356,1786423521.1095738,20.33,4,1,electronics,pos_contactless,0.65,0.1,0.761,3.67,2.67,20.1,1,1,20.84,0.98,0,0
00000000-0000-0000-3665-e111b18816af,usr_00743,1786423558.3671992,13.15,4,1,grocery,pos_contactless,0.05,0.1,0.674,6.95,4.35,21584.3,0,0,34.66,1.14,0,0
00000000-0000-0000-367b-94f46d431125,usr_00219,1786423570.1654823,24.23,4,1,restaurant,atm,0.1,0.25,0.848,1.32,1.92,7469.0,0,0,45.63,1.06,0,0
00000000-0000-0000-65e6-466ff1736920,usr_00877,1786423614.880917,31.88,4,1,grocery,online,0.05,0.6,0.926,35.6,2.94,86400.0,0,0,0.0,1.1,0,0
00000000-0000-0000-7af9-85291b170669,usr_00230,1786423681.6379075,16.66,4,1,jewelry,online,0.8,0.6,0.772,15.69,4.14,35553.7,0,0,15.1,1.1,0,0
00000000-0000-0000-3638-87513f2c24e2,usr_00635,1786423754.0011184,20.08,4,1,electronics,pos_chip,0.65,0.05,0.893,43.36,5.46,11590.9,0,0,47.97,0.84,0,0
00000000-0000-0000-42bb-33cd9b798e19,usr_00592,1786423755.8262475,154.58,4,1,health,online,0.08,0.6,0.91,2.13,0.51,27691.1,0,0,441.57,1.05,0,0
00000000-0000-0000-7b7a-436d8f9f58f2,usr_00086,1786423775.410176,26.62,4,1,utilities,pos_chip,0.04,0.05,0.674,2.2,5.18,42551.1,0,0,29.34,0.91,0,0
00000000-0000-0000-72dd-fe53a787f4ca,usr_00830,1786423778.0831249,30.94,4,1,grocery,online,0.05,0.6,0.578,8.93,0.86,86400.0,0,0,0.0,0.74,0,0
00000000-0000-0000-00b9-038514c599a8,usr_00599,1786423831.2013104,28.86,4,1,grocery,pos_chip,0.05,0.05,0.791,14.21,9.0,9880.6,0,0,30.36,2.85,0,0
00000000-0000-0000-44e8-5947d7781a64,usr_00960,1786423869.1591647,101.91,4,1,health,online,0.08,0.6,0.596,9.04,1.02,2244.8,0,1,616.28,0.99,0,0
00000000-0000-0000-04e8-0ea97f369ff5,usr_00185,1786423880.3775086,72.3,4,1,restaurant,online,0.1,0.6,0.841,0.97,1.68,4340.2,0,0,78.99,1.83,0,0
00000000-0000-0000-4bd9-821b90e57d2c,usr_00246,1786423892.6679454,19.77,4,1,gaming,pos_chip,0.7,0.05,0.842,1.72,5.38,23340.0,0,0,10.72,1.84,0,0
00000000-0000-0000-2766-d3b998800dae,usr_00451,1786423912.968946,134.73,4,1,general_retail,online,0.15,0.6,0.851,2.89,0.69,14923.7,0,0,136.24,3.96,0,0
00000000-0000-0000-05c7-98c2b8ac92d6,usr_00893,1786423942.2695453,21.87,4,1,utilities,pos_chip,0.04,0.05,0.649,16.74,5.63,86400.0,0,0,0.0,0.65,0,0
00000000-0000-0000-3b4a-931952887a3a,usr_00897,1786423988.7575011,18.38,4,1,grocery,pos_chip,0.05,0.05,0.834,9.99,1.36,3858.8,0,0,25.54,0.72,0,0
00000000-0000-0000-6262-a8da6fded04d,usr_00810,1786423991.6533635,85.42,4,1,utilities,pos_chip,0.04,0.05,0.821,22.29,7.78,86400.0,0,0,0.0,2.91,0,0
00000000-0000-0000-140b-1ce891584520,usr_00082,1786424012.2458496,54.95,4,1,grocery,online,0.05,0.6,0.946,2.68,5.14,2088.0,0,1,47.77,3.45,0,0
00000000-0000-0000-7ef4-6816474e0a31,usr_00939,1786424024.2250926,83.74,4,1,restaurant,pos_contactless,0.1,0.1,0.967,27.04,0.2,33777.4,0,0,53.82,1.56,0,0
00000000-0000-0000-6722-b13a9e0f89ef,usr_00764,1786424032.212722,47.15,4,1,gaming,pos_chip,0.7,0.05,0.883,13.9,8.56,32079.9,0,0,78.46,1.2,0,0
00000000-0000-0000-24bf-56a4f447fc11,usr_00300,1786424062.9672139,73.66,4,1,crypto,pos_contactless,0.9,0.1,0.761,21.95,2.39,86400.0,0,0,0.0,0.79,0,0
00000000-0000-0000-063e-68e7392d5187,usr_00350,1786424075.815389,39.21,4,1,travel,pos_contactless,0.4,0.1,0.874,9.84,5.87,13134.4,0,0,35.73,1.1,0,0
00000000-0000-0000-3859-8fed5cd4c9b3,usr_00931,1786424111.1408038,28.81,4,1,gaming,online,0.7,0.6,0.715,4.42,0.15,19981.6,0,0,213.62,0.4,0,0
00000000-0000-0000-135b-b7c6bad191ce,usr_00749,1786424154.9459922,17.58,4,1,restaurant,online,0.1,0.6,0.936,14.82,2.02,5285.4,0,0,53.91,0.65,0,0
00000000-0000-0000-68ea-47b4a9806f4e,usr_00414,1786424166.7797384,16.44,4,1,restaurant,pos_chip,0.1,0.05,0.857,0.04,3.06,7821.1,0,0,40.76,0.81,0,0
00000000-0000-0000-1486-eac4878cb079,usr_00186,1786424167.2040462,42.39,4,1,restaurant,pos_contactless,0.1,0.1,0.866,4.6,4.78,7547.0,0,0,102.43,1.24,1,0
00000000-0000-0000-18b3-1157d8e36686,usr_00388,1786424255.3456192,50.26,4,1,health,pos_chip,0.08,0.05,0.668,22.14,1.76,6005.9,0,0,59.36,1.69,0,0
00000000-0000-0000-5d90-2044b0245185,usr_00099,1786424285.9123197,11.45,4,1,grocery,atm,0.05,0.25,0.845,2.52,0.41,26728.5,0,0,22.74,0.5,0,0
00000000-0000-0000-7d2a-4a5fd3635104,usr_00578,1786424342.6804814,49.68,4,1,general_retail,online,0.15,0.6,0.655,1.58,3.73,7800.1,0,0,93.83,2.12,0,0
00000000-0000-0000-22ab-7a008404194f,usr_00784,1786424345.0519602,54.08,4,1,restaurant,pos_contactless,0.1,0.1,0.846,3.29,9.58,5592.7,0,0,10.83,4.99,0,0
00000000-0000-0000-5ed6-02f6f3e8a332,usr_00330,1786424348.5351868,42.11,4,1,restaurant,pos_contactless,0.1,0.1,0.793,30.68,5.44,7464.7,0,0,375.98,0.45,0,0
00000000-0000-0000-5510-c9d5760267c2,usr_00636,1786424350.0758462,23.12,4,1,health,online,0.08,0.6,0.659,24.06,7.98,36474.5,0,0,78.55,0.29,0,0
00000000-0000-0000-064e-96f8250eda43,usr_00861,1786424356.2196584,17.38,4,1,grocery,pos_contactless,0.05,0.1,0.738,23.99,2.96,19844.1,0,0,56.09,1.24,0,0
00000000-0000-0000-734c-642037a7cd1a,usr_00941,1786424356.4400632,43.52,4,1,utilities,p2p,0.04,0.45,0.807,4.76,4.12,14978.0,0,0,124.42,1.05,0,0
00000000-0000-0000-3d12-440f33a5faaa,usr_00124,1786424408.8725748,121.28,5,1,grocery,atm,0.05,0.25,0.843,10.14,10.23,11291.7,0,0,166.4,2.19,0,0
00000000-0000-0000-0f65-b29459e54795,usr_00374,1786424418.3156097,74.99,5,1,restaurant,pos_contactless,0.1,0.1,0.953,9.91,16.45,12845.2,0,0,159.8,0.94,0,0
00000000-0000-0000-4a48-1577ba898253,usr_00072,1786424458.2718458,34.71,5,1,general_retail,online,0.15,0.6,0.793,16.56,2.24,36270.5,0,0,22.39,1.55,0,0
00000000-0000-0000-46d5-98d58d1dd131,usr_00461,1786424502.9385295,25.05,5,1,travel,online,0.4,0.6,0.546,2.71,0.35,86400.0,0,0,0.0,1.25,0,0
00000000-0000-0000-1fa6-0144ac06b1ce,usr_00686,1786424547.2453647,45.26,5,1,gaming,pos_chip,0.7,0.05,0.741,1.42,0.66,86400.0,0,0,0.0,0.85,0,0
00000000-0000-0000-7b9e-082a8d35e58a,usr_00664,1786424563.8180406,48.45,5,1,grocery,online,0.05,0.6,0.806,5.31,2.87,21924.9,0,0,62.42,0.78,0,0
00000000-0000-0000-2404-62a7bc76620f,usr_00479,1786424651.8353665,66.54,5,1,utilities,pos_chip,0.04,0.05,0.638,22.24,4.78,3385.7,0,1,722.01,0.28,0,0
00000000-0000-0000-4617-932a29e040f2,usr_00159,1786424707.2364516,22.46,5,1,restaurant,pos_chip,0.1,0.05,0.783,8.66,3.75,28208.6,0,0,57.18,1.18,0,0
00000000-0000-0000-03c3-18a1f83549ed,usr_00953,1786424787.0848558,24.46,5,1,grocery,pos_contactless,0.05,0.1,0.905,1.34,2.54,2108.1,0,1,46.15,1.06,0,0
00000000-0000-0000-3a4a-825031181970,usr_00004,1786424809.2214875,9.78,5,1,grocery,online,0.05,0.6,0.781,3.97,4.17,8573.9,0,0,22.9,0.85,0,0
00000000-0000-0000-5f26-6c0129cc5291,usr_00881,1786424860.3069787,53.37,5,1,electronics,pos_chip,0.65,0.05,0.464,14.83,2.39,19278.1,0,0,102.65,0.52,0,0
00000000-0000-0000-24b6-5664bf4441d9,usr_00806,1786424875.6482644,26.79,5,1,restaurant,pos_chip,0.1,0.05,0.955,15.84,0.75,20653.3,0,0,87.81,0.31,0,0
00000000-0000-0000-2585-194f873b56c1,usr_00973,1786424908.7377737,34.04,5,1,general_retail,online,0.15,0.6,0.848,23.25,1.87,15583.0,0,0,163.82,0.62,0,0
00000000-0000-0000-1496-8aae64bb848d,usr_00478,1786424938.8029053,68.22,5,1,restaurant,online,0.1,0.6,0.759,0.12,1.5,86400.0,0,0,0.0,2.05,0,0
00000000-0000-0000-1eae-f26196f46b05,usr_00112,1786424940.6599169,9.05,5,1,grocery,online,0.05,0.6,0.761,0.8,0.58,12914.9,0,0,50.16,0.36,0,0
00000000-0000-0000-0eee-7612679848b7,usr_00951,1786424946.285769,42.3,5,1,restaurant,pos_chip,0.1,0.05,0.989,6.68,13.82,2964.7,0,1,56.67,0.75,0,0
00000000-0000-0000-66f8-f2a457be70b7,usr_00035,1786424985.017689,57.16,5,1,grocery,pos_chip,0.05,0.05,0.948,0.78,9.78,1931.6,0,1,134.38,0.43,0,0
00000000-0000-0000-5825-381f9bebef43,usr_00107,1786424985.67621,25.03,5,1,general_retail,pos_contactless,0.15,0.1,0.959,14.37,1.72,13911.1,0,0,27.34,1.83,0,0
00000000-0000-0000-27d1-bdbe7297c0c9,usr_00444,1786425022.2960575,54.03,5,1,grocery,pos_chip,0.05,0.05,0.704,19.46,8.04,21931.4,0,0,35.01,1.54,0,0
00000000-0000-0000-473c-42d878a637a0,usr_00188,1786425044.3532925,17.65,5,1,grocery,online,0.05,0.6,0.835,5.04,18.97,4336.8,0,0,8.07,2.19,0,0
00000000-0000-0000-612b-f0d1595641c1,usr_00126,1786425161.9553628,94.4,5,1,grocery,pos_chip,0.05,0.05,0.843,3.67,3.17,9312.6,0,0,305.31,0.93,0,0
00000000-0000-0000-6157-eb13b6e80851,usr_00053,1786425162.8155663,40.36,5,1,grocery,pos_contactless,0.05,0.1,0.714,25.6,0.67,32112.4,0,0,63.99,1.26,0,0
00000000-0000-0000-3d8b-7bbfe7af0a75,usr_00694,1786425180.903962,12.96,5,1,general_retail,pos_chip,0.15,0.05,0.829,2.95,8.5,34824.1,0,0,29.58,0.88,0,0
00000000-0000-0000-62f8-1d9570069e14,usr_00942,1786425260.332845,53.49,5,1,health,online,0.08,0.6,0.876,7.07,12.64,24994.3,0,0,40.31,1.33,0,0
00000000-0000-0000-5784-854bea77c746,usr_00846,1786425260.5504212,136.52,5,1,crypto,atm,0.9,0.25,0.957,10.94,15.58,25427.6,0,0,697.2,0.59,0,0
00000000-0000-0000-1511-733518b07e84,usr_00821,1786425287.1724856,86.73,5,1,grocery,online,0.05,0.6,0.685,11.17,10.01,4739.7,0,0,319.08,0.82,0,0
00000000-0000-0000-5a50-f7eef46046a8,usr_00480,1786425297.9818819,46.02,5,1,gaming,pos_chip,0.7,0.05,0.878,7.97,0.43,13505.8,0,0,254.86,0.9,0,0
00000000-0000-0000-0e94-b36501227239,usr_00974,1786425305.245302,14.96,5,1,grocery,online,0.05,0.6,0.814,1.01,14.97,14795.2,0,0,14.39,1.04,0,0
00000000-0000-0000-75a3-0f1b52d92e8a,usr_00113,1786425339.1463325,10.56,5,1,restaurant,pos_contactless,0.1,0.1,0.865,8.02,19.73,26159.3,0,0,54.05,0.59,0,0
00000000-0000-0000-05c2-7bd35c8cdaee,usr_00939,1786425354.7980871,68.01,5,1,utilities,online,0.04,0.6,0.912,10.13,2.79,1330.6,0,1,137.56,0.99,0,0
00000000-0000-0000-5743-33ab79d06baf,usr_00974,1786425376.0723279,27.59,5,1,restaurant,pos_chip,0.1,0.05,0.845,0.71,0.17,70.8,1,1,29.35,1.88,0,0
00000000-0000-0000-6df9-4fbb5f7e7b07,usr_00211,1786425376.0770292,11.08,5,1,electronics,online,0.65,0.6,0.793,37.87,12.63,3603.7,0,0,33.55,0.66,0,0
00000000-0000-0000-7d66-ca538a92c8f6,usr_00134,1786425395.634651,24.92,5,1,restaurant,pos_chip,0.1,0.05,0.903,19.64,1.14,86400.0,0,0,0.0,1.82,0,0
00000000-0000-0000-36c9-49ad6856ff39,usr_00885,1786425397.6306956,121.1,5,1,utilities,pos_chip,0.04,0.05,0.813,8.38,6.45,2392.7,0,1,220.0,1.65,0,0
00000000-0000-0000-649d-6c0215aebabf,usr_00695,1786425414.0767498,32.77,5,1,utilities,online,0.04,0.6,0.703,0.44,19.53,3992.4,0,0,94.58,1.04,0,0
00000000-0000-0000-11da-aa4066174dbc,usr_00750,1786425416.318681,25.13,5,1,utilities,pos_chip,0.04,0.05,0.896,5.93,1.2,86400.0,0,0,0.0,0.75,0,0
00000000-0000-0000-5d02-24fb2653d34a,usr_00593,1786425443.8337388,9.27,5,1,general_retail,pos_contactless,0.15,0.1,0.767,1.53,0.35,86400.0,0,0,0.0,0.75,0,0
00000000-0000-0000-36a7-1e53a6f8bb04,usr_00302,1786425448.5658786,47.37,5,1,health,pos_chip,0.08,0.05,0.926,44.53,10.53,17286.1,0,0,209.22,0.91,0,0
00000000-0000-0000-636c-793be6dee4aa,usr_00325,1786425449.2449727,87.17,5,1,utilities,pos_chip,0.04,0.05,0.806,11.21,2.06,24939.6,0,0,119.19,2.19,0,0
00000000-0000-0000-5e90-23900c4cb11d,usr_00495,1786425491.8930187,86.59,5,1,restaurant,online,0.1,0.6,0.798,3.83,5.38,1985.3,0,1,129.81,0.67,0,0
00000000-0000-0000-6212-d5963ec0bb8c,usr_00932,1786425498.0011466,50.02,5,1,utilities,online,0.04,0.6,0.732,8.75,10.04,21052.4,0,0,61.78,1.62,0,0
00000000-0000-0000-2e9a-55f1204c6287,usr_00544,1786425498.2036517,42.86,5,1,grocery,online,0.05,0.6,0.866,8.93,6.74,22343.9,0,0,24.91,1.72,0,0
00000000-0000-0000-65bd-0aadd257f86c,usr_00332,1786425528.0975833,11.21,5,1,general_retail,atm,0.15,0.25,0.833,2.71,10.2,22684.2,0,0,101.95,0.33,0,0
00000000-0000-0000-5da6-0f014c365d84,usr_00268,1786425546.7458253,50.55,5,1,restaurant,online,0.1,0.6,0.915,10.33,0.32,86400.0,0,0,0.0,1.48,0,0
00000000-0000-0000-23d4-f10efa904f75,usr_00193,1786425570.365627,46.84,5,1,grocery,atm,0.05,0.25,0.737,7.94,0.58,3278.8,0,1,140.28,1.0,0,0
00000000-0000-0000-2290-77d89ee495c2,usr_00304,1786425621.7054062,35.22,5,1,grocery,pos_contactless,0.05,0.1,0.702,3.31,3.66,6379.5,0,0,62.57,1.13,0,0
00000000-0000-0000-757a-26d89cd7e7b0,usr_00897,1786425626.7672918,20.43,5,1,utilities,pos_chip,0.04,0.05,0.757,11.59,2.55,1638.0,0,1,43.92,0.93,0,0
00000000-0000-0000-5db2-02e9dca0d8fe,usr_00791,1786425633.8452854,11.69,5,1,restaurant,pos_chip,0.1,0.05,0.564,17.01,4.88,11601.0,0,0,36.85,0.95,0,0
00000000-0000-0000-1c8e-025a919a7db0,usr_00793,1786425668.2165422,17.72,5,1,electronics,pos_chip,0.65,0.05,0.81,16.62,25.58,17641.3,0,0,121.31,0.44,0,0
00000000-0000-0000-2ba5-826002be9b2f,usr_00350,1786425679.5395923,37.64,5,1,restaurant,online,0.1,0.6,0.883,0.11,1.69,1603.7,0,1,74.94,1.0,0,0
00000000-0000-0000-034f-96994f48c7a9,usr_00706,1786425686.8939023,13.93,5,1,grocery,pos_contactless,0.05,0.1,0.906,1.81,1.87,11074.1,0,0,100.47,0.42,0,0
00000000-0000-0000-3b7d-8f73ece77e19,usr_00385,1786425728.7746334,19.1,5,1,grocery,pos_chip,0.05,0.05,0.865,1.13,4.8,5316.6,0,0,58.62,0.65,0,0
00000000-0000-0000-10d2-288f5621beb2,usr_00628,1786425739.57778,12.99,5,1,restaurant,pos_chip,0.1,0.05,0.522,11.91,2.95,4087.9,0,0,75.0,0.69,0,0
00000000-0000-0000-3132-e3446fbb362b,usr_00941,1786425749.9947686,159.89,5,1,crypto,online,0.9,0.6,0.667,39.33,4.76,1393.6,0,1,167.94,3.81,0,0
00000000-0000-0000-6655-0c5b73816743,usr_00037,1786425823.1660376,15.77,5,1,gaming,online,0.7,0.6,0.784,1.6,2.16,28164.8,0,0,66.93,0.94,1,0
00000000-0000-0000-3a4e-3ff858cd2bf8,usr_00858,1786425823.5844054,6.3,5,1,grocery,pos_contactless,0.05,0.1,0.72,9.24,4.93,86400.0,0,0,0.0,0.61,0,0
00000000-0000-0000-057e-901578fb27ce,usr_00068,1786425898.6835845,43.65,5,1,utilities,online,0.04,0.6,0.881,0.08,0.79,5200.5,0,0,223.03,0.98,0,0
00000000-0000-0000-4c84-768b87d36346,usr_00157,1786425908.7709105,56.55,5,1,crypto,pos_contactless,0.9,0.1,0.913,5.05,4.84,2910.2,0,1,277.21,0.82,0,0
00000000-0000-0000-7367-740a1c181a49,usr_00497,1786425990.5600502,15.8,5,1,grocery,p2p,0.05,0.45,0.778,6.05,14.84,43053.6,0,0,75.37,0.21,0,0
00000000-0000-0000-6be3-5f1832b01e05,usr_00133,1786425994.023073,30.73,5,1,grocery,online,0.05,0.6,0.525,10.37,10.56,3360.4,0,1,90.87,1.01,0,0
00000000-0000-0000-228b-c9a745c95447,usr_00922,1786426015.4721613,47.58,5,1,travel,online,0.4,0.6,0.775,5.11,8.04,31795.8,0,0,51.11,0.93,0,0
00000000-0000-0000-0477-9a634d3f6883,usr_00267,1786426049.0199633,38.14,5,1,utilities,online,0.04,0.6,0.774,2.92,3.23,22850.9,0,0,22.56,1.69,0,0
00000000-0000-0000-3050-c5010608a237,usr_00066,1786426083.818972,12.94,5,1,grocery,pos_contactless,0.05,0.1,0.678,11.55,2.12,4711.2,0,0,90.74,0.29,0,0
00000000-0000-0000-46f5-1ada530a0eb2,usr_00686,1786426086.2171216,36.74,5,1,utilities,pos_chip,0.04,0.05,0.83,4.31,7.37,1539.0,0,1,45.26,0.81,0,0
00000000-0000-0000-0182-7423361021a5,usr_00447,1786426088.4855502,25.17,5,1,grocery,pos_contactless,0.05,0.1,0.666,2.58,1.04,8108.1,0,0,17.15,1.47,1,0
00000000-0000-0000-4957-37cbab462284,usr_00347,1786426112.662173,102.34,5,1,utilities,pos_contactless,0.04,0.1,0.876,12.02,6.38,9419.8,0,0,110.45,1.85,0,0
00000000-0000-0000-13ca-102fcfa376d8,usr_00690,1786426115.0557578,41.58,5,1,utilities,pos_contactless,0.04,0.1,0.945,7.65,9.44,8526.2,0,0,103.95,1.2,0,0
00000000-0000-0000-3bc4-7c920ba18a56,usr_00451,1786426155.3290272,14.88,5,1,general_retail,online,0.15,0.6,0.874,2.45,6.76,2242.4,0,1,270.97,0.27,0,0
00000000-0000-0000-5148-2781f143edff,usr_00526,1786426202.2926586,103.63,5,1,restaurant,online,0.1,0.6,0.926,1.51,3.64,12826.3,0,0,259.8,0.8,0,0
00000000-0000-0000-0965-3f0ce61c4971,usr_00008,1786426206.117152,49.27,5,1,restaurant,pos_chip,0.1,0.05,0.951,24.51,8.72,4009.4,0,0,153.17,1.29,0,0
00000000-0000-0000-0a87-7625287adcff,usr_00032,1786426242.7644622,20.74,5,1,general_retail,pos_chip,0.15,0.05,0.889,4.48,6.21,4544.8,0,0,38.91,1.07,0,0
00000000-0000-0000-0e13-3fad47daac6d,usr_00440,1786426244.0117958,15.24,5,1,restaurant,online,0.1,0.6,0.889,1.66,16.99,10055.3,0,0,31.12,0.98,0,0
00000000-0000-0000-6dd3-f2e89b69b812,usr_00031,1786426322.4994323,27.13,5,1,restaurant,online,0.1,0.6,0.866,0.64,10.25,15259.7,0,0,26.05,1.04,0,0
00000000-0000-0000-071c-724506b5f9e0,usr_00276,1786426340.9361625,23.24,5,1,health,p2p,0.08,0.45,0.87,1.44,4.13,16317.9,0,0,109.58,0.42,0,0
00000000-0000-0000-330f-29fa57be49be,usr_00602,1786426373.86152,18.54,5,1,grocery,online,0.05,0.6,0.547,8.71,0.78,86400.0,0,0,0.0,0.26,0,0
00000000-0000-0000-1529-d730ef55867c,usr_00349,1786426406.4435298,143.57,5,1,health,pos_contactless,0.08,0.1,0.751,12.02,0.2,17507.0,0,0,212.39,1.35,0,0
00000000-0000-0000-7337-a7e541454b4a,usr_00474,1786426433.2222633,207.8,5,1,general_retail,p2p,0.15,0.45,0.703,3.7,4.18,17936.2,0,0,86.75,4.79,0,0
00000000-0000-0000-1b00-d54dddb994bf,usr_00054,1786426455.5185883,15.74,5,1,utilities,pos_chip,0.04,0.05,0.505,15.42,1.01,23457.5,0,0,26.91,0.58,0,0
00000000-0000-0000-1c73-6e8bbf90b069,usr_00493,1786426456.2313287,132.99,5,1,gaming,pos_chip,0.7,0.05,0.558,0.22,3.89,86400.0,0,0,0.0,3.06,0,0
00000000-0000-0000-4f9a-05d39b932ba5,usr_00495,1786426506.4746377,78.77,5,1,travel,atm,0.4,0.25,0.804,15.02,0.6,1014.6,0,2,216.4,0.73,0,0
00000000-0000-0000-0344-42f037fb5bb6,usr_00233,1786426529.53791,57.94,5,1,grocery,online,0.05,0.6,0.682,52.54,2.81,33205.2,0,0,54.58,1.06,0,0
00000000-0000-0000-41c3-2d703e404ce8,usr_00616,1786426536.698765,31.04,5,1,health,pos_chip,0.08,0.05,0.729,15.35,2.34,11704.9,0,0,332.84,0.47,0,0
00000000-0000-0000-0637-e57a23179314,usr_00355,1786426547.271259,34.84,5,1,restaurant,pos_chip,0.1,0.05,0.88,29.57,7.4,18430.0,0,0,174.97,0.8,0,0
00000000-0000-0000-7f20-a09b274e0e06,usr_00406,1786426558.4995546,33.67,5,1,restaurant,pos_chip,0.1,0.05,0.975,41.05,6.95,44522.8,0,0,25.68,1.31,0,0
00000000-0000-0000-112b-377ab78f6aa1,usr_00504,1786426560.1682477,5.1,5,1,grocery,pos_chip,0.05,0.05,0.901,22.73,0.65,8879.6,0,0,24.25,0.63,0,0
00000000-0000-0000-054d-879729a01b37,usr_00085,1786426565.3868601,29.56,5,1,general_retail,pos_chip,0.15,0.05,0.854,13.02,8.54,17570.2,0,0,141.47,0.63,0,0
00000000-0000-0000-3962-81e2c529eb4d,usr_00892,1786426565.893669,15.84,5,1,health,pos_chip,0.08,0.05,0.943,11.62,2.32,13673.2,0,0,64.42,0.49,0,0
00000000-0000-0000-1930-ac007e522ad7,usr_00392,1786426588.2678308,25.5,5,1,general_retail,online,0.15,0.6,0.923,4.4,3.23,5013.0,0,0,123.76,0.62,1,0
00000000-0000-0000-3237-ba98cf34134f,usr_00278,1786426601.6857178,113.85,5,1,general_retail,online,0.15,0.6,0.654,20.18,4.89,9015.5,0,0,170.72,1.33,0,0
00000000-0000-0000-2887-5c514296b472,usr_00295,1786426681.6059492,67.8,5,1,restaurant,online,0.1,0.6,0.65,1.57,6.9,86400.0,0,0,0.0,1.84,0,0
00000000-0000-0000-5f68-95c778698111,usr_00283,1786426688.3876593,39.89,5,1,utilities,online,0.04,0.6,0.922,6.6,3.62,18908.9,0,0,30.89,1.29,0,0
00000000-0000-0000-7527-0a4d45a137e3,usr_00394,1786426709.8271794,43.59,5,1,health,p2p,0.08,0.45,0.983,1.48,11.62,10116.9,0,0,201.42,0.65,0,0
00000000-0000-0000-3101-edd38602b1dc,usr_00604,1786426711.553908,28.54,5,1,grocery,pos_contactless,0.05,0.1,0.594,34.17,5.58,20567.3,0,0,16.18,1.76,0,0
00000000-0000-0000-44ac-703c83aaaeee,usr_00768,1786426720.5590694,9.36,5,1,general_retail,pos_chip,0.15,0.05,0.901,30.05,14.64,20941.9,0,0,61.14,0.61,0,0
00000000-0000-0000-2fe3-e5b59fc3de78,usr_00545,1786426744.228666,44.48,5,1,restaurant,online,0.1,0.6,0.674,3.56,8.01,8902.8,0,0,19.06,2.33,0,0
00000000-0000-0000-4714-0d4bed7e185a,usr_00957,1786426819.9834921,270.75,5,1,travel,online,0.4,0.6,0.882,13.9,2.75,18979.3,0,0,379.49,0.71,0,0
00000000-0000-0000-4603-b78f12f5965f,usr_00345,1786426901.7038057,4.33,5,1,grocery,online,0.05,0.6,0.949,21.48,5.74,12783.3,0,0,33.86,0.38,0,0
00000000-0000-0000-2272-3d9deb8c6585,usr_00610,1786426902.949818,15.64,5,1,grocery,online,0.05,0.6,0.44,4.27,7.3,8979.6,0,0,14.6,1.07,0,0
00000000-0000-0000-3338-6423de27315a,usr_00200,1786426927.2488556,85.35,5,1,utilities,online,0.04,0.6,0.86,1.01,2.43,14695.4,0,0,124.2,2.06,0,0
00000000-0000-0000-4be3-8f36d3292ae9,usr_00395,1786426933.5669088,53.06,5,1,gaming,online,0.7,0.6,0.875,8.61,9.19,39720.8,0,0,143.07,1.11,0,0
00000000-0000-0000-2de0-3d4ad7a6901c,usr_00667,1786426985.8452325,38.3,5,1,grocery,pos_contactless,0.05,0.1,0.724,3.73,3.3,25362.9,0,0,97.34,0.79,0,0
00000000-0000-0000-5839-6c8f200d6a9f,usr_00494,1786427019.3100777,13.93,5,1,utilities,online,0.04,0.6,0.797,0.3,2.65,7612.0,0,0,90.7,0.31,0,0
00000000-0000-0000-0224-fa0ef870acc0,usr_00135,1786427025.1913855,29.72,5,1,restaurant,pos_contactless,0.1,0.1,0.767,6.96,0.52,19573.9,0,0,25.73,1.16,0,0
00000000-0000-0000-5923-1d72b89751a9,usr_00862,1786427037.4980187,37.64,5,1,restaurant,p2p,0.1,0.45,0.778,0.32,4.99,3671.1,0,0,46.34,0.81,0,0
00000000-0000-0000-7e93-9f923cb34297,usr_00406,1786427037.6944294,45.93,5,1,grocery,online,0.05,0.6,0.933,3.26,3.19,479.2,0,1,59.35,1.55,0,0
00000000-0000-0000-16af-a089f4c62ec5,usr_00851,1786427050.6898904,38.7,5,1,grocery,pos_chip,0.05,0.05,0.869,13.11,3.14,86400.0,0,0,0.0,1.57,0,0
00000000-0000-0000-6e45-2411a89b2ee8,usr_00655,1786427070.4351141,39.15,5,1,restaurant,online,0.1,0.6,0.864,9.7,0.13,7584.3,0,0,23.46,1.67,0,0
00000000-0000-0000-28f6-b69db6e47581,usr_00849,1786427086.578831,36.71,5,1,grocery,pos_chip,0.05,0.05,0.884,8.57,1.51,20226.4,0,0,218.81,0.5,0,0
00000000-0000-0000-5206-79934ff6b842,usr_00772,1786427119.070571,34.27,5,1,grocery,pos_chip,0.05,0.05,0.82,1.81,5.15,12030.4,0,0,32.03,1.07,0,0
00000000-0000-0000-3549-abdb1d6902ce,usr_00930,1786427122.7625327,54.18,5,1,grocery,pos_chip,0.05,0.05,0.982,11.65,8.27,16183.1,0,0,13.87,3.91,0,0
00000000-0000-0000-0af8-7558cebd7f04,usr_00492,1786427166.751461,28.08,5,1,electronics,atm,0.65,0.25,0.708,0.95,1.76,13058.8,0,0,85.08,0.66,0,0
00000000-0000-0000-541f-ed0042fa9f26,usr_00886,1786427178.5735168,138.96,5,1,restaurant,pos_contactless,0.1,0.1,0.968,1.49,2.88,11123.7,0,0,133.0,2.09,0,0
00000000-0000-0000-5055-7dd1239dacb3,usr_00111,1786427190.8860514,47.31,5,1,general_retail,online,0.15,0.6,0.914,2.0,5.39,86400.0,0,0,0.0,1.24,0,0
00000000-0000-0000-6cbe-ca6dfb6ecbfb,usr_00385,1786427199.6955051,38.83,5,1,general_retail,pos_contactless,0.15,0.1,0.898,4.73,2.85,1470.9,0,1,77.72,1.5,0,0
00000000-0000-0000-2b84-baea9ca4c2ec,usr_00998,1786427237.4183245,125.2,5,1,restaurant,pos_contactless,0.1,0.1,0.614,15.24,7.52,23068.7,0,0,16.68,7.51,0,0
00000000-0000-0000-5cff-c672876c98db,usr_00582,1786427250.2777677,86.86,5,1,grocery,online,0.05,0.6,0.886,1.35,6.87,10750.8,0,0,118.44,2.93,0,0
00000000-0000-0000-2c05-e834136f5615,usr_00888,1786427259.5426004,5.45,5,1,grocery,online,0.05,0.6,0.765,9.09,10.34,42234.0,0,0,7.41,0.74,0,0
00000000-0000-0000-2deb-f9e5326ffcaf,usr_00459,1786427284.6749754,38.64,5,1,restaurant,pos_chip,0.1,0.05,0.541,11.17,1.0,11463.9,0,0,68.8,1.12,0,0
00000000-0000-0000-4e94-16d985debe06,usr_00912,1786427310.0579631,68.64,5,1,electronics,pos_chip,0.65,0.05,0.904,4.21,1.36,44746.0,0,0,61.15,2.24,0,0
00000000-0000-0000-1715-4d491923b0b1,usr_00543,1786427320.012548,22.54,5,1,grocery,atm,0.05,0.25,0.514,4.54,5.52,9616.6,0,0,30.66,1.47,0,0
00000000-0000-0000-1974-35e97c5ce708,usr_00819,1786427368.0819488,13.35,5,1,restaurant,pos_chip,0.1,0.05,0.792,8.45,9.05,39382.0,0,0,21.94,0.61,0,0
00000000-0000-0000-2c00-d609cb5bd237,usr_00551,1786427380.091838,47.28,5,1,general_retail,atm,0.15,0.25,0.648,0.04,11.3,13853.9,0,0,88.45,1.07,0,0
00000000-0000-0000-05be-fa60cdfef5a4,usr_00228,1786427412.5490596,10.91,5,1,electronics,online,0.65,0.6,0.84,6.06,12.54,19466.3,0,0,31.72,0.69,0,0
00000000-0000-0000-2930-83b9ced0f5d7,usr_00834,1786427421.2855284,12.4,5,1,crypto,online,0.9,0.6,0.822,13.39,8.57,8254.7,0,0,15.36,0.81,0,0
00000000-0000-0000-46ce-df185a3379d9,usr_00375,1786427459.321636,91.82,5,1,utilities,p2p,0.04,0.45,0.836,3.42,1.22,8570.6,0,0,364.61,0.5,0,0
00000000-0000-0000-695a-121e97fa018a,usr_00827,1786427496.3130364,33.17,5,1,grocery,pos_contactless,0.05,0.1,0.831,20.85,5.11,7588.5,0,0,29.87,1.11,0,0
00000000-0000-0000-51fb-c4dda2526c71,usr_00278,1786427527.8704958,46.51,5,1,grocery,atm,0.05,0.25,0.874,52.05,2.16,926.2,0,1,284.57,0.49,0,0
00000000-0000-0000-29a7-bab9f38a8a0a,usr_00433,1786427567.8326688,9.93,5,1,health,pos_chip,0.08,0.05,0.726,6.3,8.05,15923.7,0,0,19.85,0.5,0,0
00000000-0000-0000-73bf-29d643f02b18,usr_00181,1786427589.244123,63.65,5,1,general_retail,pos_contactless,0.15,0.1,0.699,24.38,2.12,45917.3,0,0,61.61,1.03,0,0
00000000-0000-0000-30ad-7705f6d20b67,usr_00505,1786427594.3469834,16.6,5,1,restaurant,atm,0.1,0.25,0.683,1.79,12.53,38216.5,0,0,31.79,0.52,0,0
00000000-0000-0000-62cd-21b401a14943,usr_00427,1786427612.1568182,51.21,5,1,grocery,online,0.05,0.6,0.948,5.46,0.86,19678.6,0,0,254.63,0.6,0,0
00000000-0000-0000-0e17-dc87a8307a27,usr_00547,1786427618.0768573,12.19,5,1,grocery,p2p,0.05,0.45,0.76,5.01,0.25,10037.6,0,0,41.34,0.59,0,0
00000000-0000-0000-12b2-e086f312682a,usr_00550,1786427642.0530176,18.01,5,1,travel,pos_chip,0.4,0.05,0.708,8.09,6.19,16392.6,0,0,50.69,0.36,0,0
00000000-0000-0000-5c2d-829bc9b2a7c7,usr_00688,1786427645.0116017,21.37,5,1,utilities,pos_chip,0.04,0.05,0.681,1.58,0.87,6234.8,0,0,74.55,0.57,0,0
00000000-0000-0000-215e-477d3dc7c728,usr_00624,1786427666.0913203,46.5,5,1,travel,online,0.4,0.6,0.933,2.82,7.11,43193.2,0,0,64.16,0.72,0,0
00000000-0000-0000-35f1-035e7ffe3c12,usr_00518,1786427670.0274892,57.5,5,1,grocery,online,0.05,0.6,0.792,8.75,10.35,17322.6,0,0,151.21,0.76,0,0
00000000-0000-0000-1da1-91eee3ee8898,usr_00834,1786427692.216128,38.08,5,1,restaurant,online,0.1,0.6,0.769,1.96,5.5,270.9,1,1,27.76,2.74,0,0
00000000-0000-0000-171a-26bb50f11f8e,usr_00782,1786427794.6625686,44.87,5,1,electronics,online,0.65,0.6,0.939,15.96,7.23,13058.2,0,0,218.63,0.41,0,0
00000000-0000-0000-58a5-a6ab930badbf,usr_00856,1786427823.359011,54.55,5,1,general_retail,pos_contactless,0.15,0.1,0.772,5.24,1.76,22511.9,0,0,131.06,0.83,0,0
00000000-0000-0000-5697-272fb23e054a,usr_00341,1786427832.5363925,65.02,5,1,restaurant,pos_chip,0.1,0.05,0.721,10.64,20.63,23483.3,0,0,32.45,2.0,0,0
00000000-0000-0000-044a-430553f81278,usr_00395,1786427839.3487542,61.76,5,1,grocery,p2p,0.05,0.45,0.855,7.1,0.99,905.8,0,1,196.13,1.26,0,0
00000000-0000-0000-71de-feed7d0bc7f6,usr_00616,1786427852.8694956,45.28,5,1,restaurant,atm,0.1,0.25,0.969,1.84,6.47,1316.2,0,1,363.88,0.75,0,0
00000000-0000-0000-4f9f-2bafcdc618a1,usr_00014,1786427870.7502213,61.14,5,1,grocery,pos_contactless,0.05,0.1,0.636,15.27,10.37,7629.0,0,0,149.58,1.23,0,0
00000000-0000-0000-6696-7ec8c12861bd,usr_00947,1786427893.9979954,3.31,5,1,gaming,online,0.7,0.6,0.65,7.6,1.79,9368.0,0,0,5.15,0.64,0,0
00000000-0000-0000-55af-f59d27a600c5,usr_00197,1786427901.2736201,31.87,5,1,health,pos_chip,0.08,0.05,0.9,24.79,21.74,8892.8,0,0,81.76,1.17,0,0
00000000-0000-0000-0af3-8e7785464583,usr_00374,1786427926.359087,52.55,5,1,grocery,pos_chip,0.05,0.05,0.943,1.81,18.79,3508.0,0,1,234.79,0.67,0,0
00000000-0000-0000-1a64-20ec752c81ea,usr_00328,1786427930.9345589,12.88,5,1,utilities,pos_contactless,0.04,0.1,0.648,4.03,3.28,16493.2,0,0,8.76,1.47,0,0
00000000-0000-0000-4444-1b66058c1fd1,usr_00136,1786427995.9234982,59.03,5,1,grocery,online,0.05,0.6,0.496,10.54,1.86,14274.3,0,0,118.07,1.0,0,0
00000000-0000-0000-143d-9fd8f4649050,usr_00847,1786428028.6963432,67.43,6,1,jewelry,pos_chip,0.8,0.05,0.89,19.56,5.7,6586.6,0,0,375.37,0.72,0,0
00000000-0000-0000-287f-3827e7aead90,usr_00744,1786428044.8963614,73.8,6,1,general_retail,online,0.15,0.6,0.704,0.3,2.57,22141.0,0,0,109.74,2.02,0,0
00000000-0000-0000-7c92-edaa8e780962,usr_00004,1786428073.5335896,9.53,6,1,health,online,0.08,0.6,0.764,16.8,3.18,3264.3,0,1,32.68,0.87,0,0
00000000-0000-0000-076f-069a3d5c64ae,usr_00745,1786428077.7722955,35.3,6,1,restaurant,pos_contactless,0.1,0.1,0.895,4.66,2.11,29992.6,0,0,100.1,0.35,0,0
00000000-0000-0000-38e2-3cc043b5600f,usr_00406,1786428126.6633143,53.91,6,1,utilities,online,0.04,0.6,0.848,22.85,2.67,1089.0,0,2,105.28,1.54,0,0
00000000-0000-0000-3007-5af4342c44e6,usr_00513,1786428184.527037,50.23,6,1,grocery,pos_chip,0.05,0.05,0.452,29.21,1.22,23035.1,0,0,12.3,4.08,0,0
00000000-0000-0000-1fe6-9fecb3d025a3,usr_00177,1786428189.924489,29.86,6,1,crypto,pos_chip,0.9,0.05,0.885,26.78,2.54,20401.0,0,0,28.9,1.03,0,0
00000000-0000-0000-7776-1315f563fe5a,usr_00195,1786428190.8853168,29.46,6,1,utilities,p2p,0.04,0.45,0.88,4.48,10.29,10951.3,0,0,9.33,3.16,0,0
00000000-0000-0000-552e-82b017c6babf,usr_00521,1786428201.8349078,30.8,6,1,restaurant,pos_chip,0.1,0.05,0.698,3.94,0.33,14052.8,0,0,16.48,1.87,0,0
00000000-0000-0000-62dd-e9c311950031,usr_00349,1786428229.5120122,88.68,6,1,restaurant,pos_contactless,0.1,0.1,0.887,2.26,0.57,1823.1,0,1,355.96,0.75,0,0
00000000-0000-0000-6ee1-a82599c69dfc,usr_00777,1786428319.069345,88.46,6,1,health,pos_chip,0.08,0.05,0.648,1.46,0.06,21795.3,0,0,42.87,2.06,0,0
00000000-0000-0000-3cdf-1e4e10761cf9,usr_00826,1786428329.250981,6.26,6,1,restaurant,online,0.1,0.6,0.929,2.22,0.37,19807.4,0,0,132.62,0.09,0,0
00000000-0000-0000-6c1c-11274104aebd,usr_00375,1786428339.222313,151.5,6,1,restaurant,pos_chip,0.1,0.05,0.914,1.42,0.9,879.9,0,1,456.43,1.0,0,0
00000000-0000-0000-401b-a691ad89560e,usr_00740,1786428342.404599,86.82,6,1,restaurant,pos_chip,0.1,0.05,0.901,25.04,5.22,7007.4,0,0,87.93,0.99,0,0
00000000-0000-0000-57b0-2f0547b239b4,usr_00592,1786428392.8701227,142.03,6,1,crypto,atm,0.9,0.25,0.569,9.99,2.99,4637.0,0,0,596.15,0.95,0,0
00000000-0000-0000-670a-7ec699ed6007,usr_00330,1786428470.776862,78.03,6,1,gaming,online,0.7,0.6,0.727,8.54,1.84,4122.2,0,0,418.09,0.93,0,0
00000000-0000-0000-5ecd-e282a2788968,usr_00114,1786428472.5808787,52.48,6,1,grocery,online,0.05,0.6,0.809,2.11,11.49,16290.6,0,0,152.72,1.37,0,0
00000000-0000-0000-412a-66b5035af571,usr_00221,1786428474.949863,31.64,6,1,restaurant,online,0.1,0.6,0.604,9.94,0.11,12391.8,0,0,86.28,1.1,0,0
00000000-0000-0000-10a3-ee974ea8ffa6,usr_00992,1786428482.550646,157.1,6,1,restaurant,online,0.1,0.6,0.939,18.17,0.99,43993.7,0,0,182.18,0.86,0,0
00000000-0000-0000-7aae-2706f9a452dc,usr_00197,1786428538.2585602,53.85,6,1,utilities,pos_chip,0.04,0.05,0.73,11.82,1.13,637.0,0,1,113.63,1.9,0,0
00000000-0000-0000-2e21-8f433c6cdd44,usr_00804,1786428658.4863577,93.41,6,1,grocery,online,0.05,0.6,0.783,1.6,3.73,44832.1,0,0,81.75,1.14,0,0
00000000-0000-0000-29b5-36147e715fbe,usr_00377,1786428669.368034,23.37,6,1,travel,online,0.4,0.6,0.787,9.19,6.49,86400.0,0,0,0.0,2.35,0,0
00000000-0000-0000-002c-9bf31d883201,usr_00939,1786428704.3138535,53.98,6,1,grocery,pos_chip,0.05,0.05,0.746,5.31,1.16,3349.5,0,1,205.57,0.79,0,0
00000000-0000-0000-32fe-8fec47a0dc5f,usr_00260,1786428726.6766627,17.68,6,1,grocery,online,0.05,0.6,0.445,22.37,0.22,86400.0,0,0,0.0,0.62,0,0
00000000-0000-0000-4f73-bffac69bdc72,usr_00257,1786428732.7554286,16.83,6,1,restaurant,pos_chip,0.1,0.05,0.886,13.28,0.53,12857.3,0,0,38.2,0.88,0,0
00000000-0000-0000-2ab4-2966d67a7b15,usr_00492,1786428752.5841126,86.44,6,1,restaurant,online,0.1,0.6,0.764,26.1,2.14,1585.8,0,1,113.16,2.29,0,0
00000000-0000-0000-0d36-d3bb3aa8ce6e,usr_00331,1786428825.3568118,98.68,6,1,restaurant,pos_chip,0.1,0.05,0.821,23.09,3.0,8462.5,0,0,101.06,1.95,0,0
00000000-0000-0000-6029-adf4c2998c1b,usr_00149,1786428861.145954,20.96,6,1,electronics,pos_chip,0.65,0.05,0.924,7.41,1.01,21908.1,0,0,48.94,0.43,0,0
00000000-0000-0000-4707-cd919a5786b3,usr_00586,1786428898.7048557,10.24,6,1,general_retail,pos_chip,0.15,0.05,0.966,28.71,1.6,11575.8,0,0,71.34,0.57,0,0
00000000-0000-0000-755e-b483481dffc7,usr_00480,1786428932.9424977,32.7,6,1,restaurant,pos_contactless,0.1,0.1,0.841,18.6,0.11,3635.0,0,0,300.88,0.65,0,0
00000000-0000-0000-44d2-c385f80bef87,usr_00011,1786428936.7149966,76.09,6,1,grocery,online,0.05,0.6,0.926,22.78,3.32,16430.5,0,0,167.32,0.91,0,0
00000000-0000-0000-488c-bed0be107ce9,usr_00567,1786428954.4901934,20.09,6,1,jewelry,p2p,0.8,0.45,0.916,10.0,11.95,7109.9,0,0,26.42,0.76,0,0
00000000-0000-0000-5ddc-b11778fc4ab3,usr_00663,1786428983.5653863,70.73,6,1,utilities,pos_contactless,0.04,0.1,0.896,4.03,1.52,21386.2,0,0,60.92,2.32,0,0
00000000-0000-0000-50de-9d2637b60a2c,usr_00026,1786429002.3858209,32.97,6,1,general_retail,pos_chip,0.15,0.05,0.921,0.25,4.28,30330.8,0,0,55.16,0.6,0,0
00000000-0000-0000-3861-87767c4d718e,usr_00515,1786429002.654834,61.12,6,1,electronics,online,0.65,0.6,0.625,1.51,6.25,35695.2,0,0,136.36,0.9,0,0
00000000-0000-0000-7cda-e26dfe2496b7,usr_00398,1786429005.0011556,121.07,6,1,health,atm,0.08,0.25,0.596,29.03,1.25,45363.8,0,0,129.55,1.87,0,0
00000000-0000-0000-19bd-b740af4f5549,usr_00111,1786429063.6489234,62.19,6,1,crypto,atm,0.9,0.25,0.732,28.64,0.01,1872.8,0,1,47.31,1.31,0,0
00000000-0000-0000-4dc2-337f0a0514dc,usr_00832,1786429099.1007433,30.39,6,1,general_retail,pos_chip,0.15,0.05,0.938,3.94,0.71,86400.0,0,0,0.0,1.81,0,0
00000000-0000-0000-5f05-19ad1e3e9bf5,usr_00683,1786429132.9669237,10.79,6,1,grocery,pos_chip,0.05,0.05,0.78,1.59,3.69,10982.3,0,0,34.63,0.62,0,0
00000000-0000-0000-0eda-033a231aa877,usr_00291,1786429186.951202,34.67,6,1,utilities,pos_chip,0.04,0.05,0.948,3.11,12.11,7986.5,0,0,337.2,0.62,0,0
00000000-0000-0000-4567-c078bac35c93,usr_00414,1786429217.2685874,31.22,6,1,electronics,online,0.65,0.6,0.825,0.16,4.64,5050.5,0,0,57.2,1.64,0,0
00000000-0000-0000-71b9-461950f296f3,usr_00892,1786429311.9752104,20.22,6,1,general_retail,pos_chip,0.15,0.05,0.715,16.84,1.09,2746.1,0,1,80.26,0.76,0,0
00000000-0000-0000-2de8-6eb5415b0e44,usr_00891,1786429370.8017676,36.17,6,1,utilities,online,0.04,0.6,0.58,1.45,0.38,47621.9,0,0,34.82,1.04,0,0
00000000-0000-0000-2dc5-e3c2e365a934,usr_00069,1786429378.7313423,35.96,6,1,general_retail,pos_contactless,0.15,0.1,0.881,0.89,10.13,43267.8,0,0,101.95,1.06,0,0
00000000-0000-0000-7a54-2fd78cd0cf33,usr_00276,1786429389.0479944,18.2,6,1,restaurant,pos_chip,0.1,0.05,0.762,7.79,2.25,3048.1,0,1,132.82,0.41,0,0
00000000-0000-0000-0c2c-93a3402da94e,usr_00679,1786429407.6499817,24.51,6,1,grocery,pos_contactless,0.05,0.1,0.686,42.86,7.55,86400.0,0,0,0.0,0.82,0,0
00000000-0000-0000-5280-40121c03113b,usr_00246,1786429415.361668,23.77,6,1,grocery,pos_contactless,0.05,0.1,0.942,31.66,0.86,5522.7,0,0,30.49,1.56,0,0
00000000-0000-0000-3f5c-39d2c0e48bc4,usr_00468,1786429464.2679486,76.46,6,1,grocery,online,0.05,0.6,0.73,0.96,0.67,31608.3,0,0,49.41,1.55,0,0
00000000-0000-0000-4a46-52a709b84841,usr_00414,1786429469.0914679,33.19,6,1,grocery,pos_contactless,0.05,0.1,0.92,7.17,0.97,251.8,1,1,88.42,1.5,0,0
00000000-0000-0000-1012-5a57bfd15d09,usr_00743,1786429491.364527,37.68,6,1,utilities,atm,0.04,0.25,0.87,13.18,4.75,5933.0,0,0,47.81,3.15,0,0
00000000-0000-0000-5d18-46ca840ea649,usr_00259,1786429525.5480094,17.18,6,1,grocery,pos_contactless,0.05,0.1,0.824,1.93,3.98,31201.9,0,0,14.44,1.19,0,0
00000000-0000-0000-790b-b6f8dc384f06,usr_00523,1786429547.8892806,15.12,6,1,health,online,0.08,0.6,0.76,4.26,12.71,35195.8,0,0,33.63,0.45,0,0
00000000-0000-0000-1b3b-2399ebc79d97,usr_00073,1786429555.263936,46.66,6,1,electronics,online,0.65,0.6,0.642,38.01,6.81,27039.0,0,0,23.52,1.98,0,0
00000000-0000-0000-5f51-eed51cbaebf5,usr_00186,1786429572.4008448,29.16,6,1,restaurant,online,0.1,0.6,0.902,3.82,6.32,5405.2,0,0,144.82,0.81,0,0
00000000-0000-0000-5c67-42902a7fe6af,usr_00011,1786429576.2455413,33.11,6,1,utilities,p2p,0.04,0.45,0.623,1.21,4.74,639.5,0,1,243.41,0.41,0,0
00000000-0000-0000-45a3-0522e9474d3e,usr_00839,1786429594.493793,30.4,6,1,health,pos_contactless,0.08,0.1,0.822,9.93,0.26,86400.0,0,0,0.0,1.12,0,0
00000000-0000-0000-60d8-d47174df3a53,usr_00965,1786429614.7185853,7.37,6,1,grocery,pos_chip,0.05,0.05,0.97,9.07,6.04,9805.5,0,0,37.91,0.39,0,0
00000000-0000-0000-7c38-30d7044272d7,usr_00893,1786429632.1177692,30.73,6,1,utilities,pos_contactless,0.04,0.1,0.864,18.32,0.58,5689.8,0,0,21.87,1.41,0,0
00000000-0000-0000-529a-6fcbb012ac05,usr_00781,1786429651.8457348,22.2,6,1,restaurant,online,0.1,0.6,0.865,8.15,0.18,29774.8,0,0,127.34,0.35,0,0
00000000-0000-0000-6515-d5e59ff22c89,usr_00730,1786429658.8954737,27.8,6,1,grocery,pos_contactless,0.05,0.1,0.833,6.87,4.92,45429.8,0,0,35.19,0.79,0,0
00000000-0000-0000-3680-764365488815,usr_00557,1786429743.3258004,31.25,6,1,grocery,pos_contactless,0.05,0.1,0.967,28.96,1.98,15599.1,0,0,53.88,2.32,0,0
00000000-0000-0000-017c-706cea21d3c8,usr_00385,1786429775.6357586,17.81,6,1,grocery,pos_contactless,0.05,0.1,0.765,19.44,16.72,2575.9,0,1,116.55,0.61,0,0
00000000-0000-0000-5242-37250328d5c9,usr_00457,1786429799.8825896,17.29,6,1,gaming,online,0.7,0.6,0.642,0.8,8.66,19993.7,0,0,66.33,0.78,0,0
00000000-0000-0000-3703-cd18b477749d,usr_00198,1786429826.9891293,34.93,6,1,grocery,pos_contactless,0.05,0.1,0.933,7.69,16.73,26789.7,0,0,36.63,1.91,0,0
00000000-0000-0000-6b12-dbc95449f60d,usr_00201,1786429838.9320424,83.0,6,1,restaurant,pos_chip,0.1,0.05,0.878,0.87,10.5,86400.0,0,0,0.0,1.08,0,0
00000000-0000-0000-1767-3b28d06fb20e,usr_00090,1786429903.5039043,48.33,6,1,electronics,online,0.65,0.6,0.901,3.38,4.22,23202.2,0,0,99.72,0.97,0,0
00000000-0000-0000-706b-f7d09b16b5f9,usr_00320,1786429907.3236082,113.81,6,1,general_retail,atm,0.15,0.25,0.927,32.42,17.74,28994.2,0,0,67.89,1.68,0,0
00000000-0000-0000-61f2-6231dc3140f3,usr_00762,1786429908.3907406,103.17,6,1,health,pos_contactless,0.08,0.1,0.73,4.46,2.52,14290.9,0,0,33.65,3.07,0,0
00000000-0000-0000-44ef-d78c03a587ab,usr_00139,1786429936.1891716,236.51,6,1,gaming,online,0.7,0.6,0.945,1.82,8.64,18322.8,0,0,454.4,1.04,0,0
00000000-0000-0000-0f92-52cc22ca48bd,usr_00244,1786429957.959072,136.46,6,1,utilities,atm,0.04,0.25,0.92,15.31,7.06,8981.2,0,0,541.12,1.01,0,0
00000000-0000-0000-474f-6e2b14d3dc1c,usr_00136,1786429967.8504925,47.72,6,1,utilities,online,0.04,0.6,0.649,16.81,0.98,1971.9,0,1,177.1,0.81,0,0
00000000-0000-0000-2935-34df08b91286,usr_00617,1786430066.921253,52.98,6,1,grocery,pos_contactless,0.05,0.1,0.841,13.84,0.48,16099.0,0,0,106.24,1.5,0,0
00000000-0000-0000-1706-ce7d2d129fd9,usr_00560,1786430098.068494,19.78,6,1,grocery,pos_chip,0.05,0.05,0.82,8.36,1.77,14604.4,0,0,93.07,0.43,0,0
00000000-0000-0000-2dc4-72f4c2662a70,usr_00819,1786430116.1484628,46.24,6,1,utilities,pos_chip,0.04,0.05,0.87,15.12,6.54,2748.1,0,1,35.29,2.62,0,0
00000000-0000-0000-746b-bfe4997d1da8,usr_00626,1786430155.3216689,44.51,6,1,travel,online,0.4,0.6,0.754,0.23,0.23,10086.4,0,0,67.77,1.31,0,0
00000000-0000-0000-1134-1fa7e5843e99,usr_00484,1786430159.7435613,18.07,6,1,electronics,online,0.65,0.6,0.852,2.58,0.82,12090.5,0,0,104.26,0.35,0,0
00000000-0000-0000-1dd8-b825af1b70ef,usr_00919,1786430170.168786,9.03,6,1,grocery,online,0.05,0.6,0.788,24.83,14.22,15250.4,0,0,17.69,0.51,0,0
00000000-0000-0000-0150-d13229e23d3c,usr_00636,1786430175.7360451,12.27,6,1,grocery,online,0.05,0.6,0.831,4.99,4.62,5825.7,0,0,101.67,0.24,0,0
00000000-0000-0000-21c4-fe05e724f31c,usr_00147,1786430181.6198697,30.99,6,1,electronics,pos_chip,0.65,0.05,0.885,10.92,0.33,13364.7,0,0,36.82,0.84,0,0
00000000-0000-0000-00ff-65131db1568c,usr_00280,1786430219.3564079,42.67,6,1,travel,atm,0.4,0.25,0.696,7.34,7.55,28246.6,0,0,104.54,0.82,0,0
00000000-0000-0000-36cf-19225e1a31f3,usr_00324,1786430235.169192,105.62,6,1,restaurant,online,0.1,0.6,0.949,12.24,3.04,86400.0,0,0,0.0,1.07,0,0
00000000-0000-0000-1825-28f196f2b4cb,usr_00416,1786430255.6801317,39.97,6,1,restaurant,online,0.1,0.6,0.919,5.33,1.16,12130.6,0,0,205.35,0.39,0,0
00000000-0000-0000-1ec8-d5dd84fbd674,usr_00013,1786430264.9713588,49.58,6,1,health,pos_chip,0.08,0.05,0.884,18.44,3.62,18386.3,0,0,216.99,0.46,0,0
00000000-0000-0000-0443-1743bc2445d0,usr_00430,1786430268.2670927,11.96,6,1,restaurant,online,0.1,0.6,0.839,3.04,3.5,14269.5,0,0,7.05,1.7,0,0
00000000-0000-0000-1da6-3fe79a0d8e00,usr_00242,1786430275.8116734,8.81,6,1,restaurant,pos_chip,0.1,0.05,0.899,1.29,1.94,14822.3,0,0,37.25,0.47,0,0
00000000-0000-0000-11a0-405a6d2ab5a8,usr_00566,1786430283.62109,24.1,6,1,electronics,online,0.65,0.6,0.809,1.9,2.28,19079.4,0,0,77.0,0.63,0,0
00000000-0000-0000-576d-2a4ef45935d0,usr_00787,1786430307.1655257,14.43,6,1,restaurant,pos_contactless,0.1,0.1,0.644,23.46,3.84,11989.3,0,0,69.89,0.41,0,0
00000000-0000-0000-03b2-dc1c75325208,usr_00568,1786430339.7298949,41.11,6,1,restaurant,online,0.1,0.6,0.911,3.1,0.0,17410.0,0,0,93.74,0.88,0,0
00000000-0000-0000-403d-23522292ea0d,usr_00370,1786430444.154523,21.98,6,1,health,online,0.08,0.6,0.768,10.77,1.44,26125.0,0,0,22.04,1.0,0,0
00000000-0000-0000-7e18-120e201271ef,usr_00437,1786430499.9665754,16.79,6,1,electronics,online,0.65,0.6,0.86,2.36,3.12,28076.5,0,0,15.25,1.1,0,0
00000000-0000-0000-3709-5fb445f295db,usr_00068,1786430614.1547353,42.64,6,1,gaming,pos_chip,0.7,0.05,0.846,89.01,5.92,4715.5,0,0,266.68,0.96,0,0
00000000-0000-0000-3623-87f3ce1e6947,usr_00031,1786430652.78015,25.77,6,1,travel,pos_contactless,0.4,0.1,0.728,7.05,3.41,4330.3,0,0,53.18,0.97,0,0
00000000-0000-0000-7fb4-872d78f01acc,usr_00309,1786430653.0576212,134.97,6,1,general_retail,pos_contactless,0.15,0.1,0.417,2.87,2.78,36461.5,0,0,111.21,1.21,0,0
00000000-0000-0000-6644-b74dcb8697e7,usr_00518,1786430655.9514968,77.26,6,1,grocery,pos_chip,0.05,0.05,0.864,3.96,0.39,2985.9,0,1,208.71,1.11,0,0
00000000-0000-0000-4f64-00c3e5310d39,usr_00806,1786430678.6235929,31.0,6,1,jewelry,online,0.8,0.6,0.831,66.81,2.01,5803.0,0,0,114.6,0.54,0,0
00000000-0000-0000-16cd-652120207d24,usr_00437,1786430695.946348,5.91,6,1,electronics,online,0.65,0.6,0.676,3.03,2.3,196.0,1,1,32.04,0.37,0,0
00000000-0000-0000-394b-25620739d76e,usr_00689,1786430702.1730716,38.49,6,1,grocery,online,0.05,0.6,0.804,2.71,11.07,33311.2,0,0,29.1,1.32,0,0
00000000-0000-0000-7bd8-4a973097e3ed,usr_00664,1786430708.6670866,31.84,6,1,grocery,pos_contactless,0.05,0.1,0.802,21.91,4.29,6144.8,0,0,110.87,0.57,0,0
00000000-0000-0000-6add-5057d67d5150,usr_00675,1786430742.437834,46.96,6,1,electronics,online,0.65,0.6,0.868,17.25,3.07,9038.3,0,0,41.83,2.25,0,0
00000000-0000-0000-5531-de74cd62633e,usr_00180,1786430753.5332935,69.44,6,1,electronics,p2p,0.65,0.45,0.907,6.39,1.03,49486.3,0,0,32.9,2.11,0,0
00000000-0000-0000-302c-a1c5e54f7931,usr_00598,1786430788.121861,23.88,6,1,utilities,pos_chip,0.04,0.05,0.683,26.68,6.13,21070.3,0,0,86.86,0.55,0,0
00000000-0000-0000-7256-0269d94b4234,usr_00994,1786430819.2006829,39.78,6,1,utilities,pos_chip,0.04,0.05,0.907,17.37,2.15,20038.4,0,0,88.5,1.35,0,0
00000000-0000-0000-3764-ecae527ec50a,usr_00636,1786430832.0295978,13.69,6,1,restaurant,online,0.1,0.6,0.948,5.43,11.07,656.3,0,1,113.94,0.36,0,0
00000000-0000-0000-613f-4a5732e17832,usr_00932,1786430851.5463595,38.74,6,1,restaurant,pos_contactless,0.1,0.1,0.75,12.08,7.76,5353.5,0,0,111.8,1.04,0,0
00000000-0000-0000-0b2d-b5dbf74bd781,usr_00833,1786430860.9817107,58.47,6,1,general_retail,p2p,0.15,0.45,0.929,13.34,0.24,86400.0,0,0,0.0,2.22,0,0
00000000-0000-0000-36bf-5a2d61830748,usr_00747,1786430884.7526753,78.9,6,1,grocery,online,0.05,0.6,0.989,32.27,1.15,48256.4,0,0,44.77,1.76,0,0
00000000-0000-0000-6451-5169f519b2db,usr_00372,1786430950.3709786,50.73,6,1,restaurant,online,0.1,0.6,0.911,1.38,3.37,86400.0,0,0,0.0,0.92,0,0
00000000-0000-0000-696a-21da1ddbc259,usr_00341,1786430987.897076,42.81,6,1,restaurant,pos_contactless,0.1,0.1,0.797,2.49,0.02,3155.4,0,1,97.47,0.88,0,0
00000000-0000-0000-7c71-bfff69999e84,usr_00955,1786431012.930449,95.42,6,1,crypto,pos_contactless,0.9,0.1,0.96,2.23,1.97,26101.2,0,0,121.17,1.57,0,0
00000000-0000-0000-2cce-97bb87979d52,usr_00561,1786431047.5880947,45.77,6,1,grocery,online,0.05,0.6,0.874,3.46,2.75,86400.0,0,0,0.0,1.13,0,0
00000000-0000-0000-6159-262fb2ec606e,usr_00379,1786431061.2135975,28.84,6,1,general_retail,atm,0.15,0.25,0.765,8.53,2.21,16752.5,0,0,70.02,1.24,0,0
00000000-0000-0000-5a4c-c4bf135d6bf6,usr_00521,1786431074.7055259,19.72,6,1,grocery,pos_chip,0.05,0.05,0.806,20.91,0.86,2872.9,0,1,47.28,0.83,0,0
00000000-0000-0000-283a-c81cad36988c,usr_00334,1786431078.4505122,42.64,6,1,utilities,pos_chip,0.04,0.05,0.945,2.75,3.37,11521.1,0,0,19.76,2.16,0,0
00000000-0000-0000-7613-d534f05c5aa0,usr_00748,1786431090.6008914,14.52,6,1,electronics,atm,0.65,0.25,0.773,15.97,12.14,22071.9,0,0,46.37,0.31,0,0
00000000-0000-0000-4151-162eb0d9f6b6,usr_00528,1786431110.3590324,32.98,6,1,gaming,atm,0.7,0.25,0.829,17.3,2.53,13479.5,0,0,144.88,0.68,0,0
00000000-0000-0000-3be0-4dfb60be78b1,usr_00436,1786431121.0822315,30.59,6,1,grocery,pos_contactless,0.05,0.1,0.61,7.91,4.34,86400.0,0,0,0.0,1.27,0,0
00000000-0000-0000-200a-d66f0e498d9d,usr_00090,1786431122.7089558,52.14,6,1,electronics,p2p,0.65,0.45,0.669,7.93,5.3,1219.2,0,1,148.05,1.06,0,0
00000000-0000-0000-30f1-f9d1456aead4,usr_00490,1786431123.8498816,66.03,6,1,general_retail,online,0.15,0.6,0.771,7.33,14.96,31925.8,0,0,182.77,1.08,0,0
00000000-0000-0000-58fc-249ae45b6db1,usr_00860,1786431132.7785153,15.21,6,1,grocery,pos_chip,0.05,0.05,0.882,10.72,0.06,86400.0,0,0,0.0,0.83,0,0
00000000-0000-0000-2df1-91a64b5664ec,usr_00752,1786431138.7042463,29.01,6,1,restaurant,online,0.1,0.6,0.427,3.01,2.57,24009.1,0,0,43.42,1.34,0,0
00000000-0000-0000-6383-950c5b382409,usr_00457,1786431154.1998587,43.62,6,1,travel,pos_contactless,0.4,0.1,0.88,5.07,0.99,1354.3,0,1,83.62,2.09,0,0
00000000-0000-0000-5a1a-b761b19dfda4,usr_00423,1786431177.0482984,7.3,6,1,restaurant,pos_chip,0.1,0.05,0.758,21.87,4.45,20761.2,0,0,55.74,0.65,0,0
00000000-0000-0000-7f41-0b2cbc767d6c,usr_00014,1786431199.3332214,82.42,6,1,travel,p2p,0.4,0.45,0.805,0.49,16.43,3328.6,0,1,210.72,1.56,0,0
00000000-0000-0000-5375-afb5221408ba,usr_00761,1786431204.555226,42.78,6,1,restaurant,pos_chip,0.1,0.05,0.913,19.03,5.1,10188.9,0,0,124.34,1.03,0,0
00000000-0000-0000-02b7-46da874faf73,usr_00791,1786431242.0045116,8.94,6,1,grocery,online,0.05,0.6,0.972,5.6,1.1,5608.2,0,0,48.54,0.74,0,0
00000000-0000-0000-3904-c1043b9b158e,usr_00682,1786431301.598357,38.16,6,1,grocery,pos_chip,0.05,0.05,0.95,2.85,3.18,35760.4,0,0,57.28,0.67,0,0
00000000-0000-0000-1d33-9b2450d926ca,usr_00232,1786431325.315843,25.1,6,1,grocery,online,0.05,0.6,0.76,3.91,7.53,86400.0,0,0,0.0,0.63,0,0
00000000-0000-0000-2e82-78723aa06703,usr_00595,1786431345.2669785,59.04,6,1,general_retail,pos_chip,0.15,0.05,0.978,1.56,9.87,10570.7,0,0,22.05,2.68,0,0
00000000-0000-0000-2d5c-6334e07f1cb5,usr_00619,1786431350.611589,56.68,6,1,utilities,online,0.04,0.6,0.559,11.09,5.1,10638.7,0,0,305.3,0.56,0,0
00000000-0000-0000-53ec-058f4f6ad8a0,usr_00375,1786431351.3137367,170.92,6,1,grocery,atm,0.05,0.25,0.83,0.98,8.26,3012.1,0,1,607.93,1.12,0,0
00000000-0000-0000-642f-3c09cea36204,usr_00916,1786431384.9659472,39.54,6,1,grocery,atm,0.05,0.25,0.852,0.07,2.7,8544.8,0,0,216.67,0.55,0,0
00000000-0000-0000-47dd-4b4d6fe41d79,usr_00750,1786431449.3870976,18.14,6,1,travel,pos_contactless,0.4,0.1,0.782,19.32,1.75,6033.1,0,0,25.13,0.72,0,0
00000000-0000-0000-611e-8c4f07fb70cc,usr_00316,1786431524.6052864,33.32,6,1,grocery,pos_contactless,0.05,0.1,0.863,4.41,6.85,19468.4,0,0,14.59,2.28,0,0
00000000-0000-0000-1acc-6a3d92c2b5f7,usr_00664,1786431525.9545856,32.63,6,1,travel,pos_chip,0.4,0.05,0.582,17.65,2.57,817.3,0,1,142.71,0.69,1,0
00000000-0000-0000-5e3f-9c2fa9d23285,usr_00115,1786431553.7473342,45.3,6,1,travel,pos_contactless,0.4,0.1,0.862,4.09,6.01,29768.7,0,0,29.83,1.52,1,0
00000000-0000-0000-5039-dc827fc651a9,usr_00806,1786431569.4711206,15.95,6,1,restaurant,pos_contactless,0.1,0.1,0.871,8.81,2.06,890.8,0,1,145.6,0.33,0,0
00000000-0000-0000-22de-99ac68a737f3,usr_00157,1786431569.9553397,16.0,6,1,gaming,online,0.7,0.6,0.968,6.75,5.89,5661.2,0,0,333.76,0.24,0,0
00000000-0000-0000-27af-1e79514c7897,usr_00389,1786431582.6349185,22.33,6,1,utilities,p2p,0.04,0.45,0.759,13.37,5.32,19479.3,0,0,31.78,1.41,0,0
00000000-0000-0000-11cd-ff704ad337cf,usr_00894,1786431589.6788867,23.23,6,1,crypto,atm,0.9,0.25,0.766,31.43,19.54,36017.5,0,0,17.88,1.3,0,0
00000000-0000-0000-6c76-5b506d637a9a,usr_00266,1786431608.2922454,35.26,7,1,general_retail,online,0.15,0.6,0.773,0.92,14.04,86400.0,0,0,0.0,0.97,0,0
00000000-0000-0000-13d2-f5d746a14113,usr_00450,1786431636.3043401,23.51,7,1,grocery,pos_chip,0.05,0.05,0.756,14.38,7.88,10885.3,0,0,41.4,0.57,0,0
00000000-0000-0000-0b1f-03241e7a6597,usr_00028,1786431654.726665,29.86,7,1,utilities,online,0.04,0.6,0.841,12.43,1.76,22038.1,0,0,227.51,0.52,0,0
00000000-0000-0000-4ecb-ac061a21fd92,usr_00126,1786431678.325428,93.02,7,1,gaming,online,0.7,0.6,0.831,2.81,4.55,6516.4,0,0,399.71,0.93,0,0
00000000-0000-0000-6fe5-c8e5f3c580e5,usr_00542,1786431701.0181296,99.03,7,1,grocery,pos_chip,0.05,0.05,0.909,26.93,5.42,14852.6,0,0,96.02,2.06,0,0
00000000-0000-0000-4355-3599f8232bb0,usr_00745,1786431701.047629,61.47,7,1,utilities,online,0.04,0.6,0.783,4.94,1.17,3623.3,0,0,135.4,0.91,0,0
00000000-0000-0000-2027-004f19865c8b,usr_00759,1786431785.835327,17.8,7,1,general_retail,pos_contactless,0.15,0.1,0.91,15.07,9.17,16042.3,0,0,120.48,0.3,0,0
00000000-0000-0000-1683-4f5261190847,usr_00771,1786431824.8065546,44.4,7,1,grocery,pos_chip,0.05,0.05,0.849,17.98,1.36,14351.1,0,0,341.86,0.39,0,0
00000000-0000-0000-06c7-301709e7e6cb,usr_00646,1786431825.5300622,81.59,7,1,travel,p2p,0.4,0.45,0.707,5.83,0.25,47782.8,0,0,81.19,2.01,0,0
00000000-0000-0000-1ffe-a04d60e93afd,usr_00966,1786431831.8186526,18.57,7,1,electronics,pos_chip,0.65,0.05,0.905,4.7,0.53,51017.3,0,0,30.43,0.61,0,0
00000000-0000-0000-228d-c060515b32aa,usr_00687,1786431838.445811,49.19,7,1,utilities,p2p,0.04,0.45,0.908,25.46,1.92,18454.2,0,0,91.07,0.54,0,0
00000000-0000-0000-4ab0-5323b7af5cc2,usr_00795,1786431841.3786688,26.45,7,1,utilities,pos_chip,0.04,0.05,0.769,12.71,4.24,86400.0,0,0,0.0,0.86,0,0
00000000-0000-0000-7dcf-7980c5cc4287,usr_00313,1786431843.3496563,27.96,7,1,electronics,pos_chip,0.65,0.05,0.927,2.5,9.0,12286.4,0,0,55.67,1.0,0,0
00000000-0000-0000-48d3-a0ba695a13bb,usr_00320,1786431860.6428576,45.48,7,1,travel,online,0.4,0.6,0.879,40.78,4.7,1953.3,0,1,181.7,0.5,0,0
00000000-0000-0000-09b3-33400c27f434,usr_00966,1786431863.543011,32.33,7,1,grocery,atm,0.05,0.25,0.655,9.61,3.15,31.7,1,1,49.0,1.32,0,0
00000000-0000-0000-0998-11aa12606312,usr_00203,1786431898.6809218,41.56,7,1,jewelry,p2p,0.8,0.45,0.894,3.74,1.89,41484.1,0,0,168.37,0.49,0,0
00000000-0000-0000-3434-f9bebc5a741b,usr_00020,1786431916.0831678,32.6,7,1,utilities,pos_chip,0.04,0.05,0.902,0.78,3.61,29018.7,0,0,40.66,0.8,0,0
00000000-0000-0000-7b26-a9f1bb93540a,usr_00432,1786431922.4013252,28.43,7,1,electronics,pos_chip,0.65,0.05,0.634,1.98,2.15,49497.9,0,0,15.58,1.82,0,0
00000000-0000-0000-7ad0-5630350ce3c6,usr_00092,1786431955.0289178,8.87,7,1,general_retail,pos_contactless,0.15,0.1,0.866,12.18,3.71,22378.0,0,0,69.86,0.38,0,0
00000000-0000-0000-1968-cd58ff7e4602,usr_00244,1786431983.2621183,176.99,7,1,general_retail,online,0.15,0.6,0.875,20.6,2.65,2025.3,0,1,677.58,1.31,0,0
00000000-0000-0000-018b-304548648480,usr_00760,1786432054.7845082,103.61,7,1,general_retail,atm,0.15,0.25,0.919,8.58,0.37,34794.0,0,0,105.09,0.99,0,0
00000000-0000-0000-104d-dfcd03f4e532,usr_00491,1786432059.1104982,18.99,7,1,electronics,atm,0.65,0.25,0.59,23.65,0.15,25243.8,0,0,135.56,0.56,0,0
00000000-0000-0000-28da-987ebbdc0292,usr_00266,1786432062.7740538,39.49,7,1,grocery,online,0.05,0.6,0.818,1.25,5.9,454.5,0,1,35.26,1.12,0,0
00000000-0000-0000-0311-f5cfd72b8831,usr_00240,1786432066.7908587,25.83,7,1,utilities,pos_chip,0.04,0.05,0.92,14.43,1.09,25788.3,0,0,27.05,1.91,0,0
00000000-0000-0000-1627-29e0376fffd2,usr_00169,1786432077.8610544,19.93,7,1,crypto,online,0.9,0.6,0.975,0.56,1.28,39138.9,0,0,18.29,1.09,0,0
00000000-0000-0000-60f8-b94997beb1c8,usr_00520,1786432123.8860097,15.7,7,1,gaming,atm,0.7,0.25,0.777,0.21,7.39,39055.1,0,0,30.86,0.51,0,0
00000000-0000-0000-56a8-f539ddd54019,usr_00353,1786432203.4362617,51.71,7,1,electronics,online,0.65,0.6,0.956,0.51,3.38,16091.5,0,0,343.1,0.6,0,0
00000000-0000-0000-6904-6b5675809d12,usr_00565,1786432226.0639634,23.73,7,1,grocery,pos_chip,0.05,0.05,0.877,11.56,11.31,23690.4,0,0,70.38,0.34,0,0
00000000-0000-0000-3d62-131145dc91f7,usr_00011,1786432267.7984195,38.82,7,1,restaurant,pos_contactless,0.1,0.1,0.762,10.18,3.2,2691.6,0,2,276.52,0.56,0,0
00000000-0000-0000-4832-11021a3fe96e,usr_00621,1786432371.9437852,52.75,7,1,grocery,atm,0.05,0.25,0.888,12.73,0.99,25844.7,0,0,94.91,1.67,0,0
00000000-0000-0000-64db-f703b841cf99,usr_00580,1786432372.7354887,5.26,7,1,grocery,online,0.05,0.6,0.793,10.87,3.84,8860.1,0,0,6.76,0.78,0,0
00000000-0000-0000-6ab2-18c8fdc56daf,usr_00930,1786432432.9383233,47.79,7,1,utilities,online,0.04,0.6,0.956,8.44,7.45,5310.2,0,0,68.05,1.4,0,0
00000000-0000-0000-3aa2-23399b8df9d1,usr_00444,1786432442.3777785,12.02,7,1,grocery,online,0.05,0.6,0.953,10.53,0.94,7420.1,0,0,89.04,0.27,0,0
00000000-0000-0000-4ddd-3fb34a15f124,usr_00245,1786432442.6532655,10.98,7,1,utilities,pos_chip,0.04,0.05,0.926,8.79,7.67,8979.8,0,0,36.77,0.6,0,0
00000000-0000-0000-23da-29788fe7aea7,usr_00208,1786432455.1054468,11.07,7,1,restaurant,pos_chip,0.1,0.05,0.487,8.48,1.48,16445.6,0,0,19.64,0.56,0,0
00000000-0000-0000-39be-47cfaa38ac94,usr_00388,1786432526.5736895,44.07,7,1,health,pos_chip,0.08,0.05,0.866,1.21,19.3,8271.2,0,0,109.62,1.21,0,0
00000000-0000-0000-07c2-fa7861a7e90b,usr_00785,1786432539.5790882,29.8,7,1,grocery,online,0.05,0.6,0.731,17.62,0.42,15714.4,0,0,61.16,1.46,0,0
00000000-0000-0000-1390-8e9063654628,usr_00074,1786432557.3038154,35.32,7,1,utilities,pos_contactless,0.04,0.1,0.938,0.62,4.49,12239.3,0,0,148.6,0.71,0,0
00000000-0000-0000-0e8a-76bda4271b2d,usr_00730,1786432564.1337216,52.84,7,1,grocery,pos_chip,0.05,0.05,0.832,40.06,10.49,2905.2,0,1,62.99,1.68,0,0
00000000-0000-0000-5ffa-438dd44db47b,usr_00462,1786432564.2258167,15.47,7,1,utilities,pos_contactless,0.04,0.1,0.794,3.57,5.38,38763.0,0,0,11.88,1.3,0,0
00000000-0000-0000-4323-01b9d53edacb,usr_00679,1786432623.962343,20.91,7,1,grocery,pos_contactless,0.05,0.1,0.787,7.03,6.11,3216.3,0,1,24.51,0.85,0,0
00000000-0000-0000-2a08-3dad46f05982,usr_00622,1786432645.4053535,24.81,7,1,general_retail,pos_chip,0.15,0.05,0.907,29.93,4.15,15270.4,0,0,85.4,0.58,0,0
00000000-0000-0000-4800-fe60a4594e9a,usr_00932,1786432647.1371253,73.02,7,1,electronics,pos_chip,0.65,0.05,0.58,11.02,4.31,1795.6,0,1,150.54,1.94,0,0
00000000-0000-0000-02dc-9af3deaa7589,usr_00941,1786432672.0502484,115.35,7,1,utilities,p2p,0.04,0.45,0.794,12.9,1.07,6922.1,0,0,327.83,1.76,0,0
00000000-0000-0000-6879-c2aff3e3ff59,usr_00298,1786432678.8598156,8.94,7,1,general_retail,atm,0.15,0.25,0.825,2.19,1.06,32318.5,0,0,12.77,0.7,0,0
00000000-0000-0000-1753-08b0bb6b947c,usr_00521,1786432680.2985308,34.63,7,1,grocery,online,0.05,0.6,0.624,38.67,2.75,1605.6,0,1,67.0,1.55,0,0
00000000-0000-0000-4988-61640dcea17c,usr_00298,1786432691.9553223,8.08,7,1,electronics,online,0.65,0.6,0.721,3.15,2.55,13.1,1,1,21.71,0.74,0,0
00000000-0000-0000-5a6c-0bcbade81d07,usr_00733,1786432736.1432354,20.53,7,1,restaurant,pos_chip,0.1,0.05,0.715,3.37,0.17,38336.0,0,0,185.22,0.44,0,0
00000000-0000-0000-3285-c3540dc096b4,usr_00758,1786432788.363449,92.99,7,1,restaurant,pos_contactless,0.1,0.1,0.517,11.88,0.95,15113.8,0,0,112.43,0.83,0,0
00000000-0000-0000-2f23-6bc84b90103a,usr_00283,1786432819.3471763,45.18,7,1,grocery,atm,0.05,0.25,0.533,6.36,4.76,6131.0,0,0,70.78,1.28,0,0
00000000-0000-0000-5ee0-72d6685f20f2,usr_00203,1786432845.4283814,82.53,7,1,restaurant,p2p,0.1,0.45,0.573,20.06,14.99,946.7,0,1,209.93,1.18,0,0
00000000-0000-0000-402d-f25a7b62bb11,usr_00009,1786432851.8568053,33.64,7,1,health,pos_chip,0.08,0.05,0.425,36.37,3.28,20653.7,0,0,22.77,1.48,0,0
00000000-0000-0000-1b4b-a89b03b089b3,usr_00953,1786432855.809634,9.06,7,1,restaurant,pos_chip,0.1,0.05,0.623,12.29,5.46,8068.7,0,0,70.61,0.38,0,0
00000000-0000-0000-1ad2-1a504cc2613e,usr_00041,1786432897.7151582,143.43,7,1,electronics,online,0.65,0.6,0.18,1669.06,1669.06,81.2,0,0,74.32,1.93,1,1
00000000-0000-0000-622c-0f2c7e343dd8,usr_00243,1786432909.04808,17.45,7,1,general_retail,p2p,0.15,0.45,0.843,43.07,9.14,11849.7,0,0,51.31,1.02,0,0
00000000-0000-0000-294e-718858b6fc39,usr_00742,1786432974.732362,12.46,7,1,crypto,pos_chip,0.9,0.05,0.988,23.27,13.22,9764.7,0,0,41.9,0.59,0,0
00000000-0000-0000-55f6-80614320cfc8,usr_00164,1786432994.7818756,82.83,7,1,restaurant,pos_contactless,0.1,0.1,0.932,4.92,8.74,21742.6,0,0,108.87,1.52,0,0
00000000-0000-0000-0929-5a0c23587458,usr_00522,1786433026.6612523,41.93,7,1,restaurant,pos_chip,0.1,0.05,0.9,17.73,0.18,9654.9,0,0,117.58,0.71,0,0
00000000-0000-0000-28eb-179df53c3a3d,usr_00426,1786433052.6776824,65.19,7,1,health,online,0.08,0.6,0.882,10.42,21.88,17242.6,0,0,71.96,0.91,0,0
00000000-0000-0000-15da-57ab9dbe39be,usr_00766,1786433068.929981,89.96,7,1,utilities,online,0.04,0.6,0.834,1.35,9.32,49152.3,0,0,42.35,2.12,0,0
00000000-0000-0000-1299-90c48696f375,usr_00028,1786433069.2187161,28.21,7,1,restaurant,pos_chip,0.1,0.05,0.757,18.93,8.4,1414.5,0,1,257.37,0.55,0,0
00000000-0000-0000-711d-765606d15c7e,usr_00908,1786433072.7736297,46.69,7,1,grocery,online,0.05,0.6,0.884,2.68,0.36,29122.2,0,0,110.16,1.7,1,0
00000000-0000-0000-61f8-babfeac47261,usr_00660,1786433078.5964057,17.71,7,1,gaming,pos_chip,0.7,0.05,0.692,3.09,4.8,25093.7,0,0,87.0,1.02,0,0
00000000-0000-0000-0128-bb9341ad169a,usr_00321,1786433080.3965359,37.68,7,1,travel,pos_chip,0.4,0.05,0.701,18.06,11.03,86400.0,0,0,0.0,1.28,0,0
00000000-0000-0000-47d1-11db360bf708,usr_00762,1786433083.7958975,75.17,7,1,gaming,pos_contactless,0.7,0.1,0.624,0.1,3.98,3175.4,0,1,136.82,1.1,0,0
00000000-0000-0000-0344-6222626c306e,usr_00303,1786433104.0178382,19.7,7,1,electronics,pos_contactless,0.65,0.1,0.782,31.48,0.08,21934.1,0,0,62.72,0.94,0,0
00000000-0000-0000-5226-24a834568385,usr_00360,1786433126.6037538,18.73,7,1,grocery,pos_chip,0.05,0.05,0.779,5.21,13.48,43819.1,0,0,71.94,0.52,0,0
00000000-0000-0000-2652-3d78ad536f67,usr_00867,1786433157.31367,45.66,7,1,utilities,p2p,0.04,0.45,0.953,9.99,0.52,20240.6,0,0,91.13,1.5,0,0
00000000-0000-0000-7887-445918db83e0,usr_00325,1786433162.3849692,115.71,7,1,electronics,pos_chip,0.65,0.05,0.865,22.38,0.36,7713.1,0,0,206.36,2.24,0,0
00000000-0000-0000-393b-17b3443d07ba,usr_00790,1786433201.584179,30.92,7,1,grocery,online,0.05,0.6,0.899,13.58,1.16,86400.0,0,0,0.0,1.46,0,0
00000000-0000-0000-4c67-171164146f8b,usr_00681,1786433207.3834603,30.39,7,1,electronics,online,0.65,0.6,0.857,28.82,3.12,24567.8,0,0,110.1,0.55,0,0
00000000-0000-0000-366c-c8d6774e2013,usr_00835,1786433207.9020011,32.18,7,1,general_retail,pos_chip,0.15,0.05,0.874,12.19,8.07,16726.1,0,0,111.06,1.16,0,0
00000000-0000-0000-7cf9-125763899738,usr_00504,1786433220.2451012,7.65,7,1,restaurant,online,0.1,0.6,0.504,15.03,7.47,6660.1,0,0,29.35,1.04,0,0
00000000-0000-0000-0384-d31cecb33bcc,usr_00073,1786433225.2632558,22.07,7,1,utilities,online,0.04,0.6,0.588,10.7,1.71,3670.0,0,0,70.18,0.63,0,0
00000000-0000-0000-2b19-6d260cd32bb6,usr_00470,1786433247.5803106,43.38,7,1,general_retail,pos_chip,0.15,0.05,0.586,3.76,4.83,26483.2,0,0,99.82,1.3,0,0
00000000-0000-0000-72c1-d4b60f6ff3d0,usr_00724,1786433311.2093928,19.04,7,1,restaurant,pos_chip,0.1,0.05,0.906,10.94,1.84,45151.7,0,0,33.0,1.15,0,0
00000000-0000-0000-1d08-118c619e03d7,usr_00444,1786433325.555663,16.01,7,1,grocery,pos_contactless,0.05,0.1,0.911,12.9,27.79,883.2,0,1,101.06,0.48,0,0
00000000-0000-0000-1158-0f72924ce3f7,usr_00620,1786433387.6132545,21.71,7,1,health,atm,0.08,0.25,0.833,7.89,0.6,44366.9,0,0,41.88,0.52,0,0
00000000-0000-0000-25d8-583cc9bf0340,usr_00865,1786433399.262398,90.97,7,1,restaurant,pos_chip,0.1,0.05,0.603,9.22,3.22,86400.0,0,0,0.0,1.67,0,0
00000000-0000-0000-704f-945110203cdf,usr_00930,1786433399.9312027,25.99,7,1,restaurant,online,0.1,0.6,0.772,1.4,5.28,967.0,0,1,115.84,0.67,0,0
00000000-0000-0000-3222-d747dcc9941c,usr_00018,1786433459.737328,66.77,7,1,grocery,p2p,0.05,0.45,0.825,0.54,5.32,86400.0,0,0,0.0,1.19,0,0
00000000-0000-0000-186a-e648fb7711c1,usr_00526,1786433475.6665392,78.12,7,1,jewelry,p2p,0.8,0.45,0.901,4.2,33.79,7273.4,0,0,363.43,0.64,0,0
00000000-0000-0000-10ae-7a3ad04bfe62,usr_00551,1786433524.0531247,30.56,7,1,restaurant,pos_chip,0.1,0.05,0.809,20.92,4.21,6144.0,0,0,135.73,0.68,0,0
00000000-0000-0000-39d2-74486e6ac20b,usr_00199,1786433529.9297526,23.15,7,1,grocery,online,0.05,0.6,0.848,10.08,4.14,12129.4,0,0,68.52,0.68,0,0
00000000-0000-0000-0f35-fc8393809d5b,usr_00489,1786433549.6810443,32.09,7,1,grocery,online,0.05,0.6,0.612,11.58,0.06,86400.0,0,0,0.0,0.65,0,0
00000000-0000-0000-2cae-6eec71f58c1f,usr_00906,1786433551.7588336,11.05,7,1,restaurant,pos_chip,0.1,0.05,0.95,30.78,0.87,16000.2,0,0,18.2,0.61,0,0
00000000-0000-0000-736f-a2819f31d3b9,usr_00275,1786433575.0270102,31.77,7,1,health,pos_chip,0.08,0.05,0.822,4.76,6.36,86400.0,0,0,0.0,0.76,0,0
00000000-0000-0000-65a9-32407bfa7351,usr_00608,1786433587.5502212,5.66,7,1,restaurant,online,0.1,0.6,0.791,6.54,5.95,26940.1,0,0,33.0,0.34,0,0
00000000-0000-0000-2111-6e34bdd30c28,usr_00271,1786433628.5993466,38.68,7,1,grocery,p2p,0.05,0.45,0.638,6.24,3.13,27944.6,0,0,25.81,1.5,0,0
00000000-0000-0000-1a98-bc8d9c75e0d5,usr_00789,1786433652.0059104,16.41,7,1,health,online,0.08,0.6,0.598,2.29,5.2,36068.6,0,0,12.48,1.31,0,0
00000000-0000-0000-2dde-8d09ff6984d1,usr_00455,1786433676.469713,35.75,7,1,restaurant,online,0.1,0.6,0.947,1.83,1.49,28606.5,0,0,73.22,0.98,0,0
00000000-0000-0000-7580-75b24f8e959a,usr_00957,1786433687.623836,167.75,7,1,general_retail,pos_contactless,0.15,0.1,0.756,1.58,0.09,6867.6,0,0,650.24,0.52,0,0
00000000-0000-0000-7824-3d51cca2e4b1,usr_00017,1786433714.0117545,21.99,7,1,utilities,pos_chip,0.04,0.05,0.532,5.12,6.91,13333.3,0,0,35.56,1.24,0,0
00000000-0000-0000-0550-51d39ac8fcf2,usr_00883,1786433748.2217622,6.46,7,1,restaurant,pos_chip,0.1,0.05,0.733,3.99,23.08,15815.0,0,0,99.17,0.26,0,0
00000000-0000-0000-35c6-914e044b2a75,usr_00449,1786433766.8337786,32.7,7,1,utilities,online,0.04,0.6,0.71,4.81,0.11,18705.5,0,0,58.27,1.68,0,0
00000000-0000-0000-47b9-b1677a929448,usr_00998,1786433810.938818,71.95,7,1,grocery,pos_contactless,0.05,0.1,0.662,22.06,6.52,6573.5,0,0,141.88,1.01,0,0
00000000-0000-0000-6f36-de464f3a2da8,usr_00887,1786433817.5115008,33.72,7,1,restaurant,online,0.1,0.6,0.824,5.98,4.96,86400.0,0,0,0.0,1.32,0,0
00000000-0000-0000-2b18-ffdb849c33a1,usr_00282,1786433834.7604728,46.08,7,1,utilities,atm,0.04,0.25,0.814,2.24,0.5,86400.0,0,0,0.0,0.8,0,0
00000000-0000-0000-754e-dc2b88c41c8d,usr_00765,1786433858.9519007,13.43,7,1,grocery,online,0.05,0.6,0.769,6.13,10.46,20280.6,0,0,47.67,0.85,0,0
00000000-0000-0000-5cd4-09a8f9aaee27,usr_00141,1786433869.6657345,38.24,7,1,crypto,pos_chip,0.9,0.05,0.93,14.38,0.8,36019.0,0,0,10.82,3.53,0,0
00000000-0000-0000-3ae3-1ea6905487ab,usr_00273,1786433875.242562,177.47,7,1,restaurant,online,0.1,0.6,0.904,20.94,0.37,32852.5,0,0,255.49,1.39,0,0
00000000-0000-0000-48f3-bd45e9dace15,usr_00609,1786433877.7551353,18.84,7,1,gaming,pos_contactless,0.7,0.1,0.897,2.99,6.11,32269.5,0,0,40.29,0.47,0,0
00000000-0000-0000-7131-5c8067d29e2a,usr_00055,1786433899.5225627,18.07,7,1,electronics,pos_chip,0.65,0.05,0.817,5.42,3.67,21959.1,0,0,54.36,0.66,0,0
00000000-0000-0000-2e38-63e10e9bfa62,usr_00838,1786433906.385289,45.02,7,1,electronics,atm,0.65,0.25,0.839,27.85,2.86,86400.0,0,0,0.0,0.45,0,0
00000000-0000-0000-57bf-f78f737305e6,usr_00395,1786433907.968754,40.18,7,1,grocery,pos_contactless,0.05,0.1,0.807,17.4,8.28,6068.6,0,0,257.89,0.78,0,0
00000000-0000-0000-4d14-6e2a2b48361e,usr_00291,1786433928.6953814,19.39,7,1,jewelry,p2p,0.8,0.45,0.972,27.79,3.68,4741.7,0,0,371.87,0.36,0,0
00000000-0000-0000-1e0e-bd7b83ea3852,usr_00310,1786433931.443018,46.13,7,1,health,pos_chip,0.08,0.05,0.937,0.05,11.84,19940.4,0,0,197.57,0.93,0,0
00000000-0000-0000-7a19-e83f76236d19,usr_00216,1786433983.3968458,34.0,7,1,grocery,pos_contactless,0.05,0.1,0.792,4.05,0.95,13401.8,0,0,79.96,0.85,0,0
00000000-0000-0000-7085-0a19e862586c,usr_00089,1786433985.5058906,24.05,7,1,gaming,online,0.7,0.6,0.926,6.46,7.15,31773.3,0,0,28.04,0.86,0,0
00000000-0000-0000-5e93-e629571b4066,usr_00290,1786434019.5090384,25.63,7,1,jewelry,pos_chip,0.8,0.05,0.687,7.98,4.38,18640.9,0,0,19.13,1.34,0,0
00000000-0000-0000-55c0-27e60a8ab309,usr_00280,1786434044.3773265,60.26,7,1,health,pos_chip,0.08,0.05,0.935,2.66,6.95,3825.0,0,0,147.21,1.23,0,0
00000000-0000-0000-701f-b0a0854fe383,usr_00854,1786434045.6631286,21.09,7,1,utilities,pos_chip,0.04,0.05,0.899,3.65,2.01,41678.5,0,0,23.73,0.89,0,0
00000000-0000-0000-0821-7ee353d4c99a,usr_00974,1786434056.5352757,12.79,7,1,restaurant,pos_chip,0.1,0.05,0.831,5.54,2.8,8680.5,0,0,56.94,0.67,0,0
00000000-0000-0000-4a7e-42915849e4e8,usr_00471,1786434098.8364975,11.02,7,1,restaurant,pos_chip,0.1,0.05,0.668,4.01,3.25,47180.6,0,0,28.82,0.38,0,0
00000000-0000-0000-16c8-0ed185fab99c,usr_00975,1786434102.9144392,13.93,7,1,restaurant,pos_contactless,0.1,0.1,0.928,1.96,5.62,23635.4,0,0,37.33,0.37,0,0
00000000-0000-0000-6148-92abcf3d1c94,usr_00970,1786434118.366642,13.42,7,1,general_retail,pos_contactless,0.15,0.1,0.945,5.74,7.8,38362.7,0,0,18.41,0.73,0,0
00000000-0000-0000-2748-dadc2271d9cc,usr_00218,1786434161.163278,31.72,7,1,utilities,online,0.04,0.6,0.852,9.74,0.6,18297.1,0,0,42.09,0.75,0,0
00000000-0000-0000-535a-215d97cd07d4,usr_00852,1786434165.781645,77.7,7,1,restaurant,online,0.1,0.6,0.749,6.09,3.88,12610.2,0,0,199.33,1.56,0,0
00000000-0000-0000-383f-3a502bdb844f,usr_00250,1786434172.8087404,12.52,7,1,utilities,pos_contactless,0.04,0.1,0.947,5.64,1.94,29032.7,0,0,48.87,0.51,0,0
00000000-0000-0000-0feb-febe141ad8ea,usr_00861,1786434175.4292448,4.23,7,1,grocery,online,0.05,0.6,0.813,22.44,0.93,9819.2,0,0,73.47,0.29,0,0
00000000-0000-0000-1241-c05771fbf143,usr_00865,1786434234.5870833,145.31,7,1,electronics,online,0.65,0.6,0.849,8.68,2.18,835.3,0,1,90.97,1.6,0,0
00000000-0000-0000-434a-e75744ff632c,usr_00569,1786434236.8783388,41.59,7,1,utilities,p2p,0.04,0.45,0.905,27.88,1.29,10908.9,0,0,41.15,1.01,0,0
00000000-0000-0000-713a-2389a50463a0,usr_00775,1786434310.7349308,47.87,7,1,utilities,pos_chip,0.04,0.05,0.683,23.4,4.36,86400.0,0,0,0.0,1.28,0,0
00000000-0000-0000-43ee-4c77a8486b32,usr_00909,1786434322.7782428,30.43,7,1,general_retail,pos_chip,0.15,0.05,0.58,0.27,0.42,24999.9,0,0,26.27,1.16,0,0
00000000-0000-0000-4eee-957ca7fe0228,usr_00767,1786434360.8988085,20.82,7,1,restaurant,pos_chip,0.1,0.05,0.839,0.21,4.27,86400.0,0,0,0.0,0.88,0,0
00000000-0000-0000-1d43-790041c99d2f,usr_00106,1786434394.0172205,24.65,7,1,grocery,pos_contactless,0.05,0.1,0.542,17.68,1.62,30022.4,0,0,21.62,1.14,0,0
00000000-0000-0000-5ad4-0c3db9b87fdd,usr_00550,1786434417.2143009,83.78,7,1,grocery,online,0.05,0.6,0.765,13.36,6.28,6775.2,0,0,68.7,2.44,0,0
00000000-0000-0000-2f00-f779319c4b8f,usr_00006,1786434430.849525,14.94,7,1,general_retail,atm,0.15,0.25,0.923,3.8,3.97,13044.1,0,0,113.69,0.39,0,0
00000000-0000-0000-49f7-f265f0585135,usr_00476,1786434452.9139843,30.66,7,1,grocery,pos_chip,0.05,0.05,0.825,19.96,14.34,51633.6,0,0,91.59,0.33,0,0
00000000-0000-0000-6e60-227b48ab4480,usr_00723,1786434462.0885673,5.87,7,1,utilities,p2p,0.04,0.45,0.811,11.89,2.37,47054.7,0,0,18.29,0.32,0,0
00000000-0000-0000-6521-e0b9c27e1229,usr_00092,1786434488.1896677,15.25,7,1,general_retail,atm,0.15,0.25,0.862,8.68,48.08,2533.2,0,1,78.73,0.77,0,0
00000000-0000-0000-0933-51a758d48f99,usr_00079,1786434488.3576908,32.01,7,1,utilities,pos_chip,0.04,0.05,0.864,8.98,14.39,16207.8,0,0,72.96,0.88,0,0
00000000-0000-0000-5b67-c7ec2d3e4967,usr_00919,1786434489.983809,11.62,7,1,electronics,online,0.65,0.6,0.937,15.94,2.82,4319.8,0,0,26.72,0.87,0,0
00000000-0000-0000-651a-4d6b745b48ae,usr_00459,1786434492.6479456,74.48,7,1,health,online,0.08,0.6,0.761,13.21,5.24,7208.0,0,0,107.44,2.08,0,0
00000000-0000-0000-7bcc-d5b98efe999a,usr_00877,1786434496.9483922,57.59,7,1,grocery,p2p,0.05,0.45,0.883,5.12,1.6,10882.1,0,0,31.88,1.81,0,0
00000000-0000-0000-581c-8e0eb8770c43,usr_00544,1786434503.499536,24.62,7,1,travel,pos_chip,0.4,0.05,0.845,9.42,0.35,9005.3,0,0,67.77,0.73,0,0
00000000-0000-0000-635a-7e8636a3a1b1,usr_00362,1786434546.437578,44.8,7,1,utilities,online,0.04,0.6,0.802,2.05,1.43,32854.9,0,0,87.55,1.02,0,0
00000000-0000-0000-071e-22b866d808f0,usr_00086,1786434635.467737,31.84,7,1,grocery,pos_contactless,0.05,0.1,0.377,7.36,18.32,10860.1,0,0,55.96,1.14,0,0
00000000-0000-0000-2ee8-194558526a8a,usr_00189,1786434640.417651,132.84,7,1,restaurant,pos_chip,0.1,0.05,0.798,1.62,20.53,49404.6,0,0,112.87,1.18,0,0
00000000-0000-0000-40e5-cc90d52c0bf3,usr_00938,1786434642.0950115,47.65,7,1,health,online,0.08,0.6,0.893,13.26,0.6,32140.3,0,0,136.04,0.7,0,0
00000000-0000-0000-5f24-4f0c16fb63c9,usr_00462,1786434647.6119912,23.52,7,1,utilities,pos_contactless,0.04,0.1,0.763,13.57,1.86,2083.4,0,1,27.35,1.72,0,0
00000000-0000-0000-52ae-d5680e6057cd,usr_00287,1786434676.0370252,30.72,7,1,grocery,pos_contactless,0.05,0.1,0.837,9.68,2.34,15617.5,0,0,124.14,0.74,0,0
00000000-0000-0000-12d4-2491ad673a7d,usr_00980,1786434718.5123978,25.97,7,1,grocery,online,0.05,0.6,0.801,0.95,4.34,14560.6,0,0,115.7,0.45,0,0
00000000-0000-0000-1e41-92367768a1a6,usr_00742,1786434731.1176054,19.84,7,1,utilities,atm,0.04,0.25,0.855,26.93,0.29,1756.4,0,1,54.36,1.09,0,0
00000000-0000-0000-3390-72de37430082,usr_00455,1786434742.7953393,58.95,7,1,gaming,pos_chip,0.7,0.05,0.954,29.82,1.12,1066.3,0,1,108.97,1.62,0,0
00000000-0000-0000-4c63-a47b4c58c79c,usr_00423,1786434764.3998713,13.35,7,1,health,atm,0.08,0.25,0.766,21.49,9.19,3587.4,0,1,63.04,1.27,0,0
00000000-0000-0000-3ca8-d3c06c4ef1a0,usr_00860,1786434794.6000562,17.23,7,1,grocery,p2p,0.05,0.45,0.873,8.65,3.95,3661.8,0,0,15.21,1.13,0,0
00000000-0000-0000-798c-84fe79e8c81b,usr_00015,1786434813.7249565,20.71,7,1,grocery,online,0.05,0.6,0.844,0.5,4.93,52282.2,0,0,22.03,0.94,0,0
00000000-0000-0000-5171-9f7c41b2b6b7,usr_00574,1786434814.417427,30.19,7,1,health,online,0.08,0.6,0.716,0.98,11.74,37222.5,0,0,70.74,1.28,0,0
00000000-0000-0000-6e5c-fc1725bc9121,usr_00555,1786434908.0700028,16.49,7,1,grocery,online,0.05,0.6,0.823,5.85,5.64,27918.1,0,0,71.41,0.46,0,0
00000000-0000-0000-777b-cf6e5cb0b34d,usr_00501,1786434920.04455,62.38,7,1,grocery,pos_chip,0.05,0.05,0.771,9.28,5.74,11505.1,0,0,137.21,0.91,0,0
00000000-0000-0000-3878-186dfdba2529,usr_00041,1786434934.8025532,23.98,7,1,utilities,online,0.04,0.6,0.895,18.39,6.66,2037.1,0,1,217.75,0.22,0,0
00000000-0000-0000-0036-e73ec8c383ec,usr_00715,1786434937.044579,6.23,7,1,travel,online,0.4,0.6,0.785,4.1,6.16,12518.2,0,0,24.04,0.52,0,0
00000000-0000-0000-2e59-aab1f39ff9a2,usr_00031,1786434938.481131,18.56,7,1,grocery,pos_contactless,0.05,0.1,0.636,0.27,5.13,4285.7,0,0,78.95,0.71,0,0
00000000-0000-0000-7d49-3ec16f6803c6,usr_00952,1786434940.1162302,58.26,7,1,grocery,pos_contactless,0.05,0.1,0.76,15.77,0.82,15678.2,0,0,128.34,0.91,0,0
00000000-0000-0000-4306-c023b55782de,usr_00169,1786434957.8938003,17.52,7,1,restaurant,pos_chip,0.1,0.05,0.933,0.04,1.5,2880.0,0,1,38.22,0.92,0,0
00000000-0000-0000-2bc8-018c51845d95,usr_00759,1786434959.3817742,68.06,7,1,travel,p2p,0.4,0.45,0.785,25.83,2.56,3173.5,0,1,138.28,1.48,0,0
00000000-0000-0000-1dac-8d4d232a8aea,usr_00684,1786435034.6147325,29.54,7,1,electronics,pos_chip,0.65,0.05,0.811,7.24,4.5,16241.7,0,0,78.17,0.76,0,0
00000000-0000-0000-2ee6-0f27451ae63b,usr_00947,1786435050.197506,3.76,7,1,grocery,online,0.05,0.6,0.704,23.23,0.5,7156.2,0,0,8.46,0.75,0,0
00000000-0000-0000-335c-f295770cdb5f,usr_00486,1786435065.3553948,39.07,7,1,grocery,pos_chip,0.05,0.05,0.875,9.4,2.24,46642.9,0,0,33.38,1.17,0,0
00000000-0000-0000-65bb-67e0112c670a,usr_00396,1786435109.9961653,107.11,7,1,restaurant,online,0.1,0.6,0.321,18.3,0.65,15397.0,0,0,172.21,1.24,0,0
00000000-0000-0000-1071-ed442973ccdf,usr_00777,1786435124.7484012,34.65,7,1,restaurant,pos_chip,0.1,0.05,0.758,14.68,0.59,6805.7,0,0,131.33,0.53,0,0
00000000-0000-0000-2cfe-5c8ca618b3d4,usr_00084,1786435129.8562217,8.23,7,1,crypto,atm,0.9,0.25,0.691,4.18,1.15,16432.3,0,0,25.88,0.64,0,0
00000000-0000-0000-06e4-2d6ff65f5df6,usr_00622,1786435156.0261962,34.05,7,1,utilities,pos_chip,0.04,0.05,0.677,1.12,2.38,2510.6,0,1,110.21,0.93,0,0
00000000-0000-0000-7d78-148c09ba7bbd,usr_00125,1786435156.852009,33.79,7,1,restaurant,online,0.1,0.6,0.726,21.74,0.72,19298.6,0,0,82.71,0.82,0,0
00000000-0000-0000-7bea-a58ef6814719,usr_00052,1786435159.8636913,13.81,7,1,crypto,pos_chip,0.9,0.05,0.734,7.01,3.07,23162.6,0,0,75.66,0.73,1,0
00000000-0000-0000-253e-566f196f939a,usr_00199,1786435180.9540062,71.76,7,1,jewelry,online,0.8,0.6,0.789,5.25,0.76,1651.0,0,1,91.67,2.35,0,0
00000000-0000-0000-7a11-f214d8bc8496,usr_00611,1786435181.3474264,36.34,7,1,gaming,pos_contactless,0.7,0.1,0.781,1.68,5.81,21949.0,0,0,205.2,0.71,0,0
00000000-0000-0000-7b95-85784687d613,usr_00761,1786435200.3000653,77.47,8,1,restaurant,pos_chip,0.1,0.05,0.823,9.15,1.81,3995.7,0,0,167.12,1.85,0,0
00000000-0000-0000-039e-d26da09838cc,usr_00093,1786435248.2567008,56.99,8,1,restaurant,online,0.1,0.6,0.911,1.72,7.0,43678.6,0,0,59.91,0.95,0,0
00000000-0000-0000-6a14-043c2ba5ea2b,usr_00290,1786435354.898023,48.6,8,1,grocery,pos_contactless,0.05,0.1,0.91,29.11,0.15,1335.4,0,1,44.76,2.17,0,0
00000000-0000-0000-45d1-a4d78206edfe,usr_00104,1786435391.0701826,23.74,8,1,grocery,online,0.05,0.6,0.852,7.8,2.42,31793.4,0,0,41.3,1.72,0,0
00000000-0000-0000-071a-bd5304f3c633,usr_00218,1786435396.4406009,31.1,8,1,utilities,online,0.04,0.6,0.628,5.95,0.01,1235.3,0,1,73.81,0.84,0,0
00000000-0000-0000-7905-0283da2130fa,usr_00008,1786435406.419895,49.51,8,1,gaming,pos_contactless,0.7,0.1,0.833,32.35,1.04,9200.3,0,0,202.44,1.22,0,0
00000000-0000-0000-6291-e16e81f31ba8,usr_00891,1786435413.9824493,24.51,8,1,utilities,atm,0.04,0.25,0.938,13.39,4.19,6043.2,0,0,70.99,0.69,0,0
00000000-0000-0000-57e4-5dc4c53f0242,usr_00744,1786435422.1145868,58.16,8,1,electronics,atm,0.65,0.25,0.885,21.45,1.63,7377.2,0,0,183.54,1.27,0,0
00000000-0000-0000-395b-2a5f888421e7,usr_00887,1786435449.062591,18.4,8,1,utilities,pos_chip,0.04,0.05,0.788,4.47,3.53,1631.6,0,1,33.72,0.55,1,0
00000000-0000-0000-1853-14a0a7c5f95f,usr_00760,1786435494.4109614,112.67,8,1,grocery,pos_chip,0.05,0.05,0.8,0.23,2.18,3439.6,0,1,208.7,1.08,0,0
00000000-0000-0000-46d0-5a640ca00930,usr_00044,1786435504.971063,30.99,8,1,general_retail,pos_contactless,0.15,0.1,0.82,8.46,0.17,86400.0,0,0,0.0,0.87,0,0
00000000-0000-0000-75d6-fc0e1d75a2f4,usr_00850,1786435505.2338734,10.58,8,1,grocery,atm,0.05,0.25,0.865,27.1,4.89,14670.7,0,0,93.92,0.34,0,0
00000000-0000-0000-437d-2e95e8d7f28c,usr_00645,1786435513.2287295,122.37,8,1,health,pos_chip,0.08,0.05,0.671,3.06,4.15,12430.9,0,0,51.97,4.71,0,0
00000000-0000-0000-1bf6-d49dc02025c1,usr_00431,1786435530.9698143,36.45,8,1,restaurant,pos_contactless,0.1,0.1,0.973,12.56,3.15,18047.4,0,0,137.97,1.06,0,0
00000000-0000-0000-63d0-8c2ac21c0e22,usr_00382,1786435536.913804,12.14,8,1,grocery,online,0.05,0.6,0.705,8.73,1.33,20140.3,0,0,14.19,0.86,0,0
00000000-0000-0000-7507-b88a1836157c,usr_00416,1786435547.5377665,123.03,8,1,restaurant,p2p,0.1,0.45,0.583,1.5,0.93,5291.9,0,0,245.32,1.5,0,0
00000000-0000-0000-2815-1de2dbe3477b,usr_00279,1786435589.6475189,31.94,8,1,health,pos_chip,0.08,0.05,0.806,4.86,3.77,86400.0,0,0,0.0,0.82,0,0
00000000-0000-0000-3b31-3898b7e36cd2,usr_00767,1786435596.5117836,9.39,8,1,travel,online,0.4,0.6,0.952,5.33,6.08,1235.6,0,1,20.82,0.45,0,0
00000000-0000-0000-7cf0-1120c77f9973,usr_00413,1786435612.0930753,50.2,8,1,grocery,online,0.05,0.6,0.866,3.22,7.57,12130.8,0,0,118.25,0.85,0,0
00000000-0000-0000-5a6d-128866cc2c30,usr_00696,1786435629.2835734,15.5,8,1,restaurant,pos_chip,0.1,0.05,0.441,26.12,0.59,86400.0,0,0,0.0,1.88,0,0
00000000-0000-0000-23cb-f61030ca78c8,usr_00590,1786435673.956164,14.91,8,1,general_retail,pos_contactless,0.15,0.1,0.701,21.52,6.86,86400.0,0,0,0.0,0.94,0,0
00000000-0000-0000-3399-b5f62579c5c1,usr_00814,1786435685.976786,31.44,8,1,grocery,online,0.05,0.6,0.976,16.57,13.59,29252.6,0,0,32.52,1.93,0,0
00000000-0000-0000-652a-453671333390,usr_00870,1786435705.8950531,69.36,8,1,grocery,online,0.05,0.6,0.739,5.34,6.04,17363.7,0,0,95.51,1.45,0,0
00000000-0000-0000-2de7-9e3eb7377b68,usr_00833,1786435715.8056426,13.2,8,1,grocery,pos_chip,0.05,0.05,0.709,15.8,0.74,4854.8,0,0,58.47,0.23,0,0
00000000-0000-0000-740b-d9fea00afb89,usr_00559,1786435726.5937376,6.95,8,1,utilities,pos_chip,0.04,0.05,0.87,15.22,4.68,52872.4,0,0,12.15,0.57,0,0
00000000-0000-0000-0f8d-6113577205aa,usr_00167,1786435839.28804,45.12,8,1,utilities,online,0.04,0.6,0.816,11.12,1.14,32520.4,0,0,109.7,0.82,0,0
00000000-0000-0000-7109-75509cde7568,usr_00839,1786435855.6554084,48.95,8,1,utilities,online,0.04,0.6,0.755,4.64,1.0,6261.2,0,0,30.4,1.61,0,0
00000000-0000-0000-446d-0cfe67fff9c2,usr_00142,1786435947.2645748,15.54,8,1,restaurant,pos_contactless,0.1,0.1,0.826,8.26,4.1,36086.7,0,0,8.6,1.81,0,0
00000000-0000-0000-6f7b-82b851427a84,usr_00155,1786435961.0882132,80.31,8,1,jewelry,p2p,0.8,0.45,0.887,28.39,8.44,15547.0,0,0,611.82,0.66,0,0
00000000-0000-0000-5e47-5eca31a7e40d,usr_00437,1786435962.2829711,20.31,8,1,restaurant,pos_chip,0.1,0.05,0.871,13.28,1.43,5266.3,0,0,37.95,1.61,0,0
00000000-0000-0000-5f66-1790f74a375d,usr_00289,1786435964.7910197,19.26,8,1,travel,atm,0.4,0.25,0.681,4.85,0.88,86400.0,0,0,0.0,0.62,0,0
00000000-0000-0000-3150-8e2045bbbdf6,usr_00583,1786435965.700248,28.11,8,1,grocery,pos_chip,0.05,0.05,0.78,2.26,0.37,19839.3,0,0,51.91,1.62,0,0
00000000-0000-0000-613e-0ab0c1e0f014,usr_00835,1786435990.7895205,21.02,8,1,grocery,online,0.05,0.6,0.601,7.46,2.78,2782.9,0,1,143.24,0.73,1,0
00000000-0000-0000-0d16-d3b3a663e18d,usr_00117,1786436010.563676,57.48,8,1,utilities,pos_contactless,0.04,0.1,0.966,5.41,0.58,19709.6,0,0,40.92,1.4,0,0
00000000-0000-0000-1a2b-a900f9345093,usr_00356,1786436016.38773,45.65,8,1,grocery,online,0.05,0.6,0.904,1.99,8.29,12495.3,0,0,41.17,2.22,0,0
00000000-0000-0000-3123-b1687b0ca180,usr_00298,1786436046.8626041,6.88,8,1,grocery,pos_chip,0.05,0.05,0.812,2.67,2.46,3354.9,0,2,29.79,0.69,0,0
00000000-0000-0000-2cec-e2e5fb5e8ce6,usr_00193,1786436086.7417185,111.15,8,1,gaming,pos_chip,0.7,0.05,0.888,0.42,9.15,10516.4,0,0,187.12,2.38,0,0
00000000-0000-0000-1379-64828a4739a8,usr_00738,1786436106.4741695,11.87,8,1,grocery,pos_chip,0.05,0.05,0.68,20.44,0.75,53989.8,0,0,13.98,0.85,0,0
00000000-0000-0000-6f04-b1ffd0375a0d,usr_00851,1786436119.7976756,32.96,8,1,utilities,pos_chip,0.04,0.05,0.591,2.41,1.8,9069.1,0,0,38.7,0.85,0,0
00000000-0000-0000-1897-0a6581634bae,usr_00696,1786436129.7484484,9.96,8,1,restaurant,pos_contactless,0.1,0.1,0.898,26.01,1.64,500.5,0,1,15.5,0.64,0,0
00000000-0000-0000-42de-6d23fbba81d8,usr_00021,1786436135.4073668,12.05,8,1,electronics,online,0.65,0.6,0.86,20.45,0.76,26842.7,0,0,86.5,0.42,0,0
00000000-0000-0000-3298-74df98fef228,usr_00626,1786436151.6504576,19.61,8,1,health,p2p,0.08,0.45,0.845,1.45,8.78,5996.3,0,0,112.28,0.52,0,0
00000000-0000-0000-33b7-dba711e10dd9,usr_00680,1786436174.3790214,68.69,8,1,utilities,pos_contactless,0.04,0.1,0.807,6.66,4.89,13934.5,0,0,25.33,2.71,0,0
00000000-0000-0000-7873-c7e5fa767117,usr_00206,1786436190.0542634,14.3,8,1,grocery,online,0.05,0.6,0.695,22.93,6.88,14172.2,0,0,51.88,0.55,0,0
00000000-0000-0000-605d-8714b95eb51f,usr_00371,1786436207.7500238,160.28,8,1,restaurant,online,0.1,0.6,0.848,29.7,0.74,20821.5,0,0,167.05,1.92,0,0
00000000-0000-0000-752f-078807e6c8f3,usr_00014,1786436293.443364,38.05,8,1,grocery,p2p,0.05,0.45,0.773,17.41,7.93,5094.1,0,0,293.14,0.65,0,0
00000000-0000-0000-3f60-8fa74748894a,usr_00272,1786436359.5448396,30.42,8,1,grocery,online,0.05,0.6,0.966,1.53,10.77,86400.0,0,0,0.0,0.97,0,0
00000000-0000-0000-43f7-7c8f1a7ed04b,usr_00620,1786436371.5941577,24.11,8,1,utilities,pos_contactless,0.04,0.1,0.669,13.47,3.74,2984.0,0,1,63.59,0.76,0,0
00000000-0000-0000-60f9-e9e2de43f847,usr_00966,1786436378.803042,20.65,8,1,general_retail,pos_chip,0.15,0.05,0.775,3.65,1.85,4515.3,0,0,81.33,0.76,0,0
00000000-0000-0000-58a1-51c577dc36df,usr_00397,1786436572.1555068,34.93,8,1,restaurant,online,0.1,0.6,0.797,32.73,0.53,86400.0,0,0,0.0,0.92,0,0
00000000-0000-0000-1e65-f6ba0e86a11b,usr_00571,1786436575.0909636,56.09,8,1,grocery,pos_chip,0.05,0.05,0.637,4.11,1.69,86400.0,0,0,0.0,1.76,0,0
00000000-0000-0000-1148-baca3334a149,usr_00000,1786436603.2793093,21.06,8,1,general_retail,online,0.15,0.6,0.906,4.09,1.02,17617.0,0,0,24.71,0.85,0,0
00000000-0000-0000-6dea-a8ca6f337992,usr_00889,1786436645.4435627,14.7,8,1,grocery,pos_contactless,0.05,0.1,0.902,12.23,0.72,18277.1,0,0,44.33,0.66,0,0
00000000-0000-0000-238a-5443c9d09041,usr_00500,1786436645.9372194,81.75,8,1,restaurant,online,0.1,0.6,0.845,5.41,1.85,40251.6,0,0,108.78,0.75,0,0
00000000-0000-0000-3332-b732746c2480,usr_00488,1786436718.346338,19.8,8,1,grocery,pos_chip,0.05,0.05,0.608,5.28,1.83,42059.2,0,0,14.26,1.39,0,0
00000000-0000-0000-5d3d-e0b8120ac6be,usr_00123,1786436732.9549196,54.93,8,1,grocery,online,0.05,0.6,0.639,0.01,0.21,22372.8,0,0,75.89,0.72,1,0
00000000-0000-0000-068d-f357286258d6,usr_00808,1786436759.4444077,11.26,8,1,electronics,pos_contactless,0.65,0.1,0.764,9.13,20.43,28112.3,0,0,53.15,0.21,0,0
00000000-0000-0000-52a3-8ca9afed54f8,usr_00317,1786436763.6260493,11.59,8,1,general_retail,pos_contactless,0.15,0.1,0.454,0.07,5.56,30607.9,0,0,43.1,0.81,0,0
00000000-0000-0000-170a-325242df45d4,usr_00254,1786436840.915721,17.09,8,1,grocery,online,0.05,0.6,0.823,34.25,3.28,31984.5,0,0,30.46,0.56,0,0
00000000-0000-0000-3637-665d88dc181e,usr_00612,1786436883.0115778,13.32,8,1,grocery,pos_chip,0.05,0.05,0.779,37.96,4.45,50467.4,0,0,14.47,0.92,0,0
00000000-0000-0000-1680-57daffaffbd3,usr_00392,1786436907.5066488,29.4,8,1,health,online,0.08,0.6,0.713,7.07,8.2,10319.2,0,0,149.26,0.79,0,0
00000000-0000-0000-3f73-e972a88a8171,usr_00740,1786436916.488473,49.77,8,1,travel,pos_contactless,0.4,0.1,0.694,24.71,2.25,8574.1,0,0,174.75,0.57,0,0
00000000-0000-0000-12f2-ce1553f12f57,usr_00360,1786436943.4205685,41.0,8,1,travel,pos_contactless,0.4,0.1,0.939,16.23,1.64,3816.8,0,0,90.67,1.36,0,0
00000000-0000-0000-1fdc-b91525545c19,usr_00804,1786436974.1532238,38.98,8,1,utilities,online,0.04,0.6,0.763,1.64,1.08,8315.7,0,0,175.16,0.45,0,0
00000000-0000-0000-4b7c-85da4d7a3125,usr_00351,1786437064.4863744,50.92,8,1,restaurant,pos_chip,0.1,0.05,0.908,18.91,3.43,37312.2,0,0,56.69,0.9,1,0
00000000-0000-0000-6f9e-77104c852bd7,usr_00224,1786437067.6768947,26.0,8,1,electronics,pos_chip,0.65,0.05,0.437,35.7,3.37,86400.0,0,0,0.0,0.74,0,0
00000000-0000-0000-0b0e-241711305b1f,usr_00519,1786437082.8199487,68.06,8,1,utilities,p2p,0.04,0.45,0.67,2.83,0.74,13623.9,0,0,267.66,0.51,0,0
00000000-0000-0000-1cd5-d771eccb9859,usr_00573,1786437089.0849557,15.67,8,1,general_retail,pos_contactless,0.15,0.1,0.904,7.71,1.75,23536.4,0,0,41.81,0.75,0,0
00000000-0000-0000-6425-cac6a7eba41a,usr_00016,1786437097.064868,54.98,8,1,grocery,pos_chip,0.05,0.05,0.866,7.58,1.48,22182.2,0,0,40.5,2.72,0,0
00000000-0000-0000-5fa9-492b7d14b741,usr_00699,1786437166.4059105,23.02,8,1,grocery,online,0.05,0.6,0.93,44.15,1.95,25185.4,0,0,83.93,0.55,0,0
00000000-0000-0000-05e4-24422aa0cc57,usr_00609,1786437169.0214744,41.19,8,1,health,pos_contactless,0.08,0.1,0.859,2.08,2.69,3291.3,0,1,59.13,1.39,0,0
00000000-0000-0000-1cb3-8de7ac6a6427,usr_00553,1786437208.6885476,129.97,8,1,jewelry,pos_chip,0.8,0.05,0.858,20.86,0.76,15380.8,0,0,374.3,1.04,0,0
00000000-0000-0000-2a0a-232ed0345d5a,usr_00115,1786437290.4974723,52.51,8,1,gaming,online,0.7,0.6,0.883,45.53,3.42,5736.8,0,0,75.13,1.4,0,0
00000000-0000-0000-522b-40ee9eefdb6b,usr_00753,1786437291.0729778,110.5,8,1,grocery,pos_chip,0.05,0.05,0.788,9.44,9.97,16397.2,0,0,233.18,0.95,0,0
00000000-0000-0000-0dc5-9c84394cbb4b,usr_00253,1786437297.8702052,9.98,8,1,grocery,atm,0.05,0.25,0.957,33.11,4.99,86400.0,0,0,0.0,0.54,0,0
00000000-0000-0000-058b-42ff4394b886,usr_00986,1786437308.3733568,8.6,8,1,utilities,pos_contactless,0.04,0.1,0.962,15.59,2.55,50394.6,0,0,21.16,0.41,0,0
00000000-0000-0000-5b7d-d24cc9fcfb41,usr_00573,1786437311.4505136,43.02,8,1,restaurant,pos_chip,0.1,0.05,0.822,2.63,5.18,222.4,1,1,57.48,2.25,0,0
00000000-0000-0000-03d0-b3a43a6e9ca0,usr_00528,1786437313.3241506,68.59,8,1,restaurant,online,0.1,0.6,0.899,10.02,0.97,6203.0,0,0,177.86,1.54,0,0
00000000-0000-0000-5e0a-03485dd54e38,usr_00946,1786437320.0940125,45.69,8,1,general_retail,online,0.15,0.6,0.779,11.44,3.7,27720.8,0,0,115.05,0.79,0,0
00000000-0000-0000-6c4e-f4291f69666e,usr_00177,1786437324.957826,35.76,8,1,restaurant,atm,0.1,0.25,0.86,6.16,3.38,9135.0,0,0,58.76,1.22,0,0
00000000-0000-0000-0d48-21afd3508842,usr_00801,1786437352.8427641,11.99,8,1,restaurant,p2p,0.1,0.45,0.813,3.45,2.67,17684.3,0,0,50.56,0.24,0,0
00000000-0000-0000-0cfd-84d6442de037,usr_00905,1786437380.5524402,235.13,8,1,electronics,p2p,0.65,0.45,0.741,4.16,1.97,19028.8,0,0,34.71,6.77,0,0
00000000-0000-0000-6902-79ec537c5b97,usr_00280,1786437409.618754,65.18,8,1,grocery,online,0.05,0.6,0.591,0.16,20.52,3365.2,0,1,207.47,1.26,0,0
00000000-0000-0000-6053-45e66d773299,usr_00169,1786437478.2731667,23.26,8,1,general_retail,pos_contactless,0.15,0.1,0.762,0.47,2.58,2520.4,0,1,55.74,1.25,0,0
00000000-0000-0000-0b1d-75d525de1335,usr_00991,1786437480.41709,73.89,8,1,general_retail,pos_chip,0.15,0.05,0.86,0.52,7.66,26612.4,0,0,166.67,0.89,0,0
00000000-0000-0000-7ed8-e21fe281f031,usr_00333,1786437497.086369,15.89,8,1,general_retail,pos_chip,0.15,0.05,0.9,3.74,1.35,86400.0,0,0,0.0,0.88,0,0
00000000-0000-0000-7fce-7430ce19320b,usr_00054,1786437511.911046,21.95,8,1,grocery,p2p,0.05,0.45,0.681,10.45,5.35,11056.4,0,0,42.65,1.03,0,0
00000000-0000-0000-361f-b9e3969d629d,usr_00883,1786437583.3043342,9.72,8,1,grocery,p2p,0.05,0.45,0.704,18.2,16.87,3835.1,0,0,105.63,0.46,0,0
00000000-0000-0000-2e5e-ee11bc0d6caa,usr_00021,1786437589.0258136,23.3,8,1,restaurant,online,0.1,0.6,0.927,12.18,5.08,1453.6,0,1,98.55,0.95,0,0
00000000-0000-0000-11a6-9b1fbecc4f98,usr_00924,1786437623.1156058,47.57,8,1,utilities,online,0.04,0.6,0.949,43.56,0.07,86400.0,0,0,0.0,1.59,0,0
00000000-0000-0000-2321-6f87f19308d2,usr_00194,1786437628.0768673,26.28,8,1,travel,online,0.4,0.6,0.796,5.92,8.95,29815.0,0,0,32.45,1.62,0,0
00000000-0000-0000-63af-801b3438413c,usr_00741,1786437630.252286,177.88,8,1,health,pos_chip,0.08,0.05,0.814,4.84,0.08,55792.8,0,0,48.9,3.64,0,0
00000000-0000-0000-2319-23abe967c940,usr_00362,1786437653.9479988,55.1,8,1,gaming,pos_contactless,0.7,0.1,0.79,14.42,0.23,3107.5,0,1,132.35,1.25,0,0
00000000-0000-0000-47cb-ae2a0515a706,usr_00044,1786437677.2099109,18.77,8,1,grocery,pos_chip,0.05,0.05,0.778,7.58,2.67,2172.2,0,1,30.99,0.61,0,0
00000000-0000-0000-14fa-931ca741db5c,usr_00873,1786437756.443435,46.41,8,1,restaurant,p2p,0.1,0.45,0.933,12.8,7.22,57033.4,0,0,45.47,1.02,0,0
00000000-0000-0000-2ffb-1463bc3ddaff,usr_00701,1786437759.1757865,52.02,8,1,travel,online,0.4,0.6,0.943,33.75,0.23,37475.3,0,0,11.38,4.57,0,0
00000000-0000-0000-0991-1cf92bd24fc3,usr_00841,1786437770.0001526,41.46,8,1,restaurant,atm,0.1,0.25,0.837,19.04,11.85,86400.0,0,0,0.0,1.23,0,0
00000000-0000-0000-72e0-75866664ced9,usr_00938,1786437829.7698417,53.18,8,1,grocery,pos_contactless,0.05,0.1,0.97,6.93,2.79,3187.7,0,1,183.69,0.87,0,0
00000000-0000-0000-7898-40e1082b054b,usr_00542,1786437851.2125778,29.74,8,1,gaming,online,0.7,0.6,0.953,7.49,3.35,6150.2,0,0,195.05,0.46,0,0
00000000-0000-0000-5bbb-b251e62586d3,usr_00264,1786437887.0368464,41.05,8,1,restaurant,online,0.1,0.6,0.884,24.84,1.84,14735.5,0,0,200.74,0.61,0,0
00000000-0000-0000-7ce1-e2216f464187,usr_00422,1786437889.7797804,14.09,8,1,grocery,pos_chip,0.05,0.05,0.721,3.57,8.21,86400.0,0,0,0.0,0.61,0,0
00000000-0000-0000-1c18-1f657bf89c0e,usr_00923,1786437890.3090596,27.58,8,1,gaming,online,0.7,0.6,0.789,2.13,1.03,32699.1,0,0,52.83,1.04,0,0
00000000-0000-0000-29b3-c027d72ae7f9,usr_00076,1786437906.7034874,9.21,8,1,utilities,pos_chip,0.04,0.05,0.925,36.53,10.12,86400.0,0,0,0.0,0.36,0,0
00000000-0000-0000-5dc7-01273a419c7f,usr_00024,1786437915.7784073,29.05,8,1,health,pos_chip,0.08,0.05,0.932,5.16,0.22,86400.0,0,0,0.0,1.13,0,0
00000000-0000-0000-146e-8eac59649471,usr_00256,1786437943.020836,61.49,8,1,restaurant,online,0.1,0.6,0.776,8.33,1.4,30702.6,0,0,75.22,0.82,0,0
00000000-0000-0000-3f99-c9779471ff47,usr_00641,1786437983.6803641,93.07,8,1,restaurant,pos_chip,0.1,0.05,0.607,4.44,7.32,23057.5,0,0,436.57,1.07,0,0
00000000-0000-0000-1f1a-5bdae9b593c6,usr_00516,1786438045.792212,132.26,8,1,electronics,pos_chip,0.65,0.05,0.794,4.11,2.57,54946.0,0,0,38.0,3.48,0,0
00000000-0000-0000-0a3b-7efed42a43e1,usr_00741,1786438109.91672,44.94,8,1,restaurant,pos_contactless,0.1,0.1,0.529,8.4,1.76,479.7,0,1,226.78,0.4,0,0
00000000-0000-0000-2e72-d6d08657c8c4,usr_00173,1786438140.0074706,6.62,8,1,general_retail,online,0.15,0.6,0.618,4.17,0.55,17926.2,0,0,59.04,0.45,0,0
00000000-0000-0000-2c0b-22f4c8365757,usr_00385,1786438142.3004844,36.73,8,1,crypto,online,0.9,0.6,0.958,0.13,4.02,8366.7,0,0,134.36,1.37,0,0
00000000-0000-0000-77f3-676f65b4dbc0,usr_00639,1786438151.8071702,96.63,8,1,grocery,atm,0.05,0.25,0.916,12.11,3.64,39703.9,0,0,21.65,4.46,0,0
00000000-0000-0000-1fc7-e150a828ff20,usr_00007,1786438171.4873645,23.61,8,1,utilities,p2p,0.04,0.45,0.65,0.2,14.79,86400.0,0,0,0.0,0.86,0,0
00000000-0000-0000-7749-3da7f1ed72cb,usr_00810,1786438241.5728188,52.75,8,1,restaurant,pos_contactless,0.1,0.1,0.839,4.51,8.7,14249.9,0,0,85.42,0.62,0,0
00000000-0000-0000-5157-7f3841a8d8c5,usr_00801,1786438241.963677,17.6,8,1,restaurant,p2p,0.1,0.45,0.743,9.88,6.9,889.1,0,1,62.55,0.56,0,0
00000000-0000-0000-49fd-21fb2f8d3272,usr_00129,1786438281.411919,22.78,8,1,grocery,p2p,0.05,0.45,0.974,20.73,0.4,24901.6,0,0,93.56,1.22,0,0
00000000-0000-0000-3b4e-3892409f2bdd,usr_00541,1786438289.2400208,6.35,8,1,health,online,0.08,0.6,0.764,2.19,4.89,18105.2,0,0,41.53,0.31,0,0
00000000-0000-0000-455d-4fa732029c4b,usr_00567,1786438293.145989,8.13,8,1,health,online,0.08,0.6,0.866,7.6,0.07,9338.7,0,0,46.51,0.35,0,0
00000000-0000-0000-3c88-9c261f73403b,usr_00886,1786438296.2298234,116.54,8,1,general_retail,pos_chip,0.15,0.05,0.683,4.99,21.23,11117.7,0,0,271.96,1.29,0,0
00000000-0000-0000-3c46-066175c84fdb,usr_00433,1786438309.3692667,13.87,8,1,utilities,online,0.04,0.6,0.889,12.18,10.71,10741.5,0,0,29.78,0.93,0,0
00000000-0000-0000-4a0e-39a818c490b9,usr_00137,1786438370.9068525,104.89,8,1,general_retail,pos_chip,0.15,0.05,0.82,6.16,1.3,16956.9,0,0,222.2,1.42,0,0
00000000-0000-0000-528f-1fbe688c7b9f,usr_00485,1786438401.2781687,14.34,8,1,utilities,pos_chip,0.04,0.05,0.901,3.51,0.97,49311.5,0,0,91.8,0.47,0,0
00000000-0000-0000-135c-fdd3a57bb98e,usr_00212,1786438447.6693377,49.42,8,1,grocery,pos_contactless,0.05,0.1,0.742,1.88,13.99,24114.4,0,0,24.05,2.05,0,0
00000000-0000-0000-3b63-e1326b356284,usr_00074,1786438471.1307263,25.06,8,1,gaming,online,0.7,0.6,0.635,5.28,3.54,5913.8,0,0,183.92,0.55,0,0
00000000-0000-0000-152c-6f646f56d1bb,usr_00755,1786438488.4530263,57.43,8,1,jewelry,pos_chip,0.8,0.05,0.815,31.04,1.63,15453.7,0,0,151.64,1.14,0,0
00000000-0000-0000-4274-741c8271daca,usr_00671,1786438621.5255182,32.51,8,1,grocery,online,0.05,0.6,0.806,8.7,13.38,21171.4,0,0,182.43,0.71,0,0
00000000-0000-0000-778c-b84aa1ed3ad9,usr_00650,1786438667.3014865,109.44,8,1,travel,online,0.4,0.6,0.88,38.49,7.38,25884.0,0,0,209.92,1.04,0,0
00000000-0000-0000-3e80-f9aa9ffecd3a,usr_00660,1786438724.4008355,10.72,8,1,health,pos_chip,0.08,0.05,0.785,5.22,2.39,5645.8,0,0,104.71,0.61,0,0
00000000-0000-0000-62ee-a2bb198747e2,usr_00710,1786438724.4176254,49.0,8,1,electronics,online,0.65,0.6,0.761,10.92,4.37,17530.2,0,0,182.94,1.34,0,0
00000000-0000-0000-6009-4df923ad2a00,usr_00315,1786438725.8073874,47.16,8,1,grocery,p2p,0.05,0.45,0.798,10.48,9.61,27883.5,0,0,43.96,1.07,0,0
00000000-0000-0000-6636-c82173193b6d,usr_00871,1786438749.8677466,10.74,8,1,grocery,pos_chip,0.05,0.05,0.894,1.91,19.34,30629.6,0,0,13.58,0.79,0,0
00000000-0000-0000-7731-feeae6a9df0f,usr_00431,1786438808.1566324,19.39,9,1,restaurant,pos_chip,0.1,0.05,0.697,4.31,5.23,3277.2,0,1,174.42,0.56,0,0
00000000-0000-0000-7280-6419b1f1ca15,usr_00183,1786438840.1763184,41.1,9,1,electronics,atm,0.65,0.25,0.945,21.44,1.95,31039.2,0,0,116.42,0.71,0,0
00000000-0000-0000-18e4-434962b28612,usr_00857,1786438840.3504398,39.02,9,1,grocery,pos_chip,0.05,0.05,0.808,8.39,12.34,36215.8,0,0,59.98,0.65,0,0
00000000-0000-0000-40d8-02c58acab4e2,usr_00651,1786438874.927316,37.42,9,1,general_retail,online,0.15,0.6,0.784,12.58,3.69,30883.4,0,0,42.3,1.77,0,0
00000000-0000-0000-6bbe-95c4ead6603e,usr_00427,1786438915.1788242,389.87,9,1,utilities,pos_chip,0.04,0.05,0.772,5.77,4.51,11303.0,0,0,305.84,5.1,0,0
00000000-0000-0000-2823-51e688970e0e,usr_00418,1786439023.405356,18.72,9,1,travel,online,0.4,0.6,0.805,17.62,1.2,58486.6,0,0,25.17,0.74,0,0
00000000-0000-0000-68aa-c1e64cfdcc06,usr_00974,1786439023.5284164,41.48,9,1,utilities,pos_contactless,0.04,0.1,0.647,6.33,7.47,4967.0,0,0,69.73,2.38,0,0
00000000-0000-0000-486e-073f62d7e4ac,usr_00110,1786439025.9831288,56.77,9,1,utilities,pos_contactless,0.04,0.1,0.954,13.5,0.98,15596.5,0,0,142.5,1.2,0,0
00000000-0000-0000-3d74-368f0d078471,usr_00928,1786439074.1562083,34.46,9,1,electronics,online,0.65,0.6,0.817,3.23,1.43,36486.2,0,0,21.91,1.57,0,0
00000000-0000-0000-1f33-184659e4c8fa,usr_00053,1786439102.9829466,105.38,9,1,electronics,p2p,0.65,0.45,0.822,2.68,9.04,13940.2,0,0,104.35,3.03,0,0
00000000-0000-0000-78f5-c8f335c981ef,usr_00956,1786439115.1932743,20.33,9,1,utilities,online,0.04,0.6,0.772,4.12,2.12,37546.2,0,0,62.65,0.65,0,0
00000000-0000-0000-431b-c4998af5d063,usr_00456,1786439132.3088346,41.85,9,1,restaurant,online,0.1,0.6,0.833,10.05,24.93,86400.0,0,0,0.0,0.66,0,0
00000000-0000-0000-7e83-fb068aaeb91f,usr_00006,1786439152.2085402,40.64,9,1,travel,online,0.4,0.6,0.881,12.05,14.29,4721.4,0,0,128.63,1.26,0,0
00000000-0000-0000-1b14-0d20b713dbdc,usr_00861,1786439214.679953,26.05,9,1,restaurant,online,0.1,0.6,0.774,3.98,1.94,5039.3,0,0,77.7,2.01,0,0
00000000-0000-0000-7d29-7fbd3657c15a,usr_00874,1786439263.874042,15.27,9,1,grocery,pos_chip,0.05,0.05,0.931,16.32,3.15,23006.3,0,0,14.49,1.05,0,0
00000000-0000-0000-0436-557104058a06,usr_00264,1786439280.9128892,121.83,9,1,restaurant,pos_contactless,0.1,0.1,0.694,7.05,3.04,1393.9,0,1,241.79,2.02,0,0
00000000-0000-0000-6132-c88a87c82573,usr_00572,1786439295.948629,54.6,9,1,restaurant,pos_contactless,0.1,0.1,0.941,2.54,18.85,42515.2,0,0,49.99,2.18,0,0
00000000-0000-0000-4cb4-a73500149678,usr_00237,1786439308.4238431,35.92,9,1,restaurant,online,0.1,0.6,0.847,6.99,1.35,51561.7,0,0,31.42,1.14,0,0
00000000-0000-0000-182e-27d97675cfdb,usr_00059,1786439330.3122766,72.23,9,1,restaurant,online,0.1,0.6,0.786,9.73,2.6,46005.0,0,0,30.7,2.35,0,0
00000000-0000-0000-5cf0-db94c2c1cd31,usr_00005,1786439369.7541888,12.44,9,1,utilities,pos_chip,0.04,0.05,0.815,27.09,10.3,48833.7,0,0,17.37,0.72,0,0
00000000-0000-0000-1198-203f692dee7e,usr_00587,1786439404.0186875,40.41,9,1,grocery,online,0.05,0.6,0.593,1.43,13.36,17381.7,0,0,219.01,0.55,0,0
00000000-0000-0000-5200-b921c7537d11,usr_00221,1786439459.6798573,34.21,9,1,grocery,online,0.05,0.6,0.985,8.52,3.39,10984.7,0,0,117.92,1.16,0,0
00000000-0000-0000-2893-63589902af8a,usr_00779,1786439482.8112547,11.52,9,1,health,pos_chip,0.08,0.05,0.785,19.24,1.65,16049.6,0,0,44.59,0.78,0,0
00000000-0000-0000-1425-41e9f7948e9d,usr_00359,1786439509.5229514,38.19,9,1,travel,pos_chip,0.4,0.05,0.877,10.31,3.39,21819.9,0,0,16.93,2.26,0,0
00000000-0000-0000-4c8f-6f77f6abb274,usr_00455,1786439525.3401892,17.32,9,1,grocery,online,0.05,0.6,0.819,6.26,1.95,4782.5,0,0,167.92,0.41,0,0
00000000-0000-0000-0c8e-8a71b843d18e,usr_00447,1786439580.1089394,28.87,9,1,health,online,0.08,0.6,0.875,4.49,3.72,13491.6,0,0,42.32,1.36,0,0
00000000-0000-0000-35ef-d6b7a4c267fb,usr_00778,1786439695.0198534,20.59,9,1,jewelry,pos_chip,0.8,0.05,0.725,1.45,0.72,45529.4,0,0,24.91,0.83,0,0
00000000-0000-0000-19f6-7807d0fca5ee,usr_00582,1786439707.7868562,21.16,9,1,restaurant,pos_chip,0.1,0.05,0.816,8.0,4.11,12457.5,0,0,205.3,0.52,0,0
00000000-0000-0000-3147-8cfeaca49127,usr_00846,1786439739.0363877,319.05,9,1,grocery,pos_chip,0.05,0.05,0.907,7.56,9.53,14478.5,0,0,833.72,1.53,0,0
00000000-0000-0000-3808-9dddd8bb9e10,usr_00444,1786439744.8061728,13.25,9,1,electronics,online,0.65,0.6,0.693,28.88,2.31,6419.3,0,0,117.07,0.45,0,0
00000000-0000-0000-6f4b-75346d53bd83,usr_00451,1786439767.4679105,42.95,9,1,health,pos_chip,0.08,0.05,0.678,4.46,2.95,13612.1,0,0,285.85,0.9,0,0
00000000-0000-0000-33ce-acde16a9862a,usr_00299,1786439803.3055391,18.1,9,1,grocery,pos_contactless,0.05,0.1,0.919,6.1,1.93,40667.8,0,0,57.49,0.31,0,0
00000000-0000-0000-4446-a805ec404912,usr_00553,1786439812.2157104,153.46,9,1,electronics,online,0.65,0.6,0.908,7.62,2.61,2603.5,0,1,504.27,1.22,0,0
00000000-0000-0000-52f5-f49dbb0ecd38,usr_00948,1786439828.2195387,71.46,9,1,utilities,online,0.04,0.6,0.83,3.08,6.51,86400.0,0,0,0.0,1.71,0,0
00000000-0000-0000-15eb-bfa4e4a32992,usr_00742,1786439911.5538116,10.98,9,1,electronics,online,0.65,0.6,0.904,4.63,6.63,5180.4,0,0,74.2,0.59,0,0
00000000-0000-0000-39c0-b7a9f49b313d,usr_00968,1786439911.651201,49.7,9,1,grocery,online,0.05,0.6,0.668,16.99,0.93,59056.8,0,0,85.83,0.58,0,0
00000000-0000-0000-20a0-6d822e69dbc6,usr_00000,1786439967.8374152,24.75,9,1,restaurant,online,0.1,0.6,0.825,15.76,6.72,3364.6,0,1,45.77,1.08,0,0
00000000-0000-0000-157c-d5e7c1d8b556,usr_00424,1786440057.5437202,6.41,9,1,restaurant,online,0.1,0.6,0.741,3.83,1.92,44828.2,0,0,18.44,0.35,0,0
00000000-0000-0000-2d53-9eeec1a4a37b,usr_00814,1786440085.6215663,18.74,9,1,crypto,atm,0.9,0.25,0.884,43.17,6.71,4399.6,0,0,63.96,0.88,0,0
00000000-0000-0000-6b3c-99b40eb4eab8,usr_00677,1786440112.516315,33.92,9,1,general_retail,pos_chip,0.15,0.05,0.846,15.53,6.86,28091.2,0,0,100.16,1.35,0,0
00000000-0000-0000-6e6c-c43c464b4d55,usr_00101,1786440126.2510054,91.8,9,1,restaurant,online,0.1,0.6,0.742,0.06,7.25,55223.5,0,0,45.36,2.02,0,0
00000000-0000-0000-7822-412beef3f201,usr_00593,1786440179.7817454,7.24,9,1,restaurant,online,0.1,0.6,0.871,8.43,1.19,14735.9,0,0,9.27,0.78,0,0
00000000-0000-0000-16b3-4d73b4acfabe,usr_00684,1786440207.004254,23.29,9,1,utilities,pos_chip,0.04,0.05,0.524,4.1,6.39,5172.4,0,0,107.71,0.65,0,0
00000000-0000-0000-5397-1d723e2a136b,usr_00036,1786440229.1147187,15.52,9,1,general_retail,online,0.15,0.6,0.903,2.67,6.45,34385.9,0,0,84.7,0.55,0,0
00000000-0000-0000-2d38-80a0d755015c,usr_00290,1786440246.4039927,18.05,9,1,utilities,online,0.04,0.6,0.455,32.19,3.64,4891.5,0,0,93.36,0.58,0,0
00000000-0000-0000-697c-3c64cf9bd84e,usr_00979,1786440275.0284586,43.21,9,1,restaurant,pos_contactless,0.1,0.1,0.757,14.72,2.54,48660.8,0,0,175.0,0.49,0,0
00000000-0000-0000-48b7-fe415b292035,usr_00952,1786440275.07789,56.4,9,1,general_retail,pos_chip,0.15,0.05,0.908,6.56,2.56,5335.0,0,0,186.6,0.91,0,0
00000000-0000-0000-245b-61e64feccf7c,usr_00783,1786440285.056277,62.41,9,1,utilities,pos_contactless,0.04,0.1,0.756,27.1,0.97,41167.5,0,0,166.5,0.75,0,0
00000000-0000-0000-4dcd-7f8b8a17c9c3,usr_00981,1786440304.7992632,7.85,9,1,general_retail,pos_chip,0.15,0.05,0.856,7.56,1.29,50093.7,0,0,16.92,0.93,1,0
00000000-0000-0000-1ba8-029a5eb94fd6,usr_00265,1786440326.5787787,105.22,9,1,grocery,online,0.05,0.6,0.984,22.53,1.72,86400.0,0,0,0.0,1.73,0,0
00000000-0000-0000-2a0c-872f3ae7416a,usr_00156,1786440342.3871536,45.34,9,1,electronics,pos_contactless,0.65,0.1,0.957,3.6,5.9,27637.1,0,0,144.77,1.25,0,0
00000000-0000-0000-6516-13d3092f617e,usr_00853,1786440398.1694872,48.94,9,1,health,online,0.08,0.6,0.94,2.67,5.7,22463.7,0,0,153.02,1.28,0,0
00000000-0000-0000-4199-885f9dc1691c,usr_00586,1786440427.4845605,8.79,9,1,grocery,online,0.05,0.6,0.741,1.37,1.23,11528.8,0,0,81.58,0.54,0,0
00000000-0000-0000-2f1d-a1fce8b4e851,usr_00894,1786440451.2650933,17.54,9,1,general_retail,pos_contactless,0.15,0.1,0.664,0.48,1.75,8861.6,0,0,41.11,0.85,0,0
00000000-0000-0000-2fbc-f008db0a9bee,usr_00021,1786440535.9108894,13.46,9,1,utilities,pos_contactless,0.04,0.1,0.576,0.15,7.96,2946.9,0,1,121.85,0.55,0,0
00000000-0000-0000-244e-ebdae08ade30,usr_00309,1786440587.1125743,116.43,9,1,general_retail,online,0.15,0.6,0.9,20.47,7.89,9934.1,0,0,246.18,0.95,1,0
00000000-0000-0000-34be-874fabec2ad7,usr_00953,1786440647.6040487,28.27,9,1,electronics,pos_contactless,0.65,0.1,0.837,1.64,8.19,7791.8,0,0,79.67,1.42,0,0
00000000-0000-0000-167c-c46512894786,usr_00913,1786440694.9387786,34.29,9,1,restaurant,pos_chip,0.1,0.05,0.918,36.39,1.29,41385.0,0,0,12.73,2.69,0,0
00000000-0000-0000-1f7c-36ce6d9843bb,usr_00968,1786440726.2422748,41.37,9,1,utilities,atm,0.04,0.25,0.747,3.01,3.21,814.6,0,1,135.53,0.61,0,0
00000000-0000-0000-2121-62299b945823,usr_00022,1786440764.9777727,74.66,9,1,travel,atm,0.4,0.25,0.915,10.7,2.1,24705.4,0,0,183.77,1.22,0,0
00000000-0000-0000-5b15-e3cad6ff0ef2,usr_00450,1786440776.482885,53.06,9,1,electronics,pos_chip,0.65,0.05,0.9,57.61,11.01,9140.2,0,0,64.91,1.63,0,0
00000000-0000-0000-757c-f0d37239929b,usr_00625,1786440781.1697576,32.77,9,1,electronics,pos_chip,0.65,0.05,0.808,11.47,18.57,29120.8,0,0,88.26,1.11,0,0
00000000-0000-0000-6eb7-7d97d3d83213,usr_00331,1786440814.6932366,40.73,9,1,grocery,online,0.05,0.6,0.848,2.66,2.88,11989.3,0,0,199.74,0.61,0,0
00000000-0000-0000-4232-a25f3ceca5f3,usr_00854,1786440817.3204868,25.92,9,1,health,online,0.08,0.6,0.597,1.25,10.64,6771.7,0,0,44.82,1.16,0,0
00000000-0000-0000-70df-7309b0cb41e8,usr_00628,1786440843.5341432,39.32,9,1,restaurant,pos_chip,0.1,0.05,0.838,1.26,7.79,15104.0,0,0,87.99,2.23,0,0
00000000-0000-0000-24d5-dc3797934f68,usr_00081,1786440844.9648376,20.0,9,1,general_retail,pos_chip,0.15,0.05,0.603,23.47,6.37,28353.4,0,0,59.73,1.0,0,0
00000000-0000-0000-7a6e-1e663af22c8d,usr_00775,1786440871.85661,26.0,9,1,utilities,atm,0.04,0.25,0.706,13.13,0.67,6561.1,0,0,47.87,0.54,0,0
00000000-0000-0000-2961-0f07a551793d,usr_00693,1786440875.9616148,7.43,9,1,jewelry,pos_chip,0.8,0.05,0.921,4.06,0.41,22520.9,0,0,15.84,0.94,0,0
00000000-0000-0000-4e24-aea5e698753a,usr_00931,1786440890.3251512,17.14,9,1,health,pos_chip,0.08,0.05,0.621,28.19,0.62,16779.2,0,0,242.43,0.28,0,0
00000000-0000-0000-2aa4-4cd32f47190c,usr_00926,1786440898.3217752,33.86,9,1,restaurant,p2p,0.1,0.45,0.895,5.91,4.39,38758.1,0,0,50.41,0.67,0,0
00000000-0000-0000-2d62-07a1bd199796,usr_00419,1786440914.958269,63.1,9,1,restaurant,p2p,0.1,0.45,0.881,1.54,10.35,27428.7,0,0,45.92,1.37,0,0
00000000-0000-0000-776e-ffa397594ed7,usr_00038,1786440927.6723826,30.88,9,1,restaurant,online,0.1,0.6,0.934,46.6,1.31,23602.5,0,0,57.98,0.53,0,0
00000000-0000-0000-7e3a-6d9e2b14e843,usr_00404,1786440930.7440856,87.59,9,1,utilities,pos_chip,0.04,0.05,0.94,16.08,4.48,86400.0,0,0,0.0,1.93,0,0
00000000-0000-0000-3360-2e2c35c47645,usr_00453,1786440933.5744905,141.35,9,1,grocery,online,0.05,0.6,0.571,2.17,0.88,18800.1,0,0,206.97,1.37,0,0
00000000-0000-0000-32d7-400788630ff0,usr_00507,1786440935.0621789,48.33,9,1,grocery,p2p,0.05,0.45,0.753,17.16,5.69,34913.5,0,0,125.86,1.15,0,0
00000000-0000-0000-5303-196ea259cdaf,usr_00582,1786440953.5286722,49.39,9,1,restaurant,pos_chip,0.1,0.05,0.785,14.78,8.38,1245.7,0,1,226.46,1.31,0,0
00000000-0000-0000-0eb8-148aa1777b3e,usr_00201,1786440955.6733422,97.32,9,1,electronics,pos_contactless,0.65,0.1,0.794,1.12,0.27,11116.7,0,0,83.0,1.17,0,0
00000000-0000-0000-580d-492b1467b2be,usr_00867,1786440965.9563298,13.02,9,1,restaurant,online,0.1,0.6,0.855,6.97,4.36,7808.6,0,0,136.79,0.38,0,0
00000000-0000-0000-35d9-2765fc6ce7cc,usr_00011,1786440975.5678437,50.04,9,1,jewelry,online,0.8,0.6,0.921,3.5,1.17,8707.8,0,0,315.34,0.79,0,0
00000000-0000-0000-2cfc-e6f40658d479,usr_00699,1786440986.6132994,91.43,9,1,utilities,pos_contactless,0.04,0.1,0.733,7.81,1.68,3820.2,0,0,106.95,2.56,0,0
00000000-0000-0000-4257-e7366c0b2ea6,usr_00869,1786441007.121254,31.92,9,1,restaurant,pos_chip,0.1,0.05,0.436,11.2,6.11,32311.8,0,0,20.41,1.56,0,0
00000000-0000-0000-0914-cd38328f0ea8,usr_00036,1786441013.865248,24.74,9,1,utilities,online,0.04,0.6,0.818,55.29,0.82,784.8,0,1,100.22,0.99,0,0
00000000-0000-0000-3599-ad6c498387e9,usr_00443,1786441025.9806778,35.27,9,1,grocery,pos_chip,0.05,0.05,0.841,15.93,0.94,35423.4,0,0,195.51,0.36,0,0
00000000-0000-0000-3447-27dc1fd8ceab,usr_00294,1786441144.2591493,27.37,9,1,restaurant,pos_chip,0.1,0.05,0.637,25.5,2.68,33711.6,0,0,190.01,0.72,0,0
00000000-0000-0000-253c-068cf8d0ea65,usr_00690,1786441190.317535,30.54,9,1,restaurant,pos_contactless,0.1,0.1,0.888,20.13,6.47,15075.3,0,0,145.53,0.84,0,0
00000000-0000-0000-4e10-7de89db4aa88,usr_00768,1786441254.4502902,22.6,9,1,utilities,pos_contactless,0.04,0.1,0.974,3.63,1.16,14533.9,0,0,70.5,1.6,0,0
00000000-0000-0000-0f7b-4e90e3fe4b2c,usr_00776,1786441268.2422073,15.11,9,1,utilities,pos_chip,0.04,0.05,0.704,8.31,8.9,20586.4,0,0,56.96,0.53,0,0
00000000-0000-0000-21ab-0ec1fe990598,usr_00328,1786441275.371596,17.27,9,1,health,pos_chip,0.08,0.05,0.892,11.81,0.55,13344.4,0,0,21.64,1.6,0,0
00000000-0000-0000-7bc5-d01b9f9b4a70,usr_00393,1786441293.3184154,49.67,9,1,health,pos_chip,0.08,0.05,0.393,2.94,0.46,47432.2,0,0,194.57,1.02,0,0
00000000-0000-0000-7e85-0437d477913b,usr_00998,1786441304.847571,47.88,9,1,grocery,pos_contactless,0.05,0.1,0.669,14.26,1.0,7493.9,0,0,213.83,0.67,0,0
00000000-0000-0000-2fd0-801b3e1841a1,usr_00386,1786441354.903105,35.86,9,1,health,online,0.08,0.6,0.696,1.36,3.45,86400.0,0,0,0.0,0.83,0,0
00000000-0000-0000-0440-b09e35956218,usr_00788,1786441409.956315,19.21,9,1,restaurant,pos_chip,0.1,0.05,0.827,0.61,8.17,33485.0,0,0,91.07,0.63,0,0
00000000-0000-0000-0e12-b029b3c2bd29,usr_00978,1786441434.1633697,11.81,9,1,grocery,online,0.05,0.6,0.672,9.07,1.31,32772.8,0,0,22.22,0.53,0,0
00000000-0000-0000-5612-148ac948fa2d,usr_00150,1786441451.1672876,24.44,9,1,grocery,online,0.05,0.6,0.816,18.82,7.97,86400.0,0,0,0.0,0.81,0,0
00000000-0000-0000-4018-033aea72a574,usr_00817,1786441464.6888878,33.32,9,1,general_retail,online,0.15,0.6,0.646,6.08,3.49,53399.8,0,0,44.98,0.74,0,0
00000000-0000-0000-61b6-9db1f21aa8e6,usr_00152,1786441484.9397507,15.21,9,1,general_retail,pos_contactless,0.15,0.1,0.655,7.44,1.59,33395.8,0,0,38.59,0.79,0,0
00000000-0000-0000-1238-a8c5e8e2844b,usr_00752,1786441489.2048635,14.88,9,1,travel,pos_chip,0.4,0.05,0.968,2.53,2.99,10350.5,0,0,72.43,0.62,0,0
00000000-0000-0000-7cf3-27c32ad49d5d,usr_00386,1786441549.0856395,40.28,9,1,utilities,atm,0.04,0.25,0.807,0.18,3.2,194.2,1,1,35.86,1.12,0,0
00000000-0000-0000-2178-6eaacda02869,usr_00140,1786441558.2161403,54.83,9,1,grocery,online,0.05,0.6,0.733,17.76,7.68,56415.0,0,0,109.44,1.0,0,0
00000000-0000-0000-05af-8b50d8b3918c,usr_00765,1786441566.819347,7.25,9,1,general_retail,pos_contactless,0.15,0.1,0.681,24.33,9.85,7707.9,0,0,61.1,0.47,0,0
00000000-0000-0000-7224-d42ffcabc54d,usr_00238,1786441652.1730602,9.76,9,1,general_retail,pos_contactless,0.15,0.1,0.547,1.94,0.28,86400.0,0,0,0.0,0.56,0,0
00000000-0000-0000-75f3-d1c8d1c241ab,usr_00882,1786441717.1610174,9.58,9,1,general_retail,atm,0.15,0.25,0.704,24.1,6.54,46133.8,0,0,7.24,1.32,0,0
00000000-0000-0000-6563-ebba0089233e,usr_00955,1786441751.0666258,96.87,9,1,restaurant,atm,0.1,0.25,0.841,5.43,12.22,10738.1,0,0,216.59,1.34,0,0
00000000-0000-0000-69d9-59aef562e25b,usr_00903,1786441756.4850981,164.78,9,1,crypto,pos_contactless,0.9,0.1,0.636,11.1,1.23,48320.2,0,0,52.85,3.12,0,0
00000000-0000-0000-03b1-abe1dcfc79f8,usr_00444,1786441782.1999726,14.93,9,1,health,atm,0.08,0.25,0.513,0.3,2.25,2037.4,0,1,130.32,0.57,0,0
00000000-0000-0000-219b-8affd4512341,usr_00486,1786441807.832969,39.83,9,1,electronics,online,0.65,0.6,0.928,5.32,8.72,6742.5,0,0,72.45,1.1,0,0
00000000-0000-0000-0cfe-bec66a984701,usr_00042,1786441812.4093056,26.94,9,1,restaurant,online,0.1,0.6,0.742,32.93,1.35,53754.2,0,0,44.57,0.6,0,0
00000000-0000-0000-1397-199be2143b9b,usr_00593,1786441815.9167612,18.04,9,1,electronics,atm,0.65,0.25,0.779,3.31,9.64,1636.1,0,1,16.51,2.19,0,0
00000000-0000-0000-7789-203b5afef525,usr_00835,1786441820.810005,26.73,9,1,grocery,online,0.05,0.6,0.668,11.19,0.28,5830.0,0,0,164.26,0.98,0,0
00000000-0000-0000-5358-f704ad696840,usr_00295,1786441841.5988276,48.39,9,1,grocery,atm,0.05,0.25,0.861,14.18,2.33,15160.0,0,0,67.8,0.71,0,0
00000000-0000-0000-561d-5be1d14f56df,usr_00036,1786441845.2172947,43.13,9,1,grocery,p2p,0.05,0.45,0.924,3.29,7.43,831.4,0,2,124.96,1.73,0,0
00000000-0000-0000-4f29-f448ecacde92,usr_00175,1786441850.6530795,39.87,9,1,grocery,online,0.05,0.6,0.8,2.78,6.4,27543.7,0,0,43.86,1.82,0,0
00000000-0000-0000-36ee-e764102d0385,usr_00367,1786441863.18903,33.3,9,1,gaming,online,0.7,0.6,0.794,21.57,1.71,37131.4,0,0,65.99,1.51,0,0
00000000-0000-0000-090f-f7bdf27a950a,usr_00736,1786441879.911718,57.74,9,1,grocery,online,0.05,0.6,0.962,9.55,12.47,28441.6,0,0,70.96,1.63,0,0
00000000-0000-0000-018d-580c6f05bdf0,usr_00367,1786441909.3169096,25.48,9,1,restaurant,online,0.1,0.6,0.907,31.74,1.43,46.1,1,1,99.29,1.03,0,0
00000000-0000-0000-5468-776cd05d6efe,usr_00763,1786441914.6076283,48.92,9,1,utilities,online,0.04,0.6,0.711,9.0,2.86,21394.6,0,0,172.51,0.85,0,0
00000000-0000-0000-77fc-784bf616be08,usr_00315,1786441986.2199466,48.0,9,1,grocery,p2p,0.05,0.45,0.9,3.87,0.52,3260.4,0,1,91.12,1.05,0,0
00000000-0000-0000-6868-71a5182f29f3,usr_00107,1786441994.7477233,22.81,9,1,general_retail,pos_chip,0.15,0.05,0.754,11.6,7.91,17009.1,0,0,52.37,1.31,0,0
00000000-0000-0000-1711-679d766e3329,usr_00762,1786442027.5326593,79.3,9,1,grocery,p2p,0.05,0.45,0.781,14.75,3.72,8943.7,0,0,211.99,1.12,0,0
00000000-0000-0000-5287-ba249e5b4624,usr_00591,1786442028.3746111,29.3,9,1,gaming,p2p,0.7,0.45,0.86,0.01,1.58,37908.6,0,0,88.46,0.66,0,0
00000000-0000-0000-7729-20413978d86a,usr_00149,1786442044.295913,66.81,9,1,general_retail,online,0.15,0.6,0.607,18.29,17.08,13183.1,0,0,69.9,1.91,0,0
00000000-0000-0000-6d03-449d8eb16c04,usr_00656,1786442053.0740623,32.62,9,1,grocery,pos_chip,0.05,0.05,0.794,0.6,5.8,86400.0,0,0,0.0,1.66,0,0
00000000-0000-0000-63b7-77985b00c8ab,usr_00152,1786442092.988922,24.84,9,1,general_retail,pos_chip,0.15,0.05,0.911,0.2,0.2,608.0,0,1,53.8,1.39,0,0
00000000-0000-0000-7352-e9f81c86e180,usr_00645,1786442149.6120172,16.8,9,1,gaming,online,0.7,0.6,0.84,5.98,3.02,6636.4,0,0,174.34,0.29,0,0
00000000-0000-0000-5fe8-2de1a9a9484e,usr_00453,1786442176.9926689,104.44,9,1,grocery,online,0.05,0.6,0.795,7.9,5.13,1243.4,0,1,348.32,0.9,0,0
00000000-0000-0000-71dd-153759810efb,usr_00485,1786442315.9370606,18.83,9,1,jewelry,online,0.8,0.6,0.828,12.46,3.74,3914.7,0,0,106.14,0.71,0,0
00000000-0000-0000-185f-f25175623a89,usr_00960,1786442318.9418683,172.43,9,1,crypto,pos_chip,0.9,0.05,0.629,0.91,17.56,18449.8,0,0,718.19,1.68,0,0
00000000-0000-0000-38ff-b9e621227072,usr_00705,1786442342.7124264,13.0,9,1,gaming,pos_contactless,0.7,0.1,0.662,48.3,6.75,86400.0,0,0,0.0,0.71,0,0
00000000-0000-0000-01c3-8cc1fd9992f3,usr_00055,1786442354.9996738,15.69,9,1,restaurant,online,0.1,0.6,0.737,14.28,4.04,8455.5,0,0,72.43,0.65,0,0
00000000-0000-0000-6719-0bc267749f18,usr_00497,1786442376.5471764,27.11,9,1,grocery,online,0.05,0.6,0.592,2.77,1.84,16386.0,0,0,91.17,0.59,0,0
00000000-0000-0000-2a16-d910dc6b5ad4,usr_00808,1786442382.7337162,13.96,9,1,restaurant,pos_chip,0.1,0.05,0.7,14.18,4.42,5623.3,0,0,64.41,0.43,0,0
00000000-0000-0000-4d86-1ba0559a31a7,usr_00383,1786442420.8268104,9.54,10,1,grocery,pos_chip,0.05,0.05,0.578,5.32,3.81,20360.4,0,0,63.48,0.6,0,0
00000000-0000-0000-5ffa-17eead82d31e,usr_00963,1786442456.5449111,39.69,10,1,grocery,pos_chip,0.05,0.05,0.58,17.81,5.36,86400.0,0,0,0.0,1.28,0,0
00000000-0000-0000-4ba9-36f4874208d4,usr_00167,1786442467.788796,18.14,10,1,utilities,pos_chip,0.04,0.05,0.967,1.72,2.63,6628.5,0,0,154.82,0.35,0,0
00000000-0000-0000-0ba0-4111a0a536fb,usr_00008,1786442473.1530325,20.37,10,1,gaming,pos_chip,0.7,0.05,0.902,4.67,1.35,7066.7,0,0,251.95,0.49,0,0
00000000-0000-0000-5274-598bf238532f,usr_00861,1786442492.2248473,20.93,10,1,health,online,0.08,0.6,0.796,10.29,23.11,3277.5,0,1,103.75,1.41,0,0
00000000-0000-0000-4526-06fd7767ae02,usr_00222,1786442515.0698998,17.27,10,1,general_retail,pos_chip,0.15,0.05,0.559,7.43,3.18,21297.5,0,0,54.46,0.32,0,0
00000000-0000-0000-535f-61b1e78c4b7c,usr_00993,1786442538.3805218,19.34,10,1,health,online,0.08,0.6,0.74,12.15,6.85,52378.8,0,0,75.8,0.51,0,0
00000000-0000-0000-76b8-762d7db00f7b,usr_00056,1786442560.258115,39.62,10,1,restaurant,pos_contactless,0.1,0.1,0.717,4.64,1.73,86400.0,0,0,0.0,1.41,0,0
00000000-0000-0000-6ca2-88e33bd9870c,usr_00742,1786442565.0223079,6.41,10,1,travel,p2p,0.4,0.45,0.461,32.5,3.95,2653.5,0,1,85.18,0.38,0,0
00000000-0000-0000-13a2-0d584f3939c0,usr_00547,1786442587.729278,17.28,10,1,grocery,pos_chip,0.05,0.05,0.839,9.37,13.18,14969.7,0,0,53.53,0.97,0,0
00000000-0000-0000-5371-c8f15e8e7c2c,usr_00976,1786442603.008917,83.25,10,1,electronics,online,0.65,0.6,0.765,8.5,2.74,20662.2,0,0,306.33,0.82,0,0
00000000-0000-0000-1128-e3fca9d20fa9,usr_00953,1786442658.1744933,14.28,10,1,grocery,pos_contactless,0.05,0.1,0.772,0.26,1.38,2010.6,0,1,107.94,0.66,0,0
00000000-0000-0000-245e-fad6aafe7356,usr_00760,1786442658.2035692,131.84,10,1,grocery,pos_chip,0.05,0.05,0.846,33.79,0.6,7163.8,0,0,321.37,1.23,0,0
00000000-0000-0000-6abb-12023ae223d5,usr_00836,1786442661.3355498,29.58,10,1,grocery,pos_contactless,0.05,0.1,0.899,13.83,4.96,56034.8,0,0,18.76,1.58,0,0
00000000-0000-0000-3e04-6a708e1d9c61,usr_00594,1786442676.088911,14.09,10,1,utilities,online,0.04,0.6,0.719,24.33,29.27,19505.8,0,0,52.92,0.8,0,0
00000000-0000-0000-2a00-8bc29bbd5677,usr_00611,1786442698.3731158,84.46,10,1,general_retail,pos_contactless,0.15,0.1,0.907,5.14,11.24,7517.0,0,0,241.54,1.75,0,0
00000000-0000-0000-55ca-67a52ec9fa44,usr_00598,1786442716.7461033,40.75,10,1,grocery,pos_chip,0.05,0.05,0.851,2.1,3.54,11928.6,0,0,110.74,1.1,0,0
00000000-0000-0000-470d-ebc9c3d8ff95,usr_00942,1786442747.5752857,20.87,10,1,grocery,online,0.05,0.6,0.809,6.07,0.42,17487.2,0,0,93.8,0.44,0,0
00000000-0000-0000-4db1-e42b9d4a2191,usr_00041,1786442754.7385879,81.33,10,1,restaurant,pos_contactless,0.1,0.1,0.884,14.23,2.17,7819.9,0,0,241.73,1.01,0,0
00000000-0000-0000-690c-e364f0e73d58,usr_00461,1786442767.0245636,27.72,10,1,health,online,0.08,0.6,0.947,17.36,8.29,18264.1,0,0,25.05,1.11,0,0
00000000-0000-0000-6e99-4e24a0c77575,usr_00035,1786442781.5759404,74.83,10,1,general_retail,pos_chip,0.15,0.05,0.877,19.03,1.13,17796.6,0,0,191.54,0.78,0,0
00000000-0000-0000-495f-886c765e87b7,usr_00983,1786442811.156095,79.16,10,1,utilities,pos_contactless,0.04,0.1,0.836,15.23,8.34,25656.6,0,0,401.13,1.38,0,0
00000000-0000-0000-26b0-e1da214e1bac,usr_00273,1786442873.8103983,128.25,10,1,general_retail,online,0.15,0.6,0.619,20.82,1.84,8998.6,0,0,432.96,0.89,0,0
00000000-0000-0000-730c-ded2f67f2cb0,usr_00203,1786442901.1992323,54.91,10,1,grocery,online,0.05,0.6,0.805,1.3,11.68,10055.8,0,0,292.46,0.75,0,0
00000000-0000-0000-75a8-781818e8e1dc,usr_00954,1786442902.4285514,35.15,10,1,general_retail,pos_contactless,0.15,0.1,0.894,1.52,3.62,32402.2,0,0,27.37,2.57,0,0
00000000-0000-0000-395c-1de0bff19377,usr_00798,1786442916.221216,48.83,10,1,general_retail,pos_chip,0.15,0.05,0.769,1.88,10.32,86400.0,0,0,0.0,0.8,0,0
00000000-0000-0000-4882-963f19a935bd,usr_00171,1786442936.2706492,104.98,10,1,travel,pos_contactless,0.4,0.1,0.852,33.11,1.29,86400.0,0,0,0.0,2.43,0,0
00000000-0000-0000-37fb-ca1034fc30b7,usr_00070,1786442939.2236109,11.72,10,1,crypto,atm,0.9,0.25,0.499,1.46,15.12,46465.4,0,0,6.91,1.7,0,0
00000000-0000-0000-7b04-6a2c13fd97ff,usr_00897,1786442944.539129,48.36,10,1,electronics,pos_chip,0.65,0.05,0.908,46.1,4.42,17317.8,0,0,64.35,2.25,0,0
00000000-0000-0000-34d8-129f90982807,usr_00003,1786442965.2691915,37.38,10,1,restaurant,online,0.1,0.6,0.828,9.04,0.52,34258.7,0,0,112.05,0.67,0,0
00000000-0000-0000-5079-b8ed42deaed3,usr_00577,1786442979.8773534,95.93,10,1,grocery,online,0.05,0.6,0.992,0.76,13.86,48665.4,0,0,32.95,2.91,0,0
00000000-0000-0000-48ac-6bac2c7a34e6,usr_00497,1786443025.1750352,35.74,10,1,utilities,pos_chip,0.04,0.05,0.796,0.61,2.33,648.6,0,1,118.28,0.91,0,0
00000000-0000-0000-4c1f-43fffe4e7d98,usr_00610,1786443063.476211,6.58,10,1,utilities,pos_chip,0.04,0.05,0.68,23.83,1.49,16160.5,0,0,30.24,0.44,0,0
00000000-0000-0000-0465-c6d51bb800ff,usr_00789,1786443118.5072155,14.84,10,1,grocery,atm,0.05,0.25,0.806,22.94,4.19,9466.5,0,0,28.89,1.03,0,0
00000000-0000-0000-38f6-5730a1b919a8,usr_00898,1786443122.437465,78.92,10,1,crypto,pos_contactless,0.9,0.1,0.744,8.46,8.02,35550.2,0,0,93.83,1.68,0,0
00000000-0000-0000-647d-13fbca5b77df,usr_00047,1786443162.0923476,33.0,10,1,grocery,online,0.05,0.6,0.952,3.33,2.32,86400.0,0,0,0.0,0.87,0,0
00000000-0000-0000-32ab-de7a956a1db5,usr_00604,1786443165.463631,13.55,10,1,general_retail,pos_chip,0.15,0.05,0.872,28.36,0.81,16453.9,0,0,44.72,0.61,0,0
00000000-0000-0000-1d0c-5f71c4d884a8,usr_00793,1786443168.6178548,53.59,10,1,general_retail,online,0.15,0.6,0.765,13.33,0.93,17500.4,0,0,139.03,1.54,0,0
00000000-0000-0000-05c0-85033c4e5e77,usr_00987,1786443177.2172654,51.67,10,1,grocery,pos_chip,0.05,0.05,0.912,17.01,4.95,31752.5,0,0,60.11,0.86,0,0
00000000-0000-0000-5644-0f6feb2b6fa3,usr_00933,1786443181.6811225,198.49,10,1,utilities,pos_chip,0.04,0.05,0.757,6.04,0.12,60753.1,0,0,140.4,2.83,0,0
00000000-0000-0000-5a29-e148ed825a77,usr_00002,1786443214.4136355,30.77,10,1,utilities,pos_chip,0.04,0.05,0.862,3.96,3.92,33251.9,0,0,176.79,0.52,0,0
00000000-0000-0000-48f6-678b9f5e859c,usr_00040,1786443216.9182043,22.38,10,1,restaurant,pos_chip,0.1,0.05,0.648,4.1,2.78,22790.1,0,0,310.73,0.36,0,0
00000000-0000-0000-1db1-0689e0f79fe9,usr_00218,1786443256.6943822,39.43,10,1,electronics,online,0.65,0.6,0.956,2.34,1.25,7860.3,0,0,104.91,1.13,0,0
00000000-0000-0000-7834-bb82f0c7b844,usr_00080,1786443265.4063408,93.76,10,1,travel,online,0.4,0.6,0.959,21.17,9.46,40794.4,0,0,184.97,0.51,0,0
00000000-0000-0000-46d9-eb5c223f8ae1,usr_00024,1786443305.7732654,14.7,10,1,restaurant,pos_chip,0.1,0.05,0.7,12.74,1.48,5390.0,0,0,29.05,0.51,0,0
00000000-0000-0000-301b-18fbbdc80dde,usr_00819,1786443323.826933,16.45,10,1,grocery,pos_chip,0.05,0.05,0.688,2.83,0.01,13207.7,0,0,81.53,0.61,0,0
00000000-0000-0000-2ef7-59bf04337ea5,usr_00454,1786443350.608906,30.6,10,1,grocery,online,0.05,0.6,0.793,10.59,0.64,25735.1,0,0,178.66,0.86,0,0
00000000-0000-0000-1950-7f0a25f69e4a,usr_00157,1786443352.0493937,47.86,10,1,grocery,atm,0.05,0.25,0.823,8.37,2.86,11782.1,0,0,349.76,0.82,0,0
00000000-0000-0000-389a-a3adf1e84b31,usr_00769,1786443388.2036848,53.17,10,1,general_retail,pos_contactless,0.15,0.1,0.957,3.43,17.79,51312.9,0,0,77.5,0.69,0,0
00000000-0000-0000-1675-29d3d672b200,usr_00159,1786443399.2586954,38.14,10,1,electronics,pos_chip,0.65,0.05,0.812,4.63,6.93,18692.0,0,0,79.64,1.92,0,0
00000000-0000-0000-034f-2892cac310fa,usr_00570,1786443403.356549,8.57,10,1,utilities,pos_contactless,0.04,0.1,0.782,27.17,1.71,35427.8,0,0,19.74,0.43,0,0
00000000-0000-0000-0d22-7e7427e88d1d,usr_00527,1786443413.689778,33.24,10,1,grocery,atm,0.05,0.25,0.816,54.22,0.11,26758.8,0,0,27.23,1.22,0,0
00000000-0000-0000-10c3-91751958b444,usr_00641,1786443426.617475,113.59,10,1,restaurant,online,0.1,0.6,0.897,24.93,2.99,5442.9,0,0,529.64,1.29,0,0
00000000-0000-0000-1e0f-8955d586b35e,usr_00607,1786443434.074877,128.28,10,1,jewelry,pos_contactless,0.8,0.1,0.808,10.13,4.11,86400.0,0,0,0.0,2.96,0,0
00000000-0000-0000-1ffc-3b41c88af5e6,usr_00511,1786443452.5887814,35.15,10,1,health,pos_contactless,0.08,0.1,0.798,29.37,0.47,23765.1,0,0,20.39,1.72,0,0
00000000-0000-0000-7c51-46bba0e52703,usr_00289,1786443494.76677,15.56,10,1,restaurant,pos_chip,0.1,0.05,0.777,7.14,7.81,7530.0,0,0,19.26,0.81,0,0
00000000-0000-0000-124f-5175fb83ddc0,usr_00786,1786443509.3629935,49.23,10,1,restaurant,pos_contactless,0.1,0.1,0.964,8.95,3.04,42741.4,0,0,74.05,1.33,0,0
00000000-0000-0000-1e7f-a52da5fe13d9,usr_00533,1786443513.619171,55.81,10,1,restaurant,atm,0.1,0.25,0.854,6.65,16.1,20924.2,0,0,66.05,1.69,0,0
00000000-0000-0000-5254-6d3802c19674,usr_00613,1786443527.2230737,74.78,10,1,restaurant,pos_contactless,0.1,0.1,0.68,9.02,11.21,23191.3,0,0,207.66,1.08,0,0
00000000-0000-0000-1b82-cfa5d1813da7,usr_00172,1786443536.494379,14.65,10,1,jewelry,online,0.8,0.6,0.834,4.37,9.41,43200.0,0,0,56.43,0.52,1,0
00000000-0000-0000-56cf-35758818add6,usr_00510,1786443539.0715883,12.76,10,1,electronics,p2p,0.65,0.45,0.621,23.58,5.57,45784.5,0,0,7.51,1.7,0,0
00000000-0000-0000-2752-0db0bc72eecf,usr_00026,1786443545.0756478,50.11,10,1,general_retail,pos_chip,0.15,0.05,0.634,28.45,18.05,14542.7,0,0,88.13,1.14,0,0
00000000-0000-0000-21ea-a6dd3f630643,usr_00174,1786443556.8517647,36.83,10,1,utilities,atm,0.04,0.25,0.815,1.32,0.77,31861.2,0,0,25.42,2.9,0,0
00000000-0000-0000-0de0-7ca28c1da83d,usr_00072,1786443578.8703485,30.12,10,1,utilities,online,0.04,0.6,0.978,13.19,16.44,19120.6,0,0,57.1,1.05,0,0
00000000-0000-0000-7ed2-44bb4579dec3,usr_00760,1786443628.8363526,51.21,10,1,travel,online,0.4,0.6,0.986,21.42,5.61,970.6,0,1,453.21,0.45,0,0
00000000-0000-0000-0f03-68fc47e600d9,usr_00406,1786443629.886152,68.29,10,1,grocery,pos_chip,0.05,0.05,0.938,3.06,3.88,15503.2,0,0,159.19,1.72,0,0
00000000-0000-0000-12bf-31de928caa01,usr_00598,1786443634.822985,65.77,10,1,crypto,online,0.9,0.6,0.944,5.67,10.49,918.1,0,1,151.49,1.74,0,0
00000000-0000-0000-0ce7-805e446c7c35,usr_00182,1786443641.8134532,16.62,10,1,gaming,online,0.7,0.6,0.931,17.41,7.86,86400.0,0,0,0.0,0.64,0,0
00000000-0000-0000-2b35-9c56cee3c5dc,usr_00077,1786443683.6372852,43.59,10,1,restaurant,pos_contactless,0.1,0.1,0.653,8.77,5.1,20811.3,0,0,178.54,0.98,0,0
00000000-0000-0000-3291-bf9f316c3251,usr_00636,1786443701.7694707,31.57,10,1,utilities,pos_contactless,0.04,0.1,0.886,8.92,14.0,12869.7,0,0,127.63,0.99,0,0
00000000-0000-0000-2542-1d3fdb72ef70,usr_00360,1786443710.5108156,40.92,10,1,travel,pos_chip,0.4,0.05,0.857,26.73,2.98,6767.1,0,0,131.67,1.24,0,0
00000000-0000-0000-2526-d25b37f4e73f,usr_00545,1786443722.7299752,30.77,10,1,restaurant,pos_chip,0.1,0.05,0.82,0.12,18.1,16978.5,0,0,63.54,0.97,0,0
00000000-0000-0000-13b4-6ca3d3750467,usr_00718,1786443741.5752456,23.66,10,1,restaurant,online,0.1,0.6,0.564,11.25,0.59,47277.2,0,0,22.49,1.05,0,0
00000000-0000-0000-3876-0c7fb81cef74,usr_00603,1786443748.2659497,21.28,10,1,grocery,p2p,0.05,0.45,0.912,22.4,1.43,86400.0,0,0,0.0,0.94,0,0
00000000-0000-0000-25d1-b6407bc5dd88,usr_00785,1786443790.8277814,36.42,10,1,utilities,pos_chip,0.04,0.05,0.915,7.71,13.3,11251.2,0,0,90.96,1.6,0,0
00000000-0000-0000-4dce-8c97df6f528d,usr_00110,1786443829.8488522,58.24,10,1,grocery,online,0.05,0.6,0.788,15.89,0.6,4803.9,0,0,199.27,1.17,0,0
00000000-0000-0000-0d02-19896f95adf9,usr_00431,1786443848.1724675,12.64,10,1,electronics,online,0.65,0.6,0.821,95.1,0.96,5040.0,0,0,193.81,0.39,0,0
00000000-0000-0000-1295-e88d5839cc4b,usr_00912,1786443909.6856844,25.87,10,1,grocery,online,0.05,0.6,0.967,3.29,4.05,16599.6,0,0,129.79,0.6,0,0
00000000-0000-0000-0ce4-101d591138b1,usr_00196,1786443910.158597,74.5,10,1,grocery,online,0.05,0.6,0.946,0.48,0.54,25628.2,0,0,112.52,1.32,0,0
00000000-0000-0000-25b3-2860c65ad500,usr_00864,1786444001.965524,11.66,10,1,jewelry,p2p,0.8,0.45,0.815,2.49,6.28,38734.6,0,0,50.4,0.46,0,0
00000000-0000-0000-6dab-3168f0fc02b4,usr_00507,1786444110.4105408,47.0,10,1,health,online,0.08,0.6,0.825,5.12,0.1,3175.3,0,1,174.19,1.08,0,0
00000000-0000-0000-232b-00b0b95ed7b5,usr_00366,1786444114.71306,22.71,10,1,health,atm,0.08,0.25,0.914,60.15,12.2,53080.4,0,0,14.18,1.6,0,0
00000000-0000-0000-05d0-473cbc8eb4de,usr_00427,1786444123.0475852,176.61,10,1,restaurant,online,0.1,0.6,0.957,11.19,3.65,5207.9,0,0,695.71,1.27,0,0
00000000-0000-0000-0b77-aea626243835,usr_00438,1786444136.8025203,40.04,10,1,electronics,online,0.65,0.6,0.866,5.03,13.84,45663.7,0,0,63.78,1.88,0,0
00000000-0000-0000-011a-85862cc61256,usr_00926,1786444139.7018566,47.4,10,1,utilities,online,0.04,0.6,0.578,21.39,3.0,3241.4,0,1,84.27,1.12,0,0
00000000-0000-0000-27f4-d67ec11c6230,usr_00445,1786444163.1921716,6.92,10,1,electronics,online,0.65,0.6,0.911,0.11,2.01,35056.6,0,0,17.32,0.4,0,0
00000000-0000-0000-11e2-6a437f317799,usr_00133,1786444169.1628575,71.88,10,1,grocery,pos_contactless,0.05,0.1,0.986,1.22,9.79,18175.1,0,0,121.6,2.36,0,0
00000000-0000-0000-5d5d-644668d48e71,usr_00429,1786444193.8935397,35.56,10,1,grocery,pos_chip,0.05,0.05,0.983,0.01,5.24,45489.8,0,0,20.17,1.76,0,0
00000000-0000-0000-658b-b99aa974d2c6,usr_00800,1786444212.889294,21.52,10,1,health,pos_contactless,0.08,0.1,0.902,11.05,3.55,33009.5,0,0,23.16,0.93,0,0
00000000-0000-0000-43eb-ed3e8ee91602,usr_00411,1786444229.170368,16.27,10,1,utilities,pos_chip,0.04,0.05,0.885,9.92,17.9,86400.0,0,0,0.0,1.99,0,0
00000000-0000-0000-6421-ba581f7e7c31,usr_00213,1786444233.4541397,69.48,10,1,restaurant,pos_contactless,0.1,0.1,0.575,9.93,7.35,25098.5,0,0,22.27,3.12,0,0
00000000-0000-0000-222d-2b4f39639c23,usr_00498,1786444244.629551,9.31,10,1,restaurant,online,0.1,0.6,0.844,0.25,0.82,55536.2,0,0,7.95,1.17,0,0
00000000-0000-0000-4795-23619b719c8a,usr_00993,1786444282.6335447,47.48,10,1,utilities,pos_contactless,0.04,0.1,0.766,19.43,3.83,1744.3,0,1,95.14,1.5,0,0
00000000-0000-0000-3c14-965b0f0cbda1,usr_00622,1786444329.9740753,93.4,10,1,utilities,pos_chip,0.04,0.05,0.771,26.71,15.15,9173.9,0,0,144.26,2.59,0,0
00000000-0000-0000-6ed3-36ec7c31a606,usr_00599,1786444333.0685434,10.24,10,1,health,online,0.08,0.6,0.908,22.87,1.86,20501.9,0,0,59.22,0.69,0,0
00000000-0000-0000-776f-fd22c1b866d5,usr_00452,1786444335.0784633,116.58,10,1,restaurant,pos_contactless,0.1,0.1,0.657,14.95,0.56,24407.7,0,0,74.19,1.57,0,0
00000000-0000-0000-25e8-ef62858c7dbb,usr_00922,1786444348.0459359,19.63,10,1,electronics,pos_chip,0.65,0.05,0.257,10.23,4.62,18332.6,0,0,98.69,0.4,0,0
00000000-0000-0000-55d1-00735959066f,usr_00249,1786444350.8062553,19.77,10,1,grocery,online,0.05,0.6,0.59,9.03,1.14,39778.7,0,0,72.61,0.82,0,0
00000000-0000-0000-39c7-4f9ea15b5695,usr_00943,1786444397.203924,90.18,10,1,restaurant,pos_chip,0.1,0.05,0.888,4.81,2.56,59249.5,0,0,75.79,1.19,0,0
00000000-0000-0000-610e-38661046775d,usr_00603,1786444446.176072,19.29,10,1,electronics,pos_contactless,0.65,0.1,0.789,24.98,0.64,697.9,0,1,21.28,0.91,0,0
00000000-0000-0000-54dd-2864bf7b4007,usr_00495,1786444479.3739262,90.78,10,1,general_retail,p2p,0.15,0.45,0.868,46.97,1.7,17972.9,0,0,295.17,0.92,0,0
00000000-0000-0000-1e1d-cd9a01691187,usr_00317,1786444490.9619265,11.22,10,1,utilities,pos_chip,0.04,0.05,0.689,5.53,0.65,7727.3,0,0,54.69,0.82,0,0
00000000-0000-0000-4547-58c894c81fb6,usr_00087,1786444493.7559793,28.13,10,1,grocery,pos_chip,0.05,0.05,0.708,37.58,12.21,32578.9,0,0,67.6,0.83,0,0
00000000-0000-0000-7018-416c02388cd4,usr_00094,1786444494.752371,11.37,10,1,grocery,pos_chip,0.05,0.05,0.746,12.05,6.32,86400.0,0,0,0.0,0.94,0,0
00000000-0000-0000-72b6-7287c54de7c5,usr_00167,1786444523.6604738,63.84,10,1,grocery,online,0.05,0.6,0.911,2.85,0.34,2055.9,0,1,172.96,1.48,0,0
00000000-0000-0000-5ea1-54028b64a6bb,usr_00404,1786444550.089885,53.88,10,1,grocery,online,0.05,0.6,0.56,3.96,15.57,3619.3,0,0,87.59,0.62,0,0
00000000-0000-0000-7ba2-b7a1202e7017,usr_00311,1786444559.5357466,11.54,10,1,gaming,online,0.7,0.6,0.543,0.9,7.16,26343.3,0,0,116.99,0.2,0,0
00000000-0000-0000-66d2-758ee5269439,usr_00591,1786444586.120738,94.08,10,1,electronics,atm,0.65,0.25,0.846,4.53,3.46,2557.7,0,1,117.76,2.4,0,0
00000000-0000-0000-11c2-d1006fe2fbfa,usr_00092,1786444607.5295384,18.7,10,1,electronics,p2p,0.65,0.45,0.893,9.87,1.14,10119.3,0,0,93.98,0.99,0,0
00000000-0000-0000-2aa0-27759145da06,usr_00258,1786444609.7407372,21.47,10,1,restaurant,online,0.1,0.6,0.676,14.4,4.46,62688.7,0,0,21.71,0.99,0,0
00000000-0000-0000-5bd3-5940d9f162ad,usr_00218,1786444616.9352753,1020.43,10,1,crypto,online,0.9,0.6,0.332,297.08,106.7,1360.2,0,1,144.34,28.28,0,1
00000000-0000-0000-05c6-b6a567386854,usr_00983,1786444646.8199935,105.36,10,1,utilities,atm,0.04,0.25,0.905,11.86,9.87,1835.7,0,1,480.29,1.75,0,0
00000000-0000-0000-1380-f6a2ee6b52ff,usr_00741,1786444663.6280332,41.42,10,1,restaurant,online,0.1,0.6,0.694,13.45,16.6,6553.7,0,0,271.72,0.46,0,0
00000000-0000-0000-5128-45473262ba6e,usr_00892,1786444708.4540813,18.49,10,1,general_retail,atm,0.15,0.25,0.972,0.47,1.54,15396.5,0,0,100.48,0.74,0,0
00000000-0000-0000-06a9-b391b6769a94,usr_00801,1786444720.6653264,16.07,10,1,travel,online,0.4,0.6,0.978,50.48,14.22,6478.7,0,0,80.15,0.6,0,0
00000000-0000-0000-47aa-4ea485aaea04,usr_00250,1786444782.9450586,45.16,10,1,restaurant,pos_chip,0.1,0.05,0.731,2.17,2.82,10610.1,0,0,61.39,2.21,0,0
00000000-0000-0000-6d83-a996a5ac2c3e,usr_00454,1786444824.4742632,18.02,10,1,grocery,online,0.05,0.6,0.742,5.6,0.3,1473.9,0,1,209.26,0.52,0,0
00000000-0000-0000-3cfa-2e1e7f478715,usr_00905,1786444872.1805947,136.79,10,1,restaurant,online,0.1,0.6,0.889,5.95,0.49,7491.6,0,0,269.84,1.01,0,0
00000000-0000-0000-2172-46842a6a0536,usr_00906,1786444896.6330352,20.01,10,1,electronics,pos_chip,0.65,0.05,0.913,10.92,2.14,11344.9,0,0,29.25,1.37,0,0
00000000-0000-0000-0573-2de2cdf4f4c9,usr_00222,1786444899.1397634,61.23,10,1,restaurant,online,0.1,0.6,0.829,13.34,8.86,2384.1,0,1,71.73,1.71,0,0
00000000-0000-0000-2cf4-69362cb89728,usr_00928,1786444907.7499912,11.05,10,1,restaurant,online,0.1,0.6,0.715,15.17,11.2,5833.6,0,0,56.37,0.39,0,0
00000000-0000-0000-3bd6-659abf1fdc21,usr_00828,1786444988.514399,22.52,10,1,grocery,online,0.05,0.6,0.709,5.79,9.61,30393.9,0,0,155.61,0.29,0,0
00000000-0000-0000-6863-711d1edbe4bc,usr_00264,1786444996.0064554,38.75,10,1,health,pos_chip,0.08,0.05,0.934,1.17,0.01,5715.1,0,0,363.62,0.53,0,0
00000000-0000-0000-6f2d-7ce34e37b960,usr_00209,1786445018.2926173,26.39,10,1,general_retail,pos_chip,0.15,0.05,0.672,12.09,8.55,38722.5,0,0,159.27,0.66,0,0
00000000-0000-0000-2605-a5b8943ec67f,usr_00074,1786445074.092048,26.16,10,1,jewelry,pos_chip,0.8,0.05,0.833,19.55,0.1,6603.0,0,0,208.98,0.63,0,0
00000000-0000-0000-4a78-e81a0a5b7e8a,usr_00346,1786445125.0327625,21.9,10,1,general_retail,online,0.15,0.6,0.729,17.37,9.97,23017.5,0,0,45.04,1.46,0,0
00000000-0000-0000-5e79-d756abac42fc,usr_00936,1786445164.3856506,6.72,10,1,grocery,pos_chip,0.05,0.05,0.614,10.83,2.61,86400.0,0,0,0.0,0.4,0,0
00000000-0000-0000-11a6-14520172783e,usr_00793,1786445206.421289,68.36,10,1,utilities,online,0.04,0.6,0.696,3.31,1.86,2037.8,0,1,192.62,1.77,0,0
00000000-0000-0000-62c8-a11051de62c5,usr_00407,1786445240.0521355,29.54,10,1,general_retail,pos_chip,0.15,0.05,0.988,8.53,1.18,42640.6,0,0,118.19,0.75,0,0
00000000-0000-0000-73b8-d168db7f883f,usr_00526,1786445277.279619,2602.26,10,1,jewelry,online,0.8,0.6,0.159,141.81,155.56,11801.6,0,0,441.55,23.57,0,1
00000000-0000-0000-10f7-5c84815d591c,usr_00234,1786445292.067812,24.15,10,1,grocery,pos_chip,0.05,0.05,0.596,16.38,0.0,43232.0,0,0,20.19,2.39,0,0
00000000-0000-0000-56bc-74d1720df790,usr_00162,1786445328.457143,182.78,10,1,jewelry,online,0.8,0.6,0.703,2.52,3.7,23500.5,0,0,325.67,1.68,0,0
00000000-0000-0000-163a-1bc0a8e450ec,usr_00440,1786445343.370839,73.62,10,1,travel,pos_contactless,0.4,0.1,0.771,19.75,15.51,19099.4,0,0,46.36,4.76,0,0
00000000-0000-0000-59c9-85106ff7e652,usr_00911,1786445397.35869,37.25,10,1,grocery,pos_contactless,0.05,0.1,0.749,8.02,3.52,45921.2,0,0,120.62,0.62,0,0
00000000-0000-0000-5851-a22424612abe,usr_00432,1786445412.7012925,14.86,10,1,grocery,online,0.05,0.6,0.606,1.97,1.06,13490.3,0,0,44.01,0.68,0,0
00000000-0000-0000-7510-819a6ccb9dab,usr_00492,1786445450.0532103,15.42,10,1,grocery,p2p,0.05,0.45,0.622,0.14,4.41,16697.5,0,0,199.6,0.31,0,0
00000000-0000-0000-27c1-f7379fc92ee6,usr_00749,1786445467.8549051,27.46,10,1,utilities,online,0.04,0.6,0.923,15.13,8.98,21312.9,0,0,71.49,1.15,0,0
00000000-0000-0000-2d54-f6768f76daec,usr_00571,1786445470.7798352,38.94,10,1,restaurant,pos_chip,0.1,0.05,0.884,12.01,4.67,8895.7,0,0,56.09,0.69,0,0
00000000-0000-0000-5f1a-95fe3ecca203,usr_00014,1786445547.9006855,53.27,10,1,health,pos_chip,0.08,0.05,0.815,48.18,6.89,9254.5,0,0,331.19,0.97,0,0
00000000-0000-0000-03d3-a2f2571e32f1,usr_00841,1786445559.4540942,15.52,10,1,travel,pos_chip,0.4,0.05,0.662,9.73,4.89,7789.5,0,0,41.46,0.37,0,0
00000000-0000-0000-213a-9ef3837425e6,usr_00655,1786445567.4864883,59.58,10,1,restaurant,online,0.1,0.6,0.82,29.79,7.57,18497.1,0,0,62.61,1.9,0,0
00000000-0000-0000-4be2-4c406a98c78f,usr_00391,1786445569.5722373,29.56,10,1,utilities,pos_contactless,0.04,0.1,0.992,0.61,5.04,30037.4,0,0,35.84,0.82,0,0
00000000-0000-0000-7860-efc162400bde,usr_00000,1786445584.6058562,37.09,10,1,utilities,online,0.04,0.6,0.668,20.38,1.66,5616.8,0,0,70.52,1.58,0,0
00000000-0000-0000-0d49-414e3f40e1d8,usr_00293,1786445598.4024503,10.14,10,1,grocery,online,0.05,0.6,0.743,7.8,1.85,22890.7,0,0,12.95,1.57,0,0
00000000-0000-0000-0bc0-59da9aac277f,usr_00175,1786445655.9795308,32.37,10,1,general_retail,pos_chip,0.15,0.05,0.927,18.84,2.06,3805.3,0,0,83.73,1.16,0,0
00000000-0000-0000-69dc-2b1e3b6773ca,usr_00957,1786445689.7720733,109.21,10,1,travel,pos_contactless,0.4,0.1,0.603,9.52,0.48,12002.1,0,0,817.99,0.4,0,0
00000000-0000-0000-3938-a67a81d99411,usr_00083,1786445694.428056,32.03,10,1,crypto,pos_chip,0.9,0.05,0.932,15.3,10.05,33049.2,0,0,66.46,0.48,0,0
00000000-0000-0000-09ce-a7f7e885a505,usr_00074,1786445707.166105,26.04,10,1,grocery,pos_contactless,0.05,0.1,0.812,10.46,2.95,633.1,0,1,235.14,0.66,0,0
00000000-0000-0000-77a8-c68ccc9004c7,usr_00605,1786445729.4865243,69.59,10,1,restaurant,atm,0.1,0.25,0.901,5.33,0.47,33323.5,0,0,94.18,1.48,0,0
00000000-0000-0000-6887-13e272343056,usr_00556,1786445794.5879257,10.77,10,1,restaurant,pos_contactless,0.1,0.1,0.941,14.74,0.57,86400.0,0,0,0.0,0.51,0,0
00000000-0000-0000-6d36-52edf98e357c,usr_00955,1786445795.865897,109.85,10,1,grocery,pos_contactless,0.05,0.1,0.905,2.58,1.27,4044.8,0,0,313.46,1.4,0,0
00000000-0000-0000-5e94-9dc9537c67a2,usr_00396,1786445806.594788,38.75,10,1,electronics,online,0.65,0.6,0.909,2.55,1.94,10696.6,0,0,279.32,0.42,0,0
00000000-0000-0000-3577-960577597848,usr_00168,1786445812.2993114,73.44,10,1,utilities,pos_chip,0.04,0.05,0.68,6.84,0.07,27573.5,0,0,52.89,2.78,0,0
00000000-0000-0000-345b-9fa64b4fce56,usr_00271,1786445831.9443765,40.94,10,1,restaurant,online,0.1,0.6,0.974,50.66,4.11,12203.3,0,0,64.49,1.27,0,0
00000000-0000-0000-6989-f96c70ae2ff1,usr_00402,1786445850.3465545,37.34,10,1,grocery,pos_contactless,0.05,0.1,0.681,1.72,20.94,34542.9,0,0,287.24,0.52,0,0
00000000-0000-0000-772a-0012a2b279b5,usr_00078,1786445882.9113874,62.5,10,1,restaurant,p2p,0.1,0.45,0.653,4.43,4.75,86400.0,0,0,0.0,1.3,0,0
00000000-0000-0000-66eb-658555989402,usr_00431,1786445900.0699584,32.44,10,1,electronics,pos_chip,0.65,0.05,0.838,6.35,1.89,2051.9,0,1,206.45,1.1,0,0
00000000-0000-0000-35aa-ec9d53a130ad,usr_00864,1786445922.2870355,9.05,10,1,utilities,pos_contactless,0.04,0.1,0.825,17.43,6.02,1920.3,0,1,62.06,0.44,0,0
00000000-0000-0000-3a38-eec8a8e8475f,usr_00305,1786445942.0674765,21.64,10,1,health,atm,0.08,0.25,0.851,1.55,2.05,35776.9,0,0,87.26,0.74,0,0
00000000-0000-0000-152d-b3467a1d2ba6,usr_00725,1786445945.608368,39.46,10,1,utilities,online,0.04,0.6,0.599,3.6,0.93,54222.9,0,0,235.85,0.5,0,0
00000000-0000-0000-10d7-aab6aa976710,usr_00153,1786445952.3475118,69.43,10,1,restaurant,p2p,0.1,0.45,0.653,3.62,5.5,86400.0,0,0,0.0,2.81,0,0
00000000-0000-0000-1deb-43f05c445a7f,usr_00493,1786445960.334348,46.49,10,1,utilities,pos_chip,0.04,0.05,0.829,2.73,4.6,19504.1,0,0,132.99,0.35,0,0
00000000-0000-0000-579d-72d3db9587c8,usr_00538,1786446095.7859294,4.21,11,1,electronics,pos_contactless,0.65,0.1,0.896,4.75,1.68,86400.0,0,0,0.0,0.53,0,0
00000000-0000-0000-3023-d5d7df0551d6,usr_00827,1786446098.5999084,25.97,11,1,restaurant,online,0.1,0.6,0.475,2.64,6.23,18602.3,0,0,63.04,0.82,0,0
00000000-0000-0000-1a16-68559190548d,usr_00657,1786446102.80715,49.63,11,1,restaurant,pos_contactless,0.1,0.1,0.702,8.65,1.42,27418.3,0,0,91.92,1.62,0,0
00000000-0000-0000-2ebf-94fc3261cbfa,usr_00462,1786446103.2566967,26.86,11,1,utilities,online,0.04,0.6,0.848,0.45,1.08,11455.6,0,0,50.87,1.58,0,0
00000000-0000-0000-2d77-a065fc0bb19a,usr_00113,1786446120.5361264,10.96,11,1,electronics,online,0.65,0.6,0.827,14.0,3.7,20781.4,0,0,64.61,0.68,0,0
00000000-0000-0000-25c4-a8bb3184d9dc,usr_00968,1786446155.8369167,118.93,11,1,restaurant,pos_chip,0.1,0.05,0.847,3.34,6.08,5429.6,0,0,176.9,2.02,0,0
00000000-0000-0000-04b3-7be6da0bcac6,usr_00223,1786446188.0657222,7.64,11,1,restaurant,pos_chip,0.1,0.05,0.683,9.83,0.06,26252.7,0,0,60.52,0.25,0,0
00000000-0000-0000-2276-e921f3d0b4d5,usr_00149,1786446207.6942449,18.0,11,1,restaurant,pos_contactless,0.1,0.1,0.95,0.21,0.91,4163.4,0,0,136.71,0.39,0,0
00000000-0000-0000-2a8b-68157a25f639,usr_00788,1786446227.9455976,31.43,11,1,utilities,online,0.04,0.6,0.686,7.81,2.22,4818.0,0,0,110.28,1.14,0,0
00000000-0000-0000-7bf9-4f1d7acd1cd0,usr_00958,1786446243.0365589,30.52,11,1,grocery,online,0.05,0.6,0.74,1.43,0.44,37222.7,0,0,18.57,1.64,0,0
00000000-0000-0000-4b69-efaba870ce9a,usr_00387,1786446261.4487858,63.43,11,1,utilities,online,0.04,0.6,0.827,11.03,5.8,47556.1,0,0,121.42,0.52,0,0
00000000-0000-0000-0157-bdf70e7a6e5a,usr_00927,1786446290.086855,57.11,11,1,restaurant,online,0.1,0.6,0.764,7.34,10.41,86400.0,0,0,0.0,1.35,0,0
00000000-0000-0000-3f6a-aef6b84f331e,usr_00100,1786446405.938867,12.74,11,1,restaurant,online,0.1,0.6,0.793,9.41,1.68,47233.1,0,0,65.63,0.39,0,0
00000000-0000-0000-2db5-8e718e0aa77b,usr_00930,1786446463.7963254,38.77,11,1,travel,pos_contactless,0.4,0.1,0.818,2.37,1.12,13063.9,0,0,141.83,1.09,0,0
00000000-0000-0000-6a44-b4fc8d3181f2,usr_00580,1786446507.1577423,10.72,11,1,grocery,online,0.05,0.6,0.649,16.63,2.4,14134.4,0,0,12.02,1.78,0,0
00000000-0000-0000-4be6-9eccfef25ba8,usr_00098,1786446566.1939714,95.07,11,1,restaurant,online,0.1,0.6,0.863,3.95,2.44,27073.2,0,0,117.89,1.61,0,0
00000000-0000-0000-7bbb-2686aab5acb0,usr_00382,1786446569.6620803,18.04,11,1,grocery,pos_chip,0.05,0.05,0.57,12.65,12.63,11032.7,0,0,26.33,1.37,0,0
00000000-0000-0000-0b47-8a124d0f1c46,usr_00338,1786446613.371222,112.13,11,1,health,pos_chip,0.08,0.05,0.833,19.04,1.72,23984.1,0,0,201.03,1.12,0,0
00000000-0000-0000-123e-eb89db5eec1e,usr_00333,1786446677.007776,42.25,11,1,travel,online,0.4,0.6,0.872,16.67,0.53,9179.9,0,0,15.89,2.66,0,0
00000000-0000-0000-63f2-62ff7311666f,usr_00771,1786446678.7975788,43.19,11,1,restaurant,pos_chip,0.1,0.05,0.941,2.57,10.13,14854.0,0,0,386.26,0.45,0,0
00000000-0000-0000-269f-cf6b660101bc,usr_00319,1786446688.3478363,16.4,11,1,electronics,pos_chip,0.65,0.05,0.645,29.14,12.61,24203.8,0,0,47.83,0.69,0,0
00000000-0000-0000-2ca7-5f1aceda763f,usr_00512,1786446723.6255102,26.56,11,1,utilities,pos_contactless,0.04,0.1,0.694,73.84,1.94,27768.4,0,0,156.16,0.85,0,0
00000000-0000-0000-4e7d-dd163dc6c76b,usr_00965,1786446731.2036896,25.39,11,1,utilities,online,0.04,0.6,0.878,23.75,1.56,17116.5,0,0,45.28,1.68,0,0
00000000-0000-0000-7197-6cf946242e67,usr_00805,1786446739.6302674,68.13,11,1,general_retail,online,0.15,0.6,0.62,21.55,4.4,35045.7,0,0,271.53,1.25,0,0
00000000-0000-0000-0a73-27de034a6aa9,usr_00429,1786446777.2263057,52.06,11,1,general_retail,p2p,0.15,0.45,0.897,21.47,11.81,2583.3,0,1,55.73,1.87,0,0
00000000-0000-0000-28f8-98d05de6c3e1,usr_00519,1786446813.81814,30.44,11,1,grocery,atm,0.05,0.25,0.843,12.05,4.2,9731.0,0,0,335.72,0.27,0,0
00000000-0000-0000-3518-5bd74d75f6a0,usr_00491,1786446816.6495502,42.02,11,1,health,pos_chip,0.08,0.05,0.871,36.29,11.67,14757.5,0,0,154.55,1.36,0,0
00000000-0000-0000-55b5-dea8de7b8acb,usr_00179,1786446828.7360775,41.15,11,1,grocery,online,0.05,0.6,0.913,2.32,3.73,65711.9,0,0,42.15,0.98,0,0
00000000-0000-0000-2eee-e52b3c61493f,usr_00583,1786446841.3342738,25.68,11,1,restaurant,pos_chip,0.1,0.05,0.82,0.19,1.3,10875.6,0,0,80.02,1.28,0,0
00000000-0000-0000-32ef-eada69197971,usr_00228,1786446845.0192688,33.75,11,1,grocery,online,0.05,0.6,0.679,2.87,10.09,19432.5,0,0,42.63,2.38,0,0
00000000-0000-0000-563c-3472f09a3e70,usr_00899,1786446853.0788286,10.3,11,1,restaurant,pos_contactless,0.1,0.1,0.775,1.0,1.23,35978.1,0,0,44.49,0.93,0,0
00000000-0000-0000-4f4f-e3772d84c6f2,usr_00895,1786446853.8986886,55.22,11,1,gaming,online,0.7,0.6,0.621,2.58,0.05,26202.1,0,0,180.29,0.61,0,0
00000000-0000-0000-24b0-473644fbd855,usr_00021,1786446862.1834702,9.67,11,1,general_retail,pos_contactless,0.15,0.1,0.524,2.6,7.17,6326.3,0,0,135.31,0.43,0,0
00000000-0000-0000-5412-073a1fd5f6ce,usr_00377,1786446876.8892784,15.5,11,1,gaming,pos_contactless,0.7,0.1,0.911,17.19,9.5,18207.5,0,0,23.37,0.66,0,0
00000000-0000-0000-3c86-cc36d8c1b477,usr_00224,1786446886.9948096,43.92,11,1,grocery,online,0.05,0.6,0.849,5.04,5.13,9819.3,0,0,26.0,1.69,0,0
00000000-0000-0000-433f-3db4a693f671,usr_00459,1786446924.9736583,25.34,11,1,grocery,pos_contactless,0.05,0.1,0.855,2.63,15.12,12432.3,0,0,181.92,0.56,0,0
00000000-0000-0000-5c77-97ab75004fdb,usr_00952,1786446963.7438903,45.93,11,1,gaming,pos_chip,0.7,0.05,0.776,1.06,5.6,6688.7,0,0,243.0,0.76,0,0
00000000-0000-0000-0ac4-a62924792a96,usr_00806,1786446984.4291093,35.96,11,1,grocery,pos_chip,0.05,0.05,0.775,5.72,5.11,15415.0,0,0,161.55,0.89,0,0
00000000-0000-0000-58e6-3a80cb805086,usr_00608,1786446993.5155401,10.72,11,1,grocery,online,0.05,0.6,0.873,10.56,6.05,13406.0,0,0,38.66,0.83,0,0
00000000-0000-0000-092b-7449db553e5a,usr_00853,1786446994.5799406,30.13,11,1,grocery,pos_contactless,0.05,0.1,0.576,16.28,4.93,6596.4,0,0,201.96,0.75,0,0
00000000-0000-0000-5d34-6758718dd821,usr_00524,1786446998.1926692,43.51,11,1,grocery,online,0.05,0.6,0.884,7.07,1.19,26744.3,0,0,262.91,0.5,1,0
00000000-0000-0000-6263-a19da7299b37,usr_00333,1786447035.1734743,29.4,11,1,grocery,pos_contactless,0.05,0.1,0.889,2.46,4.33,358.2,0,1,58.14,1.01,0,0
00000000-0000-0000-6521-dbc1d7032b18,usr_00574,1786447037.1485758,21.61,11,1,electronics,pos_contactless,0.65,0.1,0.579,0.27,2.86,12222.7,0,0,100.93,0.86,0,0
00000000-0000-0000-5fc5-99eee087e5f6,usr_00137,1786447038.1967309,56.97,11,1,general_retail,pos_contactless,0.15,0.1,0.882,7.23,4.45,8667.3,0,0,327.09,0.7,0,0
00000000-0000-0000-22fa-3aca13342d32,usr_00587,1786447050.6510468,6.67,11,1,utilities,p2p,0.04,0.45,0.726,0.57,1.48,7646.6,0,0,259.42,0.1,0,0
00000000-0000-0000-563d-ed747ee9f952,usr_00109,1786447096.903437,15.06,11,1,crypto,pos_contactless,0.9,0.1,0.712,21.01,7.2,35273.9,0,0,57.03,0.79,0,0
00000000-0000-0000-38df-ec6ada5572e7,usr_00579,1786447125.217731,49.58,11,1,restaurant,pos_chip,0.1,0.05,0.735,0.6,2.3,86400.0,0,0,0.0,1.2,0,0
00000000-0000-0000-6864-bdeabaef45d7,usr_00889,1786447168.5500243,9.57,11,1,restaurant,pos_contactless,0.1,0.1,0.815,0.96,1.18,10523.1,0,0,59.03,0.49,0,0
00000000-0000-0000-1144-d880f2aa9b9a,usr_00022,1786447179.4613864,26.43,11,1,general_retail,pos_chip,0.15,0.05,0.924,11.58,3.94,6414.5,0,0,258.43,0.41,0,0
00000000-0000-0000-1473-ef8a85e0275d,usr_00549,1786447195.6800814,76.65,11,1,health,pos_contactless,0.08,0.1,0.973,11.77,7.83,38212.5,0,0,84.3,0.91,0,0
00000000-0000-0000-1d9b-b3de84bea2b1,usr_00612,1786447209.000411,9.11,11,1,gaming,online,0.7,0.6,0.678,23.45,0.11,10326.0,0,0,27.79,0.66,0,0
00000000-0000-0000-0961-14f38f880d9e,usr_00379,1786447238.3501377,29.33,11,1,health,pos_contactless,0.08,0.1,0.968,10.83,7.11,16177.1,0,0,98.86,1.19,0,0
00000000-0000-0000-4ad7-30aeddd5f492,usr_00678,1786447251.7426248,52.98,11,1,health,online,0.08,0.6,0.89,28.32,0.31,86400.0,0,0,0.0,1.27,0,0
00000000-0000-0000-54ce-3ad0f6f12b82,usr_00404,1786447284.0308008,13.65,11,1,travel,online,0.4,0.6,0.753,2.31,8.48,2733.9,0,1,141.47,0.19,0,0
00000000-0000-0000-32f1-1f2c7caba66e,usr_00917,1786447296.1331682,28.9,11,1,travel,pos_contactless,0.4,0.1,0.899,9.4,11.6,37039.4,0,0,45.29,0.64,0,0
00000000-0000-0000-5a7f-0330b13abb85,usr_00713,1786447306.4071457,28.65,11,1,general_retail,atm,0.15,0.25,0.781,6.3,0.72,39969.7,0,0,32.72,0.88,0,0
00000000-0000-0000-51b2-6ee3f228e125,usr_00491,1786447325.0685544,73.74,11,1,utilities,pos_contactless,0.04,0.1,0.74,19.4,0.99,508.4,0,1,196.57,2.25,0,0
00000000-0000-0000-45fb-ee6e8e15b869,usr_00265,1786447331.1792996,89.2,11,1,travel,pos_contactless,0.4,0.1,0.848,2.41,2.9,7004.6,0,0,105.22,0.85,0,0
00000000-0000-0000-755f-2c629edb3a20,usr_00696,1786447514.0241199,7.73,11,1,grocery,pos_contactless,0.05,0.1,0.641,3.51,6.19,11384.3,0,0,25.46,0.61,0,0
00000000-0000-0000-4a7b-31e2586d03ae,usr_00664,1786447531.658034,34.39,11,1,restaurant,pos_contactless,0.1,0.1,0.845,25.36,0.29,16005.7,0,0,175.34,0.78,0,0
00000000-0000-0000-5ebb-37708040cc43,usr_00953,1786447551.8164406,23.84,11,1,grocery,pos_contactless,0.05,0.1,0.842,6.52,8.46,4893.6,0,0,122.22,1.17,0,0
00000000-0000-0000-6d5a-21816de84548,usr_00432,1786447571.3855677,40.8,11,1,travel,online,0.4,0.6,0.87,7.11,21.34,2158.7,0,1,58.87,2.08,0,0
00000000-0000-0000-47c3-0ee2dfc6306a,usr_00747,1786447572.0486841,21.89,11,1,general_retail,atm,0.15,0.25,0.786,29.88,1.06,16687.3,0,0,123.67,0.35,0,0
00000000-0000-0000-7bfc-150aaa6ae60d,usr_00372,1786447593.6786406,80.96,11,1,grocery,online,0.05,0.6,0.694,5.96,0.36,16643.3,0,0,50.73,1.6,0,0
00000000-0000-0000-2ebe-123272708237,usr_00605,1786447627.3027809,44.75,11,1,utilities,online,0.04,0.6,0.86,13.76,6.22,1897.8,0,1,163.77,0.82,0,0
00000000-0000-0000-507c-250a34b6e591,usr_00544,1786447645.2154822,16.66,11,1,restaurant,pos_contactless,0.1,0.1,0.936,29.79,0.95,13141.7,0,0,92.39,0.54,0,0
00000000-0000-0000-1e6b-4b310bc3ac57,usr_00073,1786447666.7353535,30.3,11,1,utilities,pos_contactless,0.04,0.1,0.97,2.42,10.13,14441.5,0,0,92.25,0.99,0,0
00000000-0000-0000-5165-bc3773f109de,usr_00684,1786447684.9133656,21.08,11,1,jewelry,pos_contactless,0.8,0.1,0.836,15.94,20.7,7477.9,0,0,131.0,0.64,0,0
00000000-0000-0000-124a-dcf8eb4e78e6,usr_00950,1786447722.8542724,13.1,11,1,gaming,pos_contactless,0.7,0.1,0.965,51.83,4.43,66025.9,0,0,6.54,2.0,0,0
00000000-0000-0000-3e8c-b93572d78932,usr_00503,1786447734.5375307,19.2,11,1,grocery,p2p,0.05,0.45,0.762,25.19,7.17,86400.0,0,0,0.0,1.43,0,0
00000000-0000-0000-6fe3-c22e71bf1f43,usr_00950,1786447743.405338,11.47,11,1,gaming,pos_chip,0.7,0.05,0.657,5.52,1.57,20.6,1,1,19.64,1.17,0,0
00000000-0000-0000-18c4-79d93b9ed8de,usr_00731,1786447757.8513916,34.25,11,1,utilities,online,0.04,0.6,0.773,10.37,13.62,86400.0,0,0,0.0,1.0,0,0
00000000-0000-0000-78f9-a3101fb97bc2,usr_00411,1786447776.6155086,6.76,11,1,restaurant,atm,0.1,0.25,0.893,20.15,8.91,3547.4,0,1,16.27,0.42,0,0
00000000-0000-0000-48d3-32309beb077a,usr_00341,1786447791.7208498,60.13,11,1,electronics,online,0.65,0.6,0.87,0.29,0.78,16803.8,0,0,140.28,1.29,0,0
00000000-0000-0000-1dc3-7a730bf75f5b,usr_00823,1786447807.5826418,13.42,11,1,electronics,pos_chip,0.65,0.05,0.783,1.55,0.48,42740.2,0,0,28.81,0.47,0,0
00000000-0000-0000-5346-699486859991,usr_00255,1786447829.2201543,50.71,11,1,restaurant,online,0.1,0.6,0.864,10.5,1.69,32143.0,0,0,137.26,1.11,0,0
00000000-0000-0000-7735-a76ca83cd6d4,usr_00514,1786447829.8614779,43.88,11,1,grocery,pos_contactless,0.05,0.1,0.785,10.06,4.77,46165.3,0,0,18.21,2.41,0,0
00000000-0000-0000-7e9f-81e05e59de31,usr_00532,1786447923.9776769,85.79,11,1,grocery,online,0.05,0.6,0.84,5.87,0.44,86400.0,0,0,0.0,3.39,0,0
00000000-0000-0000-0a18-a528fbb33335,usr_00478,1786447939.1374319,17.82,11,1,restaurant,pos_contactless,0.1,0.1,0.921,4.02,1.1,23000.3,0,0,68.22,0.26,0,0
00000000-0000-0000-1d08-7d631efa89c2,usr_00356,1786447958.6356437,40.33,11,1,grocery,pos_chip,0.05,0.05,0.963,1.38,10.36,11942.2,0,0,86.82,1.39,0,0
00000000-0000-0000-48fc-83133eedb250,usr_00779,1786447997.107399,13.06,11,1,grocery,online,0.05,0.6,0.967,2.22,3.43,8514.3,0,0,56.11,0.93,0,0
00000000-0000-0000-7c5b-27ea5198c399,usr_00907,1786448011.5570648,6.63,11,1,grocery,atm,0.05,0.25,0.967,67.78,10.52,54326.6,0,0,10.35,0.64,0,0
00000000-0000-0000-5e19-bf51971e0365,usr_00773,1786448036.9517674,72.18,11,1,grocery,online,0.05,0.6,0.893,19.19,4.43,58617.5,0,0,432.83,0.33,0,0
00000000-0000-0000-0e7d-ab321549ba2d,usr_00630,1786448123.473035,91.13,11,1,utilities,online,0.04,0.6,0.897,0.23,1.46,41817.7,0,0,221.27,0.82,0,0
00000000-0000-0000-159b-9af503a5b870,usr_00434,1786448144.5421576,111.72,11,1,grocery,pos_chip,0.05,0.05,0.878,10.21,3.4,33682.1,0,0,273.26,1.64,0,0
00000000-0000-0000-6e75-ff6feb6b2094,usr_00441,1786448187.7239962,52.51,11,1,restaurant,pos_contactless,0.1,0.1,0.733,11.95,11.1,42280.0,0,0,89.95,1.75,0,0
00000000-0000-0000-7281-0c44ffde8ced,usr_00792,1786448217.4040143,36.61,11,1,grocery,online,0.05,0.6,0.722,0.9,1.52,30609.8,0,0,39.0,0.94,1,0
00000000-0000-0000-0369-b498f07dd6f9,usr_00846,1786448232.205887,421.56,11,1,utilities,pos_chip,0.04,0.05,0.978,9.07,3.64,8493.2,0,0,1152.77,1.83,0,0
00000000-0000-0000-3e7d-8685c09d2d92,usr_00156,1786448249.2920396,53.84,11,1,grocery,pos_chip,0.05,0.05,0.887,5.83,6.2,7906.9,0,0,190.11,1.42,0,0
00000000-0000-0000-28b7-edabf9e2f4f2,usr_00945,1786448254.276777,31.22,11,1,restaurant,online,0.1,0.6,0.917,0.04,1.56,43112.1,0,0,28.37,1.1,0,0
00000000-0000-0000-2b0a-e6c38ea92a4d,usr_00636,1786448274.9050663,50.56,11,1,health,online,0.08,0.6,0.87,12.59,2.56,4573.1,0,0,159.2,1.59,0,0
00000000-0000-0000-0902-8642825692c9,usr_00444,1786448290.4505227,21.88,11,1,grocery,online,0.05,0.6,0.802,1.03,15.35,6508.3,0,0,145.25,0.9,0,0
00000000-0000-0000-2f28-9f2dfce7df90,usr_00278,1786448303.2218435,76.41,11,1,grocery,online,0.05,0.6,0.662,26.87,6.65,20775.4,0,0,331.08,0.92,0,0
00000000-0000-0000-7369-f8aad4db62dd,usr_00641,1786448308.3652067,53.09,11,1,general_retail,pos_contactless,0.15,0.1,0.826,1.49,2.11,4881.7,0,0,643.23,0.58,0,0
00000000-0000-0000-580e-da3f869fbaed,usr_00600,1786448324.420073,39.95,11,1,health,pos_chip,0.08,0.05,0.693,15.67,0.68,35723.1,0,0,1476.56,0.03,0,0
00000000-0000-0000-7d06-ba961cc564ce,usr_00346,1786448381.1975553,16.48,11,1,gaming,p2p,0.7,0.45,0.868,0.35,10.96,3256.2,0,1,66.94,0.98,0,0
00000000-0000-0000-44d9-7f2c4a2748f2,usr_00436,1786448386.1951704,28.47,11,1,restaurant,online,0.1,0.6,0.684,4.18,2.13,17265.1,0,0,30.59,0.93,0,0
00000000-0000-0000-1185-20a35f7fa478,usr_00482,1786448404.664574,19.66,11,1,restaurant,pos_contactless,0.1,0.1,0.759,7.67,10.68,59321.3,0,0,31.45,0.63,0,0
00000000-0000-0000-4dc5-e4d468bad3a2,usr_00301,1786448412.1800883,16.49,11,1,health,online,0.08,0.6,0.926,8.96,2.2,58937.7,0,0,11.34,1.45,0,0
00000000-0000-0000-6ac1-12a4685f0b97,usr_00547,1786448421.8241613,25.2,11,1,travel,online,0.4,0.6,0.63,1.56,1.26,5834.1,0,0,70.81,1.42,0,0
00000000-0000-0000-693a-56a32d0b8360,usr_00867,1786448422.653167,23.34,11,1,grocery,online,0.05,0.6,0.871,4.8,8.21,7456.7,0,0,149.81,0.78,0,0
00000000-0000-0000-2a41-c0b2b82c8487,usr_00278,1786448472.86192,52.04,11,1,health,online,0.08,0.6,0.879,22.94,9.75,169.6,1,1,407.49,0.64,0,0
00000000-0000-0000-6a6e-25994e47ca68,usr_00139,1786448475.9243748,275.01,11,1,electronics,pos_chip,0.65,0.05,0.826,13.86,6.71,18539.7,0,0,690.91,1.19,0,0
00000000-0000-0000-4ebf-729d9880766a,usr_00809,1786448494.367517,19.63,11,1,health,online,0.08,0.6,0.921,31.88,1.74,39982.7,0,0,38.41,0.51,0,0
00000000-0000-0000-2a4e-0f2300e89b58,usr_00985,1786448513.4797854,14.48,11,1,health,online,0.08,0.6,0.89,13.65,0.53,27821.9,0,0,87.28,0.33,0,0
00000000-0000-0000-2833-00990406daca,usr_00172,1786448537.9173577,9.08,11,1,utilities,pos_contactless,0.04,0.1,0.876,0.61,0.14,5001.4,0,0,71.08,0.38,0,0
00000000-0000-0000-64ea-e19fcb1dca27,usr_00870,1786448542.4175382,21.64,11,1,utilities,pos_chip,0.04,0.05,0.717,9.38,2.67,12836.5,0,0,164.87,0.39,0,0
00000000-0000-0000-1f65-edab175cd992,usr_00840,1786448581.266831,127.32,11,1,jewelry,online,0.8,0.6,0.967,21.98,2.06,37181.0,0,0,251.57,1.52,0,0
00000000-0000-0000-0aa6-1e2723ffa311,usr_00903,1786448592.4828846,53.22,11,1,utilities,pos_chip,0.04,0.05,0.947,30.66,6.4,6836.0,0,0,217.63,0.49,0,0
00000000-0000-0000-1534-6d1039f83249,usr_00134,1786448606.8271585,24.89,11,1,general_retail,pos_chip,0.15,0.05,0.691,9.94,1.88,23211.2,0,0,24.92,1.0,0,0
00000000-0000-0000-6914-d8a9ca65ae49,usr_00967,1786448610.7286756,18.58,11,1,health,online,0.08,0.6,0.893,30.39,0.36,53067.2,0,0,143.21,0.52,0,0
00000000-0000-0000-317a-a41a5d6b8e84,usr_00843,1786448615.9312007,22.47,11,1,health,atm,0.08,0.25,0.826,9.16,2.42,33657.6,0,0,98.36,0.69,0,0
00000000-0000-0000-4374-062952602266,usr_00336,1786448617.3404977,30.03,11,1,utilities,atm,0.04,0.25,0.71,1.44,2.17,25812.8,0,0,132.58,1.13,0,0
00000000-0000-0000-1ce3-6d0b75fe7b42,usr_00880,1786448617.4019318,23.95,11,1,general_retail,p2p,0.15,0.45,0.907,7.96,6.37,29221.8,0,0,84.72,0.85,0,0
00000000-0000-0000-3e71-dead0ed94d55,usr_00610,1786448666.9846241,14.87,11,1,crypto,online,0.9,0.6,0.697,26.21,0.81,5603.5,0,0,36.82,1.21,0,0
00000000-0000-0000-4621-eb9fde308088,usr_00324,1786448667.8127236,69.14,11,1,electronics,pos_contactless,0.65,0.1,0.879,1.29,15.05,18432.6,0,0,105.62,0.65,0,0
00000000-0000-0000-35d9-47d782be8696,usr_00170,1786448682.7870488,17.13,11,1,grocery,pos_chip,0.05,0.05,0.93,11.54,27.81,86400.0,0,0,0.0,0.77,0,0
00000000-0000-0000-02ef-b993e00bedcd,usr_00830,1786448742.320603,20.47,11,1,electronics,online,0.65,0.6,0.718,12.74,11.12,24964.2,0,0,30.94,0.66,0,0
00000000-0000-0000-3794-87731d9ca8e2,usr_00056,1786448758.311513,33.13,11,1,grocery,online,0.05,0.6,0.941,12.98,12.4,6198.1,0,0,39.62,0.84,0,0
00000000-0000-0000-1dff-570fe3f17d53,usr_00218,1786448762.101778,25.62,11,1,restaurant,online,0.1,0.6,0.681,5.14,4.05,4145.2,0,0,1164.77,0.11,0,0
00000000-0000-0000-2a48-800b05b00e85,usr_00457,1786448823.7998242,6.52,11,1,grocery,atm,0.05,0.25,0.701,8.81,0.54,17669.6,0,0,127.24,0.26,0,0
00000000-0000-0000-7e2a-d2f3aadf0c6e,usr_00448,1786448855.3609576,66.22,11,1,grocery,online,0.05,0.6,0.799,31.31,5.72,47375.1,0,0,78.5,0.84,0,0
00000000-0000-0000-0a80-ff8129e7569e,usr_00253,1786448855.836134,8.02,11,1,restaurant,online,0.1,0.6,0.814,11.39,2.8,11558.0,0,0,9.98,0.8,0,0
00000000-0000-0000-1c71-0195df1fa32d,usr_00592,1786448893.7371726,36.18,11,1,health,pos_chip,0.08,0.05,0.905,16.17,2.91,20500.9,0,0,738.18,0.25,0,0
00000000-0000-0000-62c4-1d52e0314617,usr_00938,1786448924.1229513,35.62,11,1,utilities,online,0.04,0.6,0.619,11.57,22.2,11094.4,0,0,236.87,0.6,0,0
00000000-0000-0000-1e25-332b7accdca0,usr_00992,1786448969.7251172,150.37,11,1,restaurant,pos_contactless,0.1,0.1,0.916,1.06,2.9,20487.2,0,0,339.28,0.89,0,0
00000000-0000-0000-474a-dd1a9ff38c4f,usr_00324,1786448996.1089728,147.7,11,1,restaurant,online,0.1,0.6,0.777,17.08,2.86,328.3,0,1,174.76,1.69,0,0
00000000-0000-0000-705c-b4fa282ba9ca,usr_00394,1786449001.8376338,34.58,11,1,gaming,online,0.7,0.6,0.865,11.62,5.92,22292.0,0,0,245.01,0.56,0,0
00000000-0000-0000-0853-22b858df164f,usr_00497,1786449028.7146134,10.29,11,1,jewelry,online,0.8,0.6,0.873,11.21,1.82,6003.5,0,0,154.02,0.27,0,0
00000000-0000-0000-7b69-e4850dd297c2,usr_00176,1786449060.0620804,109.92,11,1,health,online,0.08,0.6,0.715,3.57,0.68,42123.4,0,0,66.34,1.66,0,0
00000000-0000-0000-2980-9cb88d6d5b99,usr_00677,1786449100.6911612,53.92,11,1,grocery,online,0.05,0.6,0.738,7.01,2.58,8988.2,0,0,134.08,2.01,1,0
00000000-0000-0000-370d-d350a860dcfe,usr_00934,1786449113.3311706,29.58,11,1,grocery,p2p,0.05,0.45,0.752,18.81,4.12,53156.7,0,0,37.33,0.79,0,0
00000000-0000-0000-2ec1-0cfcb7c8325f,usr_00954,1786449127.7251518,12.57,11,1,travel,pos_chip,0.4,0.05,0.889,0.48,15.57,6225.3,0,0,62.52,0.6,0,0
00000000-0000-0000-228f-1d7dca23da25,usr_00331,1786449146.6277106,75.25,11,1,general_retail,pos_chip,0.15,0.05,0.775,4.06,5.74,8331.9,0,0,240.47,1.25,0,0
00000000-0000-0000-7555-18ce583270b8,usr_00326,1786449163.7124999,11.07,11,1,grocery,pos_chip,0.05,0.05,0.932,1.39,2.63,36350.2,0,0,27.39,0.81,0,0
00000000-0000-0000-3581-e359fd984af5,usr_00801,1786449178.1782544,14.46,11,1,jewelry,p2p,0.8,0.45,0.876,3.17,1.59,4457.5,0,0,96.22,0.6,0,0
00000000-0000-0000-12cb-2d1171fae203,usr_00331,1786449186.391,54.2,11,1,grocery,atm,0.05,0.25,0.922,3.84,6.22,39.8,1,1,315.72,0.86,0,0
00000000-0000-0000-1932-53c9704b337d,usr_00966,1786449190.6021974,37.25,11,1,crypto,pos_chip,0.9,0.05,0.957,8.54,8.82,12811.8,0,0,101.98,1.46,0,0
00000000-0000-0000-5373-9ee4fd4cec7e,usr_00605,1786449217.2971115,65.86,11,1,utilities,online,0.04,0.6,0.842,1.9,2.4,1590.0,0,2,208.52,1.26,0,0
00000000-0000-0000-2693-e881a9cb1c7d,usr_00858,1786449255.6148968,18.51,11,1,grocery,p2p,0.05,0.45,0.846,2.13,4.78,23432.0,0,0,6.3,2.94,0,0
00000000-0000-0000-210d-7989a92e71c4,usr_00054,1786449273.6815825,28.91,11,1,grocery,online,0.05,0.6,0.773,32.13,0.44,11761.8,0,0,64.6,1.34,0,0
00000000-0000-0000-406e-17b645e9d5d7,usr_00227,1786449290.394635,179.86,11,1,grocery,online,0.05,0.6,0.73,29.29,7.71,28171.5,0,0,153.44,1.17,1,0
00000000-0000-0000-5ff4-9b8b06010140,usr_00600,1786449358.6487594,92.08,11,1,general_retail,pos_chip,0.15,0.05,0.776,4.05,2.89,1034.2,0,1,1516.51,0.12,0,0
00000000-0000-0000-0454-93e055833a25,usr_00024,1786449388.1983123,17.02,11,1,gaming,online,0.7,0.6,0.834,1.89,3.74,6082.4,0,0,43.75,0.78,0,0
00000000-0000-0000-6b25-a09657942ef7,usr_00569,1786449403.8536637,24.7,11,1,utilities,pos_contactless,0.04,0.1,0.763,40.09,3.57,15167.0,0,0,82.74,0.6,0,0
00000000-0000-0000-05e1-d737efe0ca0d,usr_00916,1786449416.9902956,90.96,11,1,travel,online,0.4,0.6,0.828,22.48,0.42,18032.0,0,0,256.21,1.42,0,0
00000000-0000-0000-18ca-7e17cff0800c,usr_00418,1786449428.6996348,31.79,11,1,electronics,pos_contactless,0.65,0.1,0.817,10.75,2.3,10405.3,0,0,43.89,1.45,0,0
00000000-0000-0000-7fcd-34392c7a7d6a,usr_00925,1786449449.8915136,101.27,11,1,crypto,pos_contactless,0.9,0.1,0.71,1.22,1.72,86400.0,0,0,0.0,0.99,0,0
00000000-0000-0000-3594-ee1027fe1545,usr_00895,1786449471.0761495,113.89,11,1,general_retail,pos_chip,0.15,0.05,0.661,46.43,3.41,2617.2,0,1,235.51,1.45,0,0
00000000-0000-0000-4064-994bc44f8ffa,usr_00256,1786449510.5725799,13.45,11,1,restaurant,pos_chip,0.1,0.05,0.861,24.99,3.0,11567.6,0,0,136.71,0.2,0,0
00000000-0000-0000-1754-dd5b5873122c,usr_00879,1786449516.5511026,44.07,11,1,travel,online,0.4,0.6,0.763,49.51,14.24,57871.6,0,0,60.9,0.72,0,0
00000000-0000-0000-7308-2b94b42736d7,usr_00648,1786449556.974295,49.75,11,1,general_retail,online,0.15,0.6,0.867,57.87,0.77,31694.6,0,0,204.5,1.22,0,0
00000000-0000-0000-1706-dc1bbd7b72a8,usr_00269,1786449585.4418006,45.26,11,1,grocery,pos_chip,0.05,0.05,0.97,11.97,3.48,51611.6,0,0,35.39,2.56,0,0
00000000-0000-0000-2380-da9719c1d4e1,usr_00063,1786449595.9449625,37.01,11,1,travel,p2p,0.4,0.45,0.777,2.03,15.1,35890.2,0,0,149.31,0.74,0,0
00000000-0000-0000-0c34-57730b90fa0b,usr_00150,1786449603.2244024,29.97,12,1,grocery,pos_chip,0.05,0.05,0.759,3.22,1.29,8152.1,0,0,24.44,1.23,0,0
00000000-0000-0000-64b6-94d2ba8906af,usr_00580,1786449631.4293082,5.44,12,1,grocery,online,0.05,0.6,0.952,6.62,17.71,3124.3,0,1,22.74,0.72,0,0
00000000-0000-0000-7fc9-58d03328e6fa,usr_00539,1786449649.5416174,19.76,12,1,utilities,pos_chip,0.04,0.05,0.619,1.07,24.44,36062.2,0,0,18.29,1.08,0,0
00000000-0000-0000-3c0f-b95e1da4a93c,usr_00720,1786449653.714128,25.64,12,1,grocery,online,0.05,0.6,0.797,4.2,2.49,63431.4,0,0,36.04,0.71,0,0
00000000-0000-0000-307a-bce1c487fde6,usr_00115,1786449668.379006,55.26,12,1,general_retail,pos_chip,0.15,0.05,0.624,2.86,3.57,12377.9,0,0,127.64,1.3,0,0
00000000-0000-0000-771f-a00a79010ee5,usr_00273,1786449698.9163148,132.24,12,1,health,online,0.08,0.6,0.82,3.17,0.08,6825.1,0,0,561.21,0.94,0,0
00000000-0000-0000-3eaf-ca24a044b6e1,usr_00991,1786449728.809463,122.44,12,1,electronics,online,0.65,0.6,0.92,3.82,2.05,12248.4,0,0,240.56,1.53,0,0
00000000-0000-0000-6a5a-9e11f1601ad6,usr_00190,1786449749.6910248,56.1,12,1,grocery,online,0.05,0.6,0.777,26.67,2.31,38080.8,0,0,163.12,0.69,0,0
00000000-0000-0000-5b52-acf4ed38086f,usr_00832,1786449779.0449002,25.67,12,1,general_retail,atm,0.15,0.25,0.803,18.23,4.76,20679.9,0,0,30.39,0.84,0,0
00000000-0000-0000-485a-68687692614c,usr_00378,1786449802.3039157,71.8,12,1,electronics,atm,0.65,0.25,0.716,1.24,7.67,54436.4,0,0,349.6,0.62,0,0
00000000-0000-0000-3243-93739782ad03,usr_00733,1786449823.0890043,26.96,12,1,restaurant,p2p,0.1,0.45,0.724,5.45,1.65,17086.9,0,0,205.75,0.66,0,0
00000000-0000-0000-1abb-94fc4ccc2b4b,usr_00966,1786449830.9777029,21.7,12,1,gaming,online,0.7,0.6,0.658,17.23,9.0,640.4,0,1,139.23,0.78,0,0
00000000-0000-0000-3dbc-a25eb1fc2ef0,usr_00801,1786449862.4901595,30.37,12,1,grocery,online,0.05,0.6,0.832,122.45,13.61,684.3,0,1,110.68,1.37,0,0
00000000-0000-0000-6c72-979b02a60c6e,usr_00074,1786449879.9979727,39.47,12,1,grocery,pos_contactless,0.05,0.1,0.632,2.56,5.55,4172.8,0,0,261.18,1.06,0,0
00000000-0000-0000-7899-6a5d7a129f44,usr_00062,1786449916.717004,17.78,12,1,utilities,p2p,0.04,0.45,0.894,11.28,2.35,57918.5,0,0,23.18,0.77,0,0
00000000-0000-0000-33f0-6841eefd866f,usr_00271,1786449945.067487,86.28,12,1,restaurant,online,0.1,0.6,0.609,1.81,0.02,4113.1,0,0,105.43,2.46,0,0
00000000-0000-0000-5e1a-aff82f9fdc23,usr_00567,1786449945.9807236,27.97,12,1,restaurant,online,0.1,0.6,0.695,1.74,9.34,11652.8,0,0,54.64,1.54,0,0
00000000-0000-0000-5dfe-869a103cf43d,usr_00005,1786449960.7185247,15.96,12,1,restaurant,online,0.1,0.6,0.862,26.95,1.99,10591.0,0,0,29.81,1.07,0,0
00000000-0000-0000-7c9f-75928a6941ce,usr_00484,1786449971.973378,26.47,12,1,restaurant,p2p,0.1,0.45,0.807,16.8,1.22,19812.2,0,0,122.33,0.65,0,0
00000000-0000-0000-1223-12fcb0e46082,usr_00495,1786449980.0198877,72.25,12,1,restaurant,pos_chip,0.1,0.05,0.752,9.33,7.05,5500.6,0,0,385.95,0.75,0,0
00000000-0000-0000-1e9c-c99f26ef567b,usr_00882,1786450001.2237751,6.44,12,1,restaurant,pos_contactless,0.1,0.1,0.955,16.56,6.89,8284.1,0,0,16.82,0.77,0,0
00000000-0000-0000-65a0-608aae28afc3,usr_00952,1786450008.3317277,72.72,12,1,travel,p2p,0.4,0.45,0.683,17.58,4.84,3044.6,0,1,288.93,1.26,0,0
00000000-0000-0000-7510-e995d0343a30,usr_00305,1786450012.4933054,6.67,12,1,health,p2p,0.08,0.45,0.946,21.62,2.33,4070.4,0,0,108.9,0.24,0,0
00000000-0000-0000-0bb8-8174677cbb0e,usr_00915,1786450016.7364519,96.22,12,1,grocery,pos_chip,0.05,0.05,0.813,3.68,5.97,28700.6,0,0,623.61,0.46,0,0
00000000-0000-0000-1256-1b84e8d99a72,usr_00340,1786450021.6413379,11.18,12,1,jewelry,pos_chip,0.8,0.05,0.909,6.11,7.4,55063.2,0,0,32.12,0.7,0,0
00000000-0000-0000-70a8-0205a0f9c34e,usr_00631,1786450042.005168,61.95,12,1,electronics,atm,0.65,0.25,0.899,1.42,3.46,43605.2,0,0,48.58,1.28,0,0
00000000-0000-0000-082f-3c6ad7d61cfd,usr_00382,1786450110.138073,12.94,12,1,utilities,pos_chip,0.04,0.05,0.802,8.38,3.79,3540.5,0,1,44.37,0.87,0,0
00000000-0000-0000-5790-896e4a29bb83,usr_00007,1786450119.804285,17.0,12,1,restaurant,pos_contactless,0.1,0.1,0.613,1.31,2.92,11948.3,0,0,23.61,0.72,0,0
00000000-0000-0000-5862-94c387f2e059,usr_00896,1786450162.1542542,22.63,12,1,grocery,pos_contactless,0.05,0.1,0.846,4.61,33.36,86400.0,0,0,0.0,1.03,0,0
00000000-0000-0000-01d1-1bb5d03a46d3,usr_00071,1786450167.0234432,27.35,12,1,utilities,online,0.04,0.6,0.623,10.97,6.7,31863.4,0,0,55.71,1.47,0,0
00000000-0000-0000-4c3a-69ea1dda5efa,usr_00045,1786450177.2306473,46.71,12,1,utilities,pos_contactless,0.04,0.1,0.779,5.56,6.19,86400.0,0,0,0.0,1.24,0,0
00000000-0000-0000-3498-353ad9a0dea7,usr_00304,1786450219.2937071,18.09,12,1,utilities,online,0.04,0.6,0.936,4.23,11.8,24597.6,0,0,97.79,0.55,0,0
00000000-0000-0000-0b08-5eba72af435c,usr_00616,1786450248.6389766,37.48,12,1,utilities,online,0.04,0.6,0.932,13.47,6.34,22395.8,0,0,409.16,0.64,0,0
00000000-0000-0000-445b-f1a721edc908,usr_00794,1786450278.6708927,35.5,12,1,travel,pos_chip,0.4,0.05,0.868,11.96,21.2,37881.6,0,0,20.85,3.41,0,0
00000000-0000-0000-7c03-96b519e50376,usr_00143,1786450315.2170124,17.31,12,1,grocery,pos_contactless,0.05,0.1,0.849,10.51,0.83,47709.2,0,0,79.28,0.44,0,0
00000000-0000-0000-22a0-03321ddf6592,usr_00488,1786450384.7630625,17.98,12,1,restaurant,pos_chip,0.1,0.05,0.709,13.06,7.93,13666.4,0,0,34.06,1.06,0,0
00000000-0000-0000-3711-b96288943778,usr_00948,1786450411.5848172,62.92,12,1,grocery,pos_chip,0.05,0.05,0.945,12.18,6.03,10583.4,0,0,71.46,0.88,0,0
00000000-0000-0000-3b33-2a83baa3a3b3,usr_00643,1786450415.198063,45.23,12,1,health,p2p,0.08,0.45,0.844,0.44,16.02,86400.0,0,0,0.0,1.23,0,0
00000000-0000-0000-7e30-e220f82d19f0,usr_00211,1786450453.5391653,22.05,12,1,utilities,pos_chip,0.04,0.05,0.941,8.28,2.86,25077.5,0,0,44.63,1.48,0,0
00000000-0000-0000-0ffc-81bb0b94bb9b,usr_00850,1786450488.0733955,84.14,12,1,electronics,pos_contactless,0.65,0.1,0.698,1.56,8.28,14982.8,0,0,104.5,3.22,0,0
00000000-0000-0000-7053-eb9748691aec,usr_00954,1786450528.211151,18.15,12,1,grocery,online,0.05,0.6,0.66,10.38,0.16,1400.5,0,1,75.09,0.97,0,0
00000000-0000-0000-6d15-ebf6cb3fa0b5,usr_00062,1786450536.92109,69.68,12,1,utilities,online,0.04,0.6,0.879,30.37,3.98,620.2,0,1,40.96,3.4,0,0
00000000-0000-0000-1fb1-10511ca0ad8a,usr_00386,1786450556.2186828,15.74,12,1,general_retail,pos_contactless,0.15,0.1,0.761,1.19,1.36,9007.1,0,0,76.14,0.41,0,0
00000000-0000-0000-5250-a4f7aaa9206d,usr_00384,1786450558.06292,7.48,12,1,general_retail,online,0.15,0.6,0.758,8.67,0.07,60391.7,0,0,13.9,0.54,0,0
00000000-0000-0000-0df8-908e5c095601,usr_00974,1786450566.7837613,25.76,12,1,health,pos_contactless,0.08,0.1,0.831,3.51,1.29,11543.3,0,0,111.21,1.16,0,0
00000000-0000-0000-3ffe-de93e5bc8436,usr_00519,1786450581.230057,60.82,12,1,restaurant,atm,0.1,0.25,0.905,12.57,5.54,3767.4,0,0,366.16,0.66,0,0
00000000-0000-0000-3fa0-9b12efc06d7a,usr_00379,1786450592.4104123,20.49,12,1,travel,pos_contactless,0.4,0.1,0.914,4.05,1.42,3354.1,0,1,128.19,0.8,0,0
00000000-0000-0000-3d82-e66126b3a007,usr_00893,1786450631.722847,42.02,12,1,gaming,online,0.7,0.6,0.916,22.21,2.57,20999.6,0,0,52.6,1.6,0,0
00000000-0000-0000-2de7-41751d21c413,usr_00157,1786450642.640322,105.56,12,1,jewelry,atm,0.8,0.25,0.804,0.83,2.3,7290.6,0,0,397.62,1.86,0,0
00000000-0000-0000-7ee4-e18da696fd5b,usr_00657,1786450750.912381,35.45,12,1,travel,p2p,0.4,0.45,0.889,2.43,10.56,4648.1,0,0,141.55,1.0,0,0
00000000-0000-0000-6d71-2ac1fffea539,usr_00668,1786450760.2388875,15.29,12,1,utilities,online,0.04,0.6,0.767,1.78,6.4,56264.6,0,0,14.54,1.05,0,0
00000000-0000-0000-2589-284a83a7a97f,usr_00971,1786450777.7468297,10.15,12,1,restaurant,online,0.1,0.6,0.916,8.95,4.26,86400.0,0,0,0.0,0.33,0,0
00000000-0000-0000-2d50-20ffcd7385d0,usr_00033,1786450779.5716193,34.58,12,1,restaurant,pos_chip,0.1,0.05,0.935,12.46,3.41,33668.1,0,0,18.87,1.83,0,0
00000000-0000-0000-03b7-03721bfb6492,usr_00382,1786450800.1772714,7.75,12,1,general_retail,p2p,0.15,0.45,0.927,19.08,2.31,690.0,0,1,57.31,0.54,0,0
00000000-0000-0000-2422-f7eafffc6587,usr_00991,1786450811.8631518,97.62,12,1,grocery,p2p,0.05,0.45,0.833,10.23,5.47,1083.1,0,1,363.0,1.08,0,0
00000000-0000-0000-01f7-ac9122c6148f,usr_00330,1786450902.424059,56.85,12,1,jewelry,pos_contactless,0.8,0.1,0.637,5.14,3.13,22431.6,0,0,496.12,0.69,0,0
00000000-0000-0000-4024-22d18a881e15,usr_00057,1786450919.4447548,117.14,12,1,general_retail,online,0.15,0.6,0.891,6.74,12.75,44976.2,0,0,283.23,1.24,0,0
00000000-0000-0000-3e42-3bdf593bfbc4,usr_00132,1786450921.2785888,21.9,12,1,crypto,pos_chip,0.9,0.05,0.507,3.52,1.41,44040.4,0,0,239.78,0.27,0,0
00000000-0000-0000-5ea8-adde03652adf,usr_00369,1786450923.723496,44.9,12,1,grocery,online,0.05,0.6,0.851,22.09,2.18,46110.4,0,0,45.94,0.98,0,0
00000000-0000-0000-2537-ad4982fc5f9a,usr_00368,1786450925.7946048,27.76,12,1,grocery,pos_contactless,0.05,0.1,0.925,2.16,5.36,37294.0,0,0,13.5,2.06,0,0
00000000-0000-0000-5331-311124dbbb56,usr_00876,1786450935.2409942,23.39,12,1,general_retail,online,0.15,0.6,0.751,13.19,3.73,43536.9,0,0,27.1,0.86,0,0
00000000-0000-0000-4bef-94212172a3f2,usr_00346,1786450943.5895565,25.06,12,1,gaming,pos_contactless,0.7,0.1,0.93,12.18,6.16,2562.4,0,1,83.42,1.5,0,0
00000000-0000-0000-4fb5-b16d76e245a0,usr_00539,1786451025.9511485,12.29,12,1,restaurant,pos_chip,0.1,0.05,0.963,1.93,5.53,1376.4,0,1,38.05,0.65,0,0
00000000-0000-0000-7af0-e33c3e1ca0fc,usr_00449,1786451030.5623121,24.35,12,1,general_retail,online,0.15,0.6,0.757,0.35,17.02,17263.7,0,0,90.97,1.07,0,0
00000000-0000-0000-39e0-1cace5a6ed53,usr_00148,1786451056.182163,23.2,12,1,grocery,atm,0.05,0.25,0.774,15.13,2.91,30278.9,0,0,250.98,0.37,0,0
00000000-0000-0000-0621-b56712b11b58,usr_00681,1786451068.2674923,52.76,12,1,restaurant,pos_chip,0.1,0.05,0.794,0.9,1.99,17860.9,0,0,140.49,1.13,0,0
00000000-0000-0000-1934-91f28b95604c,usr_00436,1786451094.9676797,10.85,12,1,health,pos_contactless,0.08,0.1,0.889,0.07,2.54,2708.8,0,1,59.06,0.37,0,0
00000000-0000-0000-1e48-76ccab4f1cbe,usr_00038,1786451103.4054701,34.2,12,1,electronics,pos_contactless,0.65,0.1,0.917,10.62,8.28,10175.7,0,0,88.86,0.77,0,0
00000000-0000-0000-5671-48cc9ac96439,usr_00209,1786451104.8990657,8.35,12,1,restaurant,pos_chip,0.1,0.05,0.96,29.05,0.16,6086.6,0,0,185.66,0.22,0,0
00000000-0000-0000-75cd-0643ca7620ef,usr_00955,1786451110.3618739,92.05,12,1,grocery,pos_chip,0.05,0.05,0.767,27.51,1.53,5314.5,0,0,423.31,1.09,1,0
00000000-0000-0000-0b59-c4f06bdd9ad3,usr_00879,1786451120.5706341,19.58,12,1,general_retail,pos_contactless,0.15,0.1,0.922,9.62,6.09,1604.0,0,1,104.97,0.37,0,0
00000000-0000-0000-3bfa-220a633b747f,usr_00158,1786451173.4358175,8.34,12,1,grocery,p2p,0.05,0.45,0.701,5.11,6.15,86400.0,0,0,0.0,0.34,0,0
00000000-0000-0000-3e21-c16f7aee50a6,usr_00187,1786451202.8139434,6.58,12,1,grocery,pos_chip,0.05,0.05,0.835,7.17,0.41,86400.0,0,0,0.0,0.41,0,0
00000000-0000-0000-0cbf-c885dffe1f33,usr_00997,1786451208.5094242,41.34,12,1,restaurant,online,0.1,0.6,0.554,8.95,8.21,33719.2,0,0,145.14,0.85,0,0
00000000-0000-0000-46e7-061a0216316d,usr_00841,1786451222.8488333,23.22,12,1,restaurant,pos_contactless,0.1,0.1,0.819,27.24,1.19,5663.4,0,0,56.98,0.82,0,0
00000000-0000-0000-4fd2-67aa60b403b1,usr_00299,1786451231.7672358,54.76,12,1,general_retail,p2p,0.15,0.45,0.783,9.56,5.85,11428.5,0,0,75.59,1.45,0,0
00000000-0000-0000-3a06-2a12e124ceac,usr_00942,1786451232.3224487,63.28,12,1,general_retail,online,0.15,0.6,0.91,0.98,4.95,8484.7,0,0,114.67,1.66,0,0
00000000-0000-0000-3500-7e86138b8117,usr_00204,1786451236.0941546,7.01,12,1,grocery,online,0.05,0.6,0.793,4.8,12.13,86400.0,0,0,0.0,0.72,0,0
00000000-0000-0000-6b25-86aa40ee9ff9,usr_00031,1786451266.5595257,15.6,12,1,restaurant,online,0.1,0.6,0.555,10.45,2.96,16328.1,0,0,97.51,0.64,0,0
00000000-0000-0000-2f63-9e8d19e9acd7,usr_00725,1786451288.3378687,115.74,12,1,grocery,online,0.05,0.6,0.851,6.73,1.02,5342.7,0,0,275.31,1.68,0,0
00000000-0000-0000-75fe-b4a4b8473ff4,usr_00866,1786451299.9921632,39.02,12,1,restaurant,online,0.1,0.6,0.951,5.73,3.67,69334.4,0,0,18.61,2.1,0,0
00000000-0000-0000-2655-7f402b2858b9,usr_00209,1786451326.0227876,16.11,12,1,restaurant,online,0.1,0.6,0.678,0.15,0.96,221.1,1,1,194.01,0.5,0,0
00000000-0000-0000-67ba-0ab77d15c11d,usr_00621,1786451368.2985158,11.02,12,1,electronics,online,0.65,0.6,0.768,11.61,15.77,18996.4,0,0,147.66,0.3,0,0
00000000-0000-0000-066f-0e59adfedb39,usr_00593,1786451408.9177575,13.27,12,1,grocery,pos_chip,0.05,0.05,0.766,0.22,0.03,9593.0,0,0,34.55,1.15,0,0
00000000-0000-0000-39a1-fbd1f8ea4d06,usr_00935,1786451412.2860193,46.22,12,1,restaurant,pos_chip,0.1,0.05,0.945,18.72,1.51,51416.5,0,0,65.61,1.41,0,0
00000000-0000-0000-5738-17be914757bb,usr_00814,1786451472.5889404,49.93,12,1,electronics,pos_contactless,0.65,0.1,0.577,24.86,0.97,11387.0,0,0,82.7,2.41,0,0
00000000-0000-0000-19dd-19ae1e78a192,usr_00503,1786451476.8633769,16.37,12,1,grocery,pos_chip,0.05,0.05,0.827,23.48,4.01,3742.3,0,0,19.2,0.85,0,0
00000000-0000-0000-61eb-0ca55edefc4f,usr_00726,1786451508.8692546,22.57,12,1,restaurant,pos_contactless,0.1,0.1,0.938,0.72,9.11,86400.0,0,0,0.0,0.58,0,0
00000000-0000-0000-4749-b83e3caf2cda,usr_00105,1786451511.4919116,48.25,12,1,travel,online,0.4,0.6,0.842,2.17,9.75,30086.1,0,0,116.79,1.65,0,0
00000000-0000-0000-3624-bb3553474181,usr_00865,1786451517.0418544,111.21,12,1,utilities,pos_chip,0.04,0.05,0.918,37.22,1.68,17282.5,0,0,236.28,0.94,0,0
00000000-0000-0000-3501-352d5f19d932,usr_00084,1786451549.839831,20.02,12,1,general_retail,pos_chip,0.15,0.05,0.747,9.09,5.71,16420.0,0,0,34.11,1.76,0,0
00000000-0000-0000-19ae-9ae07a901100,usr_00264,1786451557.7322261,42.32,12,1,grocery,pos_chip,0.05,0.05,0.782,14.79,7.91,6561.7,0,0,402.37,0.63,0,0
00000000-0000-0000-1338-67109543729f,usr_00051,1786451565.3146644,76.4,12,1,grocery,p2p,0.05,0.45,0.802,5.25,3.88,52885.6,0,0,168.85,1.36,0,0
00000000-0000-0000-308a-075688f2cdcd,usr_00620,1786451629.3501093,91.75,12,1,electronics,p2p,0.65,0.45,0.868,14.44,8.96,15257.8,0,0,87.7,3.14,0,0
00000000-0000-0000-598f-f78968f54b64,usr_00124,1786451633.4628644,76.06,12,1,travel,p2p,0.4,0.45,0.616,7.99,3.41,27224.6,0,0,287.68,1.06,1,0
00000000-0000-0000-4ef4-d032bce1b655,usr_00408,1786451655.8454287,9.78,12,1,grocery,pos_chip,0.05,0.05,0.363,10.5,2.88,32084.7,0,0,2.32,1.96,0,0
00000000-0000-0000-5d34-1fe7d9b150a6,usr_00715,1786451699.21383,31.93,12,1,utilities,pos_chip,0.04,0.05,0.562,5.5,5.17,16762.2,0,0,30.27,3.16,0,0
00000000-0000-0000-0fd8-c75a819bbaca,usr_00364,1786451721.0972328,19.42,12,1,grocery,atm,0.05,0.25,0.862,1.55,0.06,34699.5,0,0,110.78,0.53,0,0
00000000-0000-0000-10e9-bbced509c921,usr_00509,1786451733.5441384,25.84,12,1,gaming,pos_contactless,0.7,0.1,0.865,30.31,10.48,46058.2,0,0,140.74,0.37,0,0
00000000-0000-0000-66b3-1fb096b72247,usr_00832,1786451734.1005242,9.06,12,1,electronics,pos_chip,0.65,0.05,0.572,0.72,0.2,1955.1,0,1,56.06,0.32,0,0
00000000-0000-0000-006d-2a06b1a97491,usr_00266,1786451761.8004975,85.91,12,1,restaurant,pos_chip,0.1,0.05,0.821,4.77,9.2,19699.0,0,0,74.75,2.3,0,0
00000000-0000-0000-7cde-760f089f7077,usr_00420,1786451789.1733174,32.94,12,1,restaurant,p2p,0.1,0.45,0.797,6.78,0.25,58269.3,0,0,165.18,0.6,0,0
00000000-0000-0000-6cf2-a66b40412efc,usr_00908,1786451809.803873,63.7,12,1,electronics,online,0.65,0.6,0.923,2.07,1.73,18737.0,0,0,156.85,2.03,0,0
00000000-0000-0000-330c-1b680e450e75,usr_00183,1786451829.6829731,106.91,12,1,gaming,online,0.7,0.6,0.661,3.19,12.02,12989.5,0,0,157.52,2.04,0,0
00000000-0000-0000-1ab8-da370bb6deef,usr_00269,1786451858.659921,28.36,12,1,utilities,online,0.04,0.6,0.907,6.36,13.45,2273.2,0,1,80.65,1.05,0,0
00000000-0000-0000-6fde-035538aacd05,usr_00964,1786451862.4423149,25.7,12,1,health,online,0.08,0.6,0.623,8.05,4.36,86400.0,0,0,0.0,0.79,0,0
00000000-0000-0000-349c-5ada4cfc32b9,usr_00167,1786451873.5739634,26.16,12,1,restaurant,online,0.1,0.6,0.956,1.05,3.72,7349.9,0,0,236.8,0.55,0,0
00000000-0000-0000-4d94-32d612a19b67,usr_00371,1786451926.1234255,122.47,12,1,health,pos_contactless,0.08,0.1,0.9,47.31,0.1,15718.4,0,0,327.33,1.12,0,0
00000000-0000-0000-2654-4494e10961d0,usr_00921,1786451927.860918,19.78,12,1,grocery,pos_contactless,0.05,0.1,0.875,3.51,4.36,41720.2,0,0,89.32,0.66,0,0
00000000-0000-0000-115b-6ee2f633ee1e,usr_00900,1786452001.5215256,26.09,12,1,general_retail,online,0.15,0.6,0.73,2.6,2.63,53766.8,0,0,89.02,0.59,0,0
00000000-0000-0000-4c00-f2f71845e63d,usr_00612,1786452036.7069018,16.28,12,1,electronics,p2p,0.65,0.45,0.806,9.91,5.94,4827.7,0,0,36.9,1.32,0,0
00000000-0000-0000-5d6b-a07696697c1a,usr_00444,1786452047.04141,47.05,12,1,grocery,pos_contactless,0.05,0.1,0.786,6.25,2.65,3756.6,0,0,167.13,1.97,0,0
00000000-0000-0000-7674-152145106bfc,usr_00755,1786452063.104025,75.11,12,1,restaurant,atm,0.1,0.25,0.921,5.83,1.58,13574.7,0,0,209.07,1.44,0,0
00000000-0000-0000-354f-3b456613a580,usr_00473,1786452092.792837,27.28,12,1,grocery,online,0.05,0.6,0.96,8.33,9.01,71224.1,0,0,29.63,0.92,0,0
00000000-0000-0000-0c38-afdc92310438,usr_00298,1786452094.7841485,8.71,12,1,travel,online,0.4,0.6,0.742,29.79,11.19,16047.9,0,0,36.67,0.95,0,0
00000000-0000-0000-6db9-7f9cb825abe8,usr_00892,1786452112.8390315,13.12,12,1,health,online,0.08,0.6,0.908,2.1,2.97,7404.4,0,0,118.97,0.55,0,0
00000000-0000-0000-472f-200c9669876b,usr_00522,1786452136.3179376,154.72,12,1,grocery,p2p,0.05,0.45,0.91,36.53,3.3,19109.7,0,0,159.51,2.91,0,0
00000000-0000-0000-6801-b9972f22143c,usr_00826,1786452176.4039185,44.54,12,1,grocery,online,0.05,0.6,0.636,2.77,2.02,23847.2,0,0,138.88,0.96,0,0
00000000-0000-0000-4538-d8a929288335,usr_00408,1786452220.392198,5.04,12,1,utilities,pos_chip,0.04,0.05,0.807,4.25,2.82,564.5,0,1,12.1,0.83,0,0
00000000-0000-0000-5b6d-2c7350705a7f,usr_00183,1786452290.6505408,168.73,12,1,grocery,online,0.05,0.6,0.625,3.05,2.14,461.0,0,1,264.43,2.55,0,0
00000000-0000-0000-5258-735354956b65,usr_00793,1786452308.9860728,41.28,12,1,utilities,online,0.04,0.6,0.984,25.15,5.95,7102.6,0,0,260.98,0.95,0,0
00000000-0000-0000-4aae-946bf9196fd8,usr_00322,1786452356.1919556,27.94,12,1,grocery,online,0.05,0.6,0.628,60.13,3.72,32582.5,0,0,100.47,0.56,0,0
00000000-0000-0000-60f9-0b82559ae125,usr_00909,1786452363.386545,36.77,12,1,restaurant,pos_chip,0.1,0.05,0.803,13.59,0.49,18040.6,0,0,56.7,1.3,0,0
00000000-0000-0000-07ce-731b5f92cf33,usr_00401,1786452382.611938,30.67,12,1,restaurant,pos_chip,0.1,0.05,0.558,11.73,4.56,54978.1,0,0,43.87,0.7,0,0
00000000-0000-0000-6a3c-dcf574b31285,usr_00347,1786452407.6163807,88.72,12,1,electronics,online,0.65,0.6,0.775,6.27,3.36,26295.0,0,0,212.79,1.25,0,0
00000000-0000-0000-7204-ec95c2730e30,usr_00693,1786452421.7393315,11.39,12,1,grocery,online,0.05,0.6,0.852,12.69,13.78,11545.8,0,0,23.27,1.47,0,0
00000000-0000-0000-28af-02743f677cbf,usr_00947,1786452443.524283,11.56,12,1,utilities,pos_chip,0.04,0.05,0.865,8.53,1.85,17393.3,0,0,12.22,2.31,0,0
00000000-0000-0000-73ab-6fe19e75669a,usr_00588,1786452501.1594908,46.91,12,1,travel,pos_contactless,0.4,0.1,0.763,14.83,0.78,33790.9,0,0,86.43,1.63,0,0
00000000-0000-0000-188b-e49a83e11c01,usr_00285,1786452527.2643933,19.44,12,1,general_retail,atm,0.15,0.25,0.8,16.81,1.14,32867.8,0,0,103.25,0.75,0,0
00000000-0000-0000-37b1-e16056ba01d4,usr_00565,1786452543.9202242,26.0,12,1,utilities,pos_chip,0.04,0.05,0.79,10.84,2.83,20317.9,0,0,94.11,0.55,0,0
00000000-0000-0000-1bfb-cfa2e464e6df,usr_00200,1786452598.2717483,17.95,12,1,utilities,online,0.04,0.6,0.849,53.67,4.63,25671.0,0,0,209.55,0.34,0,0
00000000-0000-0000-27bb-c9b89130c95e,usr_00679,1786452657.319585,35.04,12,1,general_retail,p2p,0.15,0.45,0.809,1.43,4.28,20033.4,0,0,45.42,1.54,0,0
00000000-0000-0000-2d6a-cead901f7dd5,usr_00646,1786452677.8477886,34.11,12,1,travel,online,0.4,0.6,0.86,3.48,1.69,20852.3,0,0,162.78,0.63,0,0
00000000-0000-0000-4f5b-1465b5b8853f,usr_00135,1786452694.0249212,26.56,12,1,restaurant,online,0.1,0.6,0.957,20.31,1.93,25668.8,0,0,55.45,0.96,0,0
00000000-0000-0000-647d-0cc17585e1f7,usr_00710,1786452735.2773907,25.74,12,1,grocery,online,0.05,0.6,0.893,16.84,2.53,14010.9,0,0,231.94,0.67,0,0
00000000-0000-0000-79c8-26823ccd8818,usr_00616,1786452801.8679752,27.19,12,1,restaurant,online,0.1,0.6,0.921,27.26,0.16,2553.2,0,1,446.64,0.49,0,0
00000000-0000-0000-3413-967b8753e256,usr_00766,1786452815.5383258,20.59,12,1,grocery,online,0.05,0.6,0.83,23.05,4.26,19746.6,0,0,132.31,0.31,0,0
00000000-0000-0000-39d0-10fbec78907e,usr_00428,1786452830.2909894,18.1,12,1,general_retail,pos_contactless,0.15,0.1,0.953,29.08,4.22,86400.0,0,0,0.0,1.25,0,0
00000000-0000-0000-2cfd-557d8ec8af75,usr_00533,1786452873.8059106,110.81,12,1,restaurant,pos_chip,0.1,0.05,0.529,1.68,4.41,9360.2,0,0,121.86,2.73,0,0
00000000-0000-0000-0355-f6edfe317215,usr_00980,1786452890.8739161,19.44,12,1,health,pos_contactless,0.08,0.1,0.963,46.85,7.28,18172.4,0,0,141.67,0.41,0,0
00000000-0000-0000-55f6-ee3c555cd124,usr_00193,1786452908.5899882,173.39,12,1,general_retail,pos_contactless,0.15,0.1,0.883,1.02,3.58,16821.8,0,0,298.27,2.91,0,0
00000000-0000-0000-2daa-366c7054d3d8,usr_00653,1786452934.9893434,31.83,12,1,grocery,atm,0.05,0.25,0.981,15.33,3.02,60987.3,0,0,11.98,5.31,0,0
00000000-0000-0000-3c26-8e1432bdd53c,usr_00967,1786452938.5227602,14.72,12,1,travel,pos_chip,0.4,0.05,0.843,1.86,0.47,4327.8,0,0,161.79,0.45,0,0
00000000-0000-0000-27ce-b03690148f55,usr_00277,1786452959.9991653,17.08,12,1,general_retail,online,0.15,0.6,0.877,16.34,2.16,86400.0,0,0,0.0,1.01,0,0
00000000-0000-0000-7e20-39a5d751714d,usr_00036,1786452962.371905,68.0,12,1,restaurant,pos_chip,0.1,0.05,0.829,15.17,1.7,11117.2,0,0,168.09,2.43,0,0
00000000-0000-0000-2a9f-45f0782b827c,usr_00956,1786452964.440217,29.79,12,1,utilities,atm,0.04,0.25,0.764,0.91,20.64,13849.2,0,0,82.98,1.08,0,0
00000000-0000-0000-2ac0-c030b4c89c83,usr_00224,1786453000.8779938,22.8,12,1,grocery,pos_chip,0.05,0.05,0.863,8.89,5.51,6113.9,0,0,69.92,0.65,0,0
00000000-0000-0000-731d-2735500adab7,usr_00051,1786453021.2724211,28.36,12,1,electronics,online,0.65,0.6,0.904,1.6,10.64,1456.0,0,1,245.25,0.46,0,0
00000000-0000-0000-50fc-daf2b5eacb97,usr_00772,1786453021.7468412,55.41,12,1,restaurant,online,0.1,0.6,0.825,2.83,6.18,25902.7,0,0,66.3,1.67,0,0
00000000-0000-0000-7fc8-9cf7a82062db,usr_00561,1786453041.6017323,22.76,12,1,restaurant,online,0.1,0.6,0.941,9.99,9.99,21994.0,0,0,45.77,0.5,0,0
00000000-0000-0000-742f-e23a359ef020,usr_00505,1786453065.1248534,6.93,12,1,restaurant,pos_chip,0.1,0.05,0.764,17.86,1.17,25470.8,0,0,48.39,0.29,0,0
00000000-0000-0000-334b-ad36a77313e3,usr_00743,1786453070.332691,17.6,12,1,utilities,pos_contactless,0.04,0.1,0.945,3.59,0.89,23579.0,0,0,85.49,1.03,0,0
00000000-0000-0000-45a3-826c67e8f2b4,usr_00842,1786453075.515743,116.42,12,1,restaurant,online,0.1,0.6,0.812,26.66,10.88,32058.7,0,0,197.35,1.18,0,0
00000000-0000-0000-5ef6-46a39559011d,usr_00605,1786453077.6942122,132.69,12,1,grocery,p2p,0.05,0.45,0.971,4.15,15.83,3860.4,0,0,274.38,2.42,0,0
00000000-0000-0000-7ca0-deb43363e95a,usr_00279,1786453091.545348,20.05,12,1,utilities,pos_chip,0.04,0.05,0.86,19.52,2.89,17501.9,0,0,31.94,0.63,0,0
00000000-0000-0000-7b1a-4613a88d6afb,usr_00870,1786453116.4778547,27.02,12,1,utilities,pos_chip,0.04,0.05,0.704,1.97,8.05,4574.1,0,0,186.51,0.58,0,0
00000000-0000-0000-6a8b-563b9c428777,usr_00135,1786453200.8843033,20.31,13,1,crypto,pos_chip,0.9,0.05,0.816,2.23,2.16,506.9,0,1,82.01,0.74,0,0
00000000-0000-0000-7d19-9a8759fb6286,usr_00396,1786453207.359967,91.32,13,1,restaurant,pos_chip,0.1,0.05,0.952,8.67,2.9,7400.8,0,0,318.07,1.15,0,0
00000000-0000-0000-2f20-5bd9ca369f11,usr_00001,1786453232.2221217,5.69,13,1,grocery,online,0.05,0.6,0.905,3.97,8.15,35542.3,0,0,11.88,0.48,0,0
00000000-0000-0000-150c-7607565aa039,usr_00840,1786453245.1224177,122.11,13,1,grocery,pos_contactless,0.05,0.1,0.967,11.03,0.16,4663.9,0,0,378.89,1.29,0,0
00000000-0000-0000-4696-b697f62afda5,usr_00328,1786453268.333894,49.2,13,1,grocery,online,0.05,0.6,0.972,1.9,18.8,11993.0,0,0,38.91,3.79,0,0
00000000-0000-0000-0aa1-359aff1ab2c4,usr_00358,1786453302.1070564,11.32,13,1,utilities,online,0.04,0.6,0.738,46.0,5.1,57708.7,0,0,23.6,0.48,0,0
00000000-0000-0000-173b-96acb1dec467,usr_00183,1786453314.091392,66.56,13,1,grocery,pos_chip,0.05,0.05,0.852,10.28,2.64,1023.4,0,2,433.16,0.77,0,0
00000000-0000-0000-619c-0f1c471e58d3,usr_00777,1786453316.3212008,44.64,13,1,grocery,atm,0.05,0.25,0.87,12.7,5.91,18191.6,0,0,165.98,0.81,0,0
00000000-0000-0000-3199-093ff4a151c8,usr_00828,1786453354.013473,39.03,13,1,general_retail,pos_chip,0.15,0.05,0.851,25.08,1.4,8365.5,0,0,178.13,0.66,0,0
00000000-0000-0000-5dab-68ff6fe4fc2d,usr_00541,1786453372.3844004,16.83,13,1,restaurant,online,0.1,0.6,0.886,4.62,3.86,15083.1,0,0,47.88,1.05,0,0
00000000-0000-0000-4465-dd8d2e086eb6,usr_00883,1786453429.9916475,8.25,13,1,utilities,pos_chip,0.04,0.05,0.674,9.99,10.3,15846.7,0,0,115.35,0.43,0,0
00000000-0000-0000-704b-8777cdb3a91c,usr_00041,1786453435.162311,39.2,13,1,utilities,pos_contactless,0.04,0.1,0.937,1.19,6.7,10680.4,0,0,323.06,0.49,0,0
00000000-0000-0000-40dd-4f97a2dd70f7,usr_00434,1786453438.6721141,84.02,13,1,restaurant,pos_chip,0.1,0.05,0.754,9.31,4.89,5294.1,0,0,384.98,1.09,0,0
00000000-0000-0000-6200-3c7fc1c61a92,usr_00647,1786453443.2121844,4.8,13,1,electronics,pos_contactless,0.65,0.1,0.748,12.1,10.65,31841.2,0,0,21.96,0.44,0,0
00000000-0000-0000-5d4c-4e0e5682b759,usr_00249,1786453544.9913979,10.18,13,1,restaurant,atm,0.1,0.25,0.762,2.7,3.53,9194.2,0,0,92.38,0.44,0,0
00000000-0000-0000-6845-b98c56dfdfca,usr_00566,1786453590.7672505,43.06,13,1,gaming,online,0.7,0.6,0.805,26.69,6.8,23307.1,0,0,101.1,1.28,0,0
00000000-0000-0000-24d4-9da4259f3a3a,usr_00959,1786453598.3796256,25.12,13,1,grocery,atm,0.05,0.25,0.552,14.07,1.8,86400.0,0,0,0.0,0.59,0,0
00000000-0000-0000-65a1-eeb1759e2bb1,usr_00277,1786453607.5361395,12.08,13,1,health,p2p,0.08,0.45,0.765,3.56,0.56,647.5,0,1,17.08,0.71,0,0
00000000-0000-0000-7e12-3dd914f2bc79,usr_00551,1786453632.187887,72.44,13,1,general_retail,online,0.15,0.6,0.878,21.77,3.58,20108.1,0,0,166.29,1.74,0,0
00000000-0000-0000-1c51-63874bb317b4,usr_00663,1786453646.224727,35.7,13,1,utilities,online,0.04,0.6,0.899,0.54,4.76,24662.7,0,0,131.65,0.81,0,0
00000000-0000-0000-1061-6417b5cad2df,usr_00384,1786453654.532202,18.39,13,1,restaurant,pos_contactless,0.1,0.1,0.898,6.04,18.17,3096.5,0,1,21.38,1.72,0,0
00000000-0000-0000-7424-d99ac8e3022e,usr_00749,1786453664.3402042,15.75,13,1,restaurant,pos_chip,0.1,0.05,0.942,5.7,6.37,8196.5,0,0,98.95,0.64,0,0
00000000-0000-0000-6532-0ffe5165b5ed,usr_00579,1786453716.1498592,48.91,13,1,grocery,p2p,0.05,0.45,0.845,14.11,0.47,6590.9,0,0,49.58,0.99,0,0
00000000-0000-0000-0fd8-ebb6484ecaee,usr_00194,1786453744.0257752,8.9,13,1,gaming,online,0.7,0.6,0.872,8.3,11.92,16115.9,0,0,58.73,0.45,0,0
00000000-0000-0000-69ba-eeb6506a3efa,usr_00603,1786453796.13449,23.78,13,1,grocery,pos_chip,0.05,0.05,0.774,7.32,0.58,9350.0,0,0,40.57,1.17,0,0
00000000-0000-0000-49ea-ae53df4f24d7,usr_00741,1786453862.3950822,73.12,13,1,grocery,online,0.05,0.6,0.925,0.26,2.52,9198.8,0,0,313.14,0.93,0,0
00000000-0000-0000-4d7a-2aa515ea0a68,usr_00601,1786453889.101078,18.76,13,1,health,atm,0.08,0.25,0.942,5.9,4.61,45479.4,0,0,22.82,0.82,0,0
00000000-0000-0000-39f0-377e126ad99d,usr_00894,1786453913.8029602,56.86,13,1,utilities,pos_chip,0.04,0.05,0.934,5.29,0.6,13462.5,0,0,58.65,2.91,0,0
00000000-0000-0000-17ea-f48317b73f8a,usr_00539,1786453917.790228,16.54,13,1,grocery,online,0.05,0.6,0.811,2.17,1.33,2891.8,0,1,50.34,0.99,0,0
00000000-0000-0000-53cf-d53b26e454bc,usr_00897,1786453935.839554,12.95,13,1,restaurant,online,0.1,0.6,0.666,13.82,8.38,10991.3,0,0,112.71,0.46,0,0
00000000-0000-0000-4c3b-ff5f2df2deb5,usr_00311,1786453944.8722494,34.73,13,1,restaurant,pos_chip,0.1,0.05,0.973,20.4,1.51,9385.3,0,0,128.53,0.81,0,0
00000000-0000-0000-6802-2c5a4b877905,usr_00074,1786454006.9001775,14.19,13,1,travel,online,0.4,0.6,0.93,16.45,23.82,4126.9,0,0,300.65,0.38,0,0
00000000-0000-0000-38db-3fa96be5dcbb,usr_00412,1786454015.0760503,28.8,13,1,travel,pos_contactless,0.4,0.1,0.701,5.83,7.45,35822.4,0,0,117.6,0.98,0,0
00000000-0000-0000-1bab-7570bb85242a,usr_00961,1786454025.226555,50.25,13,1,jewelry,pos_contactless,0.8,0.1,0.847,4.04,3.61,31471.7,0,0,161.64,1.55,0,0
00000000-0000-0000-751a-a62b2e59baac,usr_00798,1786454088.9290676,53.28,13,1,gaming,pos_chip,0.7,0.05,0.837,9.53,2.84,11172.7,0,0,48.83,1.09,0,0
00000000-0000-0000-6209-421d7a3aae2e,usr_00260,1786454186.3265061,24.66,13,1,health,pos_contactless,0.08,0.1,0.586,27.22,5.91,25459.6,0,0,17.68,1.39,0,0
00000000-0000-0000-110b-6be710d1aca3,usr_00795,1786454211.2472892,36.75,13,1,jewelry,atm,0.8,0.25,0.784,27.36,1.67,22369.9,0,0,26.45,1.39,0,0
00000000-0000-0000-1208-db0d672229a1,usr_00737,1786454231.9443316,58.9,13,1,grocery,online,0.05,0.6,0.717,3.47,0.38,62804.2,0,0,52.63,1.12,0,0
00000000-0000-0000-33a6-d2218f20b406,usr_00102,1786454240.3985722,64.96,13,1,electronics,atm,0.65,0.25,0.711,35.39,2.27,32391.6,0,0,48.24,2.69,0,0
00000000-0000-0000-6d1d-377be7fff26d,usr_00427,1786454277.0484662,136.74,13,1,restaurant,pos_contactless,0.1,0.1,0.99,16.07,11.69,10154.0,0,0,872.32,0.94,0,0
00000000-0000-0000-018f-2e0b8415553c,usr_00087,1786454294.3317208,37.51,13,1,restaurant,pos_chip,0.1,0.05,0.776,14.72,14.55,9800.6,0,0,95.73,1.18,0,0
00000000-0000-0000-3094-7dd431a1edb6,usr_00879,1786454313.3653915,62.34,13,1,grocery,pos_chip,0.05,0.05,0.877,17.86,0.72,3192.8,0,1,124.55,1.5,0,0
00000000-0000-0000-6824-bc746a9deaa5,usr_00789,1786454330.1114354,16.31,13,1,restaurant,pos_chip,0.1,0.05,0.855,9.55,2.73,11211.6,0,0,43.73,1.12,1,0
00000000-0000-0000-65c8-b2d20b1158f3,usr_00342,1786454346.2008216,14.64,13,1,travel,pos_chip,0.4,0.05,0.929,5.74,4.6,31407.4,0,0,26.84,0.55,0,0
00000000-0000-0000-4863-83376c041cd8,usr_00618,1786454354.4925299,27.65,13,1,restaurant,online,0.1,0.6,0.865,7.22,5.56,59255.0,0,0,30.08,1.84,0,0
00000000-0000-0000-2ec1-fa7d43bbad99,usr_00939,1786454459.5011625,78.78,13,1,utilities,online,0.04,0.6,0.893,16.5,9.43,25755.2,0,0,259.55,1.21,0,0
00000000-0000-0000-7c5a-b65236c5da3c,usr_00035,1786454492.789714,31.28,13,1,electronics,pos_chip,0.65,0.05,0.78,54.6,0.86,11711.2,0,0,266.37,0.35,0,0
00000000-0000-0000-62e3-07a5dd394afd,usr_00523,1786454594.5341794,20.41,13,1,utilities,pos_chip,0.04,0.05,0.966,38.07,7.53,25046.6,0,0,48.75,0.84,0,0
00000000-0000-0000-5cc1-863a034f1505,usr_00867,1786454707.329397,28.81,13,1,grocery,pos_contactless,0.05,0.1,0.905,1.62,6.13,6284.7,0,0,173.15,1.0,0,0
00000000-0000-0000-60c8-c95e8bf7ac25,usr_00532,1786454718.9671881,40.01,13,1,restaurant,online,0.1,0.6,0.785,13.65,2.9,6795.0,0,0,85.79,0.47,0,0
00000000-0000-0000-1715-eaade59c2865,usr_00027,1786454735.5682468,31.91,13,1,grocery,online,0.05,0.6,0.84,11.19,5.63,39655.1,0,0,139.09,0.46,0,0
00000000-0000-0000-35d8-1c171490ca17,usr_00586,1786454773.7960694,14.7,13,1,travel,online,0.4,0.6,0.974,0.54,0.54,14346.3,0,0,90.37,0.98,0,0
00000000-0000-0000-58aa-b92d97ce8cd2,usr_00463,1786454784.015581,18.8,13,1,grocery,online,0.05,0.6,0.939,8.67,21.31,39292.0,0,0,29.94,1.26,0,0
00000000-0000-0000-73d4-006a291e6668,usr_00334,1786454848.0143225,27.6,13,1,utilities,online,0.04,0.6,0.724,0.0,0.79,23769.6,0,0,62.4,0.88,0,0
00000000-0000-0000-18e8-3f6235b16a5d,usr_00055,1786454864.0503137,22.81,13,1,restaurant,pos_contactless,0.1,0.1,0.965,4.24,0.59,12509.1,0,0,88.12,1.04,0,0
00000000-0000-0000-5062-3a1a86736bef,usr_00874,1786454875.2120967,8.29,13,1,grocery,p2p,0.05,0.45,0.914,7.85,3.98,15611.3,0,0,29.76,0.56,0,0
00000000-0000-0000-496b-2c501edcf067,usr_00721,1786454888.6672888,57.64,13,1,electronics,pos_chip,0.65,0.05,0.761,31.97,0.73,52348.3,0,0,148.13,1.17,0,0
00000000-0000-0000-1a3b-b02f08e9dd66,usr_00156,1786454890.6152937,53.27,13,1,grocery,online,0.05,0.6,0.979,18.03,5.14,6641.3,0,0,243.95,1.31,0,0
00000000-0000-0000-6be0-c7ec767b600d,usr_00811,1786454899.692882,28.56,13,1,grocery,pos_chip,0.05,0.05,0.857,2.46,5.74,53711.9,0,0,77.04,1.11,0,0
00000000-0000-0000-142d-7f45869231aa,usr_00590,1786455001.0236256,28.26,13,1,restaurant,atm,0.1,0.25,0.833,14.76,0.31,19327.1,0,0,14.91,1.9,0,0
00000000-0000-0000-69e4-bb1321e45454,usr_00107,1786455014.4136548,41.01,13,1,restaurant,p2p,0.1,0.45,0.815,2.75,13.57,13019.7,0,0,75.18,2.18,0,0
00000000-0000-0000-35e9-fe5033442a72,usr_00528,1786455026.255561,55.96,13,1,grocery,pos_chip,0.05,0.05,0.8,6.86,1.33,17712.9,0,0,246.45,1.14,0,0
00000000-0000-0000-6a86-365a45d63a8b,usr_00702,1786455048.7717736,33.88,13,1,gaming,online,0.7,0.6,0.951,0.62,4.22,45989.4,0,0,48.11,2.11,0,0
00000000-0000-0000-6681-3235906d3e28,usr_00478,1786455070.2053263,29.24,13,1,travel,pos_contactless,0.4,0.1,0.648,0.81,7.46,7131.1,0,0,86.04,0.68,0,0
00000000-0000-0000-080d-d1b5b858f129,usr_00047,1786455073.295191,19.2,13,1,utilities,pos_chip,0.04,0.05,0.849,5.39,1.82,11911.2,0,0,33.0,0.58,0,0
00000000-0000-0000-78af-7a5b8e5621e3,usr_00591,1786455100.1093018,42.74,13,1,grocery,pos_chip,0.05,0.05,0.654,5.5,4.42,10514.0,0,0,211.84,0.81,0,0
00000000-0000-0000-2b12-38d9090b971b,usr_00770,1786455103.1177917,65.52,13,1,restaurant,pos_chip,0.1,0.05,0.936,24.66,0.71,38086.8,0,0,54.55,1.2,0,0
00000000-0000-0000-6554-8815b0d9c653,usr_00397,1786455108.8368318,56.08,13,1,general_retail,pos_contactless,0.15,0.1,0.854,22.93,3.4,18536.7,0,0,34.93,1.61,0,0
00000000-0000-0000-09d5-c3b021f1d4ef,usr_00188,1786455110.3156643,54.62,13,1,restaurant,pos_contactless,0.1,0.1,0.63,6.01,11.79,30066.0,0,0,25.72,4.25,1,0
00000000-0000-0000-3192-4365641a7c85,usr_00416,1786455148.6823764,53.44,13,1,travel,online,0.4,0.6,0.888,10.37,12.02,19601.1,0,0,368.35,0.58,0,0
00000000-0000-0000-48ef-c655bc6765d8,usr_00937,1786455180.179986,43.17,13,1,general_retail,pos_contactless,0.15,0.1,0.742,1.11,6.03,86400.0,0,0,0.0,1.37,0,0
00000000-0000-0000-01b2-139d835001a0,usr_00894,1786455191.05063,49.11,13,1,electronics,online,0.65,0.6,0.828,8.63,2.04,1277.2,0,1,115.51,1.7,0,0
00000000-0000-0000-7f6e-7ad134775c68,usr_00473,1786455218.1394677,42.94,13,1,restaurant,pos_contactless,0.1,0.1,0.936,2.8,4.44,3125.3,0,1,56.91,1.51,0,0
00000000-0000-0000-2a3b-b3c121a09b11,usr_00605,1786455273.8363888,128.95,13,1,travel,pos_contactless,0.4,0.1,0.469,18.36,2.79,2196.1,0,1,407.07,1.9,0,0
00000000-0000-0000-1e63-1e2133894448,usr_00605,1786455278.5401824,45.08,13,1,grocery,pos_contactless,0.05,0.1,0.604,14.65,10.99,4.7,1,2,536.02,0.59,0,0
00000000-0000-0000-5eb9-c6cf245a35db,usr_00716,1786455290.4292004,10.44,13,1,crypto,online,0.9,0.6,0.98,7.72,11.5,86400.0,0,0,0.0,0.81,0,0
00000000-0000-0000-6af6-46ffdcfa2cc1,usr_00337,1786455293.1877396,33.23,13,1,grocery,online,0.05,0.6,0.787,7.7,1.13,64242.8,0,0,143.31,0.7,0,0
00000000-0000-0000-0234-5094b9df1fad,usr_00305,1786455293.580946,12.69,13,1,gaming,online,0.7,0.6,0.837,17.21,1.16,5281.1,0,0,115.57,0.55,0,0
00000000-0000-0000-2edc-d55000fbc6a5,usr_00076,1786455297.891564,24.56,13,1,restaurant,pos_chip,0.1,0.05,0.803,13.4,2.21,17391.2,0,0,9.21,2.67,0,0
00000000-0000-0000-1d3d-04a0d7d8ba55,usr_00796,1786455322.9499314,54.86,13,1,grocery,online,0.05,0.6,0.983,30.22,7.16,31805.2,0,0,351.26,0.78,0,0
00000000-0000-0000-7a91-09082821f294,usr_00017,1786455342.7827072,19.86,13,1,restaurant,pos_chip,0.1,0.05,0.807,0.42,3.58,21628.8,0,0,57.55,1.04,0,0
00000000-0000-0000-7108-9ac9312b4b13,usr_00933,1786455355.9208128,38.48,13,1,restaurant,p2p,0.1,0.45,0.856,7.79,0.78,12174.2,0,0,338.89,0.34,0,0
00000000-0000-0000-0374-55b96f532d41,usr_00494,1786455378.0873883,12.82,13,1,restaurant,online,0.1,0.6,0.873,11.87,0.45,28358.8,0,0,104.63,0.37,0,0
00000000-0000-0000-59a4-dfd9cf48eb48,usr_00248,1786455425.1821818,201.08,13,1,utilities,pos_contactless,0.04,0.1,0.921,1.44,2.62,38588.7,0,0,1255.4,0.8,0,0
00000000-0000-0000-1b2a-f1d9604c4039,usr_00998,1786455446.1082623,17.61,13,1,general_retail,pos_chip,0.15,0.05,0.898,6.91,2.85,14141.3,0,0,261.71,0.27,0,0
00000000-0000-0000-2b8d-6c3c3d186699,usr_00198,1786455480.831797,29.98,13,1,restaurant,pos_chip,0.1,0.05,0.862,9.94,13.14,25653.8,0,0,71.56,1.26,0,0
00000000-0000-0000-1aad-2fe369a2a7d9,usr_00481,1786455496.7893686,158.98,13,1,grocery,online,0.05,0.6,0.679,10.92,6.72,41630.8,0,0,220.81,2.16,0,0
00000000-0000-0000-2cb0-0097bf9dc74d,usr_00156,1786455497.9167194,18.14,13,1,restaurant,p2p,0.1,0.45,0.597,2.13,18.65,607.3,0,1,297.22,0.43,0,0
00000000-0000-0000-57d3-80d3bc9ac3c7,usr_00314,1786455511.2315235,69.04,13,1,grocery,pos_chip,0.05,0.05,0.871,1.68,12.89,36570.5,0,0,150.95,1.37,0,0
00000000-0000-0000-0315-354efb6c95b7,usr_00579,1786455560.1751258,88.83,13,1,restaurant,online,0.1,0.6,0.952,16.2,3.0,1844.0,0,1,98.49,1.8,0,0
00000000-0000-0000-2d92-7590c106e97a,usr_00049,1786455583.0652268,26.77,13,1,health,pos_chip,0.08,0.05,0.791,20.44,0.96,33289.9,0,0,44.07,0.61,0,0
00000000-0000-0000-146e-596e647430e7,usr_00228,1786455696.949521,25.88,13,1,grocery,pos_chip,0.05,0.05,0.93,33.97,2.25,8851.9,0,0,76.38,1.36,0,0
00000000-0000-0000-453b-a035d26f0857,usr_00193,1786455721.8307,39.13,13,1,general_retail,online,0.15,0.6,0.873,51.02,5.29,2813.2,0,1,471.66,0.5,0,0
00000000-0000-0000-3004-85a5d8dd37ef,usr_00358,1786455762.7885091,38.18,13,1,restaurant,pos_chip,0.1,0.05,0.89,1.78,1.22,2460.7,0,1,34.92,2.19,0,0
00000000-0000-0000-1340-cda872a4d1d3,usr_00032,1786455807.9507995,40.21,13,1,jewelry,atm,0.8,0.25,0.953,40.43,1.55,29565.2,0,0,59.65,2.02,0,0
00000000-0000-0000-4407-46cce88ee189,usr_00850,1786455827.1906028,16.66,13,1,utilities,pos_contactless,0.04,0.1,0.625,4.05,1.92,5339.1,0,0,188.64,0.44,0,0
00000000-0000-0000-18f6-7bad1f8ae97f,usr_00197,1786455843.3526843,16.19,13,1,health,p2p,0.08,0.45,0.788,4.22,0.42,27305.1,0,0,167.48,0.48,0,0
00000000-0000-0000-7728-c9edced925a7,usr_00103,1786455868.3442016,31.75,13,1,health,atm,0.08,0.25,0.717,13.13,9.82,70275.1,0,0,40.32,0.79,0,0
00000000-0000-0000-1344-621a6eed9ca3,usr_00489,1786455912.307832,44.8,13,1,travel,pos_contactless,0.4,0.1,0.625,7.75,7.86,22362.6,0,0,32.09,1.4,0,0
00000000-0000-0000-5475-708d952d66f3,usr_00333,1786455947.0943737,17.9,13,1,jewelry,pos_chip,0.8,0.05,0.769,1.04,2.3,8911.9,0,0,87.54,0.61,0,0
00000000-0000-0000-2e00-c60bd27b79a7,usr_00312,1786455979.9740398,89.86,13,1,grocery,online,0.05,0.6,0.749,20.85,1.98,55213.8,0,0,332.01,0.54,0,0
00000000-0000-0000-0426-f363c7501c82,usr_00732,1786455984.34953,12.02,13,1,grocery,online,0.05,0.6,0.837,9.9,7.78,37503.4,0,0,246.84,0.24,0,0
00000000-0000-0000-2ff6-185baef76185,usr_00277,1786455997.360065,28.12,13,1,utilities,online,0.04,0.6,0.803,13.44,1.15,2389.8,0,2,29.16,1.93,0,0
00000000-0000-0000-0c73-c00de047c868,usr_00117,1786456027.7018404,38.8,13,1,grocery,pos_contactless,0.05,0.1,0.868,20.67,3.85,20017.1,0,0,98.4,0.79,0,0
00000000-0000-0000-3874-0b70fde57bae,usr_00171,1786456044.0245407,35.59,13,1,general_retail,p2p,0.15,0.45,0.921,0.26,13.02,13107.8,0,0,104.98,0.34,0,0
00000000-0000-0000-4d32-29d9112e0537,usr_00021,1786456107.2589571,10.43,13,1,health,p2p,0.08,0.45,0.71,8.09,18.41,9245.1,0,0,144.98,0.5,1,0
00000000-0000-0000-5d29-5a83f91d8d17,usr_00984,1786456108.7461758,29.61,13,1,electronics,pos_chip,0.65,0.05,0.965,26.27,1.5,43708.3,0,0,96.47,0.61,0,0
00000000-0000-0000-2beb-8e6b18dd68a7,usr_00577,1786456118.0449638,83.37,13,1,restaurant,pos_chip,0.1,0.05,0.948,19.56,0.94,13138.2,0,0,128.88,1.29,0,0
00000000-0000-0000-3a6d-80e76fd1526b,usr_00537,1786456119.3398533,61.04,13,1,health,pos_contactless,0.08,0.1,0.862,11.15,16.28,46513.8,0,0,199.53,1.22,0,0
00000000-0000-0000-70a1-ad2c7b19483c,usr_00265,1786456128.1024847,111.69,13,1,grocery,pos_contactless,0.05,0.1,0.567,10.12,13.45,8796.9,0,0,194.42,1.15,1,0
00000000-0000-0000-7a68-8f3abac6c56a,usr_00404,1786456128.435926,31.49,13,1,electronics,online,0.65,0.6,0.828,1.17,2.46,8844.4,0,0,155.12,0.61,0,0
00000000-0000-0000-208a-32562feca3c7,usr_00286,1786456230.952383,55.05,13,1,grocery,pos_chip,0.05,0.05,0.914,2.35,13.62,86400.0,0,0,0.0,1.42,0,0
00000000-0000-0000-2884-86e067524a7e,usr_00405,1786456255.9766474,31.17,13,1,grocery,online,0.05,0.6,0.821,71.98,6.58,86400.0,0,0,0.0,1.1,0,0
00000000-0000-0000-0aa4-6ae37815efa8,usr_00712,1786456277.8363662,39.85,13,1,grocery,pos_contactless,0.05,0.1,0.791,68.51,0.59,86400.0,0,0,0.0,2.24,0,0
00000000-0000-0000-49d7-37add4abf63e,usr_00015,1786456300.3884633,12.58,13,1,gaming,pos_contactless,0.7,0.1,0.918,26.43,3.09,21486.7,0,0,42.74,0.59,0,0
00000000-0000-0000-3578-ae69946a5f21,usr_00799,1786456310.1890624,20.99,13,1,grocery,pos_chip,0.05,0.05,0.837,1.85,0.04,41407.6,0,0,275.55,0.15,0,0
00000000-0000-0000-5854-14d572dd7808,usr_00675,1786456315.1317265,37.06,13,1,grocery,online,0.05,0.6,0.643,13.64,7.43,25572.7,0,0,88.79,1.25,0,0
00000000-0000-0000-084c-60702e0550d0,usr_00935,1786456342.3223867,20.79,13,1,crypto,pos_chip,0.9,0.05,0.888,9.58,3.67,4930.0,0,0,111.83,0.56,0,0
00000000-0000-0000-1d97-53ea04fe40eb,usr_00431,1786456346.0084739,59.1,13,1,grocery,pos_chip,0.05,0.05,0.859,6.97,2.53,10445.9,0,0,238.89,1.98,0,0
00000000-0000-0000-799f-b8c10044b002,usr_00321,1786456347.3440073,30.81,13,1,jewelry,pos_contactless,0.8,0.1,0.903,6.31,3.54,23266.9,0,0,37.68,0.82,0,0
00000000-0000-0000-535b-82786b3e6830,usr_00032,1786456358.2490475,18.49,13,1,utilities,online,0.04,0.6,0.805,25.66,0.91,550.3,0,1,99.86,0.74,0,0
00000000-0000-0000-36a6-db93ae0ee06d,usr_00003,1786456381.497649,64.37,13,1,electronics,pos_chip,0.65,0.05,0.845,18.15,3.67,13416.2,0,0,149.43,1.29,0,0
00000000-0000-0000-3fe1-ed52482b4b8c,usr_00752,1786456383.953929,7.26,13,1,grocery,atm,0.05,0.25,0.906,2.09,2.31,14894.7,0,0,87.31,0.33,0,0
00000000-0000-0000-3429-6ad16f9ed6c9,usr_00181,1786456429.9957912,24.8,13,1,general_retail,online,0.15,0.6,0.801,1.24,16.71,28840.8,0,0,125.26,0.4,0,0
00000000-0000-0000-205c-f2260a065d10,usr_00530,1786456450.7090027,32.04,13,1,electronics,pos_chip,0.65,0.05,0.703,1.87,3.61,72927.0,0,0,13.34,2.4,0,0
00000000-0000-0000-4052-2b09cf02bb55,usr_00460,1786456517.7209382,68.99,13,1,gaming,p2p,0.7,0.45,0.944,36.93,0.89,36217.7,0,0,191.14,1.8,0,0
00000000-0000-0000-32df-71e5ea520f60,usr_00091,1786456518.831799,34.7,13,1,grocery,pos_contactless,0.05,0.1,0.663,11.94,2.45,57858.2,0,0,28.9,2.4,0,0
00000000-0000-0000-587a-25d9292ce1c6,usr_00228,1786456519.222585,2.94,13,1,utilities,online,0.04,0.6,0.933,1.94,8.34,822.3,0,1,102.26,0.14,1,0
00000000-0000-0000-7251-46f2eec00bc4,usr_00224,1786456526.815307,23.23,13,1,grocery,online,0.05,0.6,0.832,2.35,2.13,3525.9,0,1,92.72,0.75,0,0
00000000-0000-0000-7713-93ff29920282,usr_00595,1786456527.651205,20.27,13,1,restaurant,pos_contactless,0.1,0.1,0.603,0.46,10.07,25182.4,0,0,81.09,0.5,0,0
00000000-0000-0000-28e9-a694daa6d242,usr_00766,1786456567.9726784,84.74,13,1,grocery,pos_contactless,0.05,0.1,0.673,4.13,0.07,3752.4,0,0,152.9,1.66,0,0
00000000-0000-0000-3d09-97a0634447ca,usr_00725,1786456600.8882997,51.26,13,1,travel,atm,0.4,0.25,0.974,14.82,3.66,5312.6,0,0,391.05,0.66,0,0
00000000-0000-0000-4a36-be2b385ab7da,usr_00193,1786456614.2107968,124.05,13,1,grocery,pos_contactless,0.05,0.1,0.832,14.05,2.58,892.4,0,1,510.79,1.7,0,0
00000000-0000-0000-3018-a00d04669d73,usr_00975,1786456619.2030017,20.86,13,1,electronics,pos_contactless,0.65,0.1,0.932,12.99,1.76,22516.3,0,0,51.26,0.81,0,0
00000000-0000-0000-54c1-46295848e0d6,usr_00537,1786456639.34344,78.59,13,1,restaurant,pos_chip,0.1,0.05,0.704,1.91,2.27,520.0,0,1,260.57,1.51,0,0
00000000-0000-0000-581a-c873eb48baa8,usr_00511,1786456659.7756257,22.97,13,1,grocery,pos_contactless,0.05,0.1,0.776,4.28,1.64,13207.2,0,0,55.54,0.83,0,0
00000000-0000-0000-660c-5c83bc6060dc,usr_00848,1786456699.8126104,35.27,13,1,general_retail,online,0.15,0.6,0.798,10.83,4.63,58057.1,0,0,20.86,1.69,0,0
00000000-0000-0000-0d0b-f37402c28673,usr_00445,1786456705.053686,8.99,13,1,travel,p2p,0.4,0.45,0.655,20.62,15.12,12541.9,0,0,24.24,0.74,0,0
00000000-0000-0000-0063-4041fb2fdfbc,usr_00829,1786456739.405783,7.41,13,1,grocery,pos_contactless,0.05,0.1,0.819,13.44,2.52,38466.4,0,0,13.87,0.53,0,0
00000000-0000-0000-696d-e2219782fdc0,usr_00127,1786456768.638417,17.23,13,1,jewelry,p2p,0.8,0.45,0.745,1.41,1.24,61645.5,0,0,6.14,2.81,0,0
00000000-0000-0000-18e4-f54d8529cfbf,usr_00195,1786456782.881194,35.99,13,1,grocery,online,0.05,0.6,0.71,1.5,1.83,28592.0,0,0,38.79,1.86,0,0
00000000-0000-0000-3904-21c5997eec21,usr_00886,1786456784.1971157,84.18,13,1,grocery,pos_contactless,0.05,0.1,0.859,16.42,3.4,18488.0,0,0,388.5,0.87,0,0
00000000-0000-0000-4d3e-2afaa0a37da6,usr_00980,1786456787.3050463,23.27,13,1,restaurant,pos_chip,0.1,0.05,0.726,14.05,2.53,3896.4,0,0,161.11,0.58,0,0
00000000-0000-0000-3ab8-73104a04a376,usr_00181,1786456790.1052067,22.62,13,1,restaurant,pos_chip,0.1,0.05,0.87,8.01,1.55,360.1,0,1,150.06,0.45,0,0
00000000-0000-0000-406c-0ea90fe2b7e5,usr_00503,1786456809.8082504,12.64,14,1,health,pos_contactless,0.08,0.1,0.973,1.38,7.12,5332.9,0,0,35.57,0.71,0,0
00000000-0000-0000-4606-ae7c03b7649e,usr_00007,1786456857.9528425,52.79,14,1,travel,pos_chip,0.4,0.05,0.543,0.33,1.71,6738.1,0,0,40.61,2.6,0,0
00000000-0000-0000-1f91-bac9fd58de4d,usr_00325,1786456885.0807168,56.6,14,1,electronics,pos_contactless,0.65,0.1,0.731,8.82,2.33,23722.7,0,0,322.07,0.88,0,0
00000000-0000-0000-10f5-0ab79d8a9531,usr_00218,1786456891.8574736,8.39,14,1,grocery,pos_chip,0.05,0.05,0.88,8.57,0.06,8129.8,0,0,1190.39,0.04,0,0
00000000-0000-0000-0e3a-3e728b8d0a64,usr_00781,1786456915.6295395,40.21,14,1,utilities,p2p,0.04,0.45,0.935,1.31,17.68,27263.8,0,0,149.54,0.81,0,0
00000000-0000-0000-6d53-203f66859f4a,usr_00766,1786456944.2783267,32.54,14,1,general_retail,online,0.15,0.6,0.627,21.82,4.66,376.3,0,1,237.64,0.55,0,0
00000000-0000-0000-593f-44e65ac18096,usr_00706,1786457045.372245,23.23,14,1,health,pos_contactless,0.08,0.1,0.83,6.1,2.52,31358.5,0,0,114.4,0.81,1,0
00000000-0000-0000-7879-144664fbe0fb,usr_00737,1786457046.6895103,63.88,14,1,grocery,pos_chip,0.05,0.05,0.864,16.55,5.07,2814.7,0,1,111.53,1.15,0,0
00000000-0000-0000-01d3-8d386637c0c9,usr_00292,1786457067.4118135,76.81,14,1,restaurant,online,0.1,0.6,0.764,24.51,2.08,41030.3,0,0,265.04,0.58,1,0
00000000-0000-0000-7ab2-cf0f0dc19450,usr_00062,1786457122.9007094,25.95,14,1,utilities,online,0.04,0.6,0.733,8.24,2.19,6586.0,0,0,110.64,0.7,0,0
00000000-0000-0000-28ad-5d1fa5ec6e3c,usr_00640,1786457124.2971625,4.24,14,1,restaurant,pos_chip,0.1,0.05,0.79,5.69,8.37,86400.0,0,0,0.0,0.31,0,0
00000000-0000-0000-5ccd-bc93446c7e1f,usr_00057,1786457131.6368208,159.12,14,1,restaurant,pos_contactless,0.1,0.1,0.659,5.65,23.15,6212.2,0,0,400.37,1.59,0,0
00000000-0000-0000-5331-f7ee776fa059,usr_00202,1786457155.71316,58.41,14,1,crypto,online,0.9,0.6,0.854,3.04,0.27,86400.0,0,0,0.0,1.67,0,0
00000000-0000-0000-47c0-7a2488a83430,usr_00849,1786457168.3736293,108.06,14,1,restaurant,online,0.1,0.6,0.788,3.35,16.37,30081.8,0,0,255.52,1.69,0,0
00000000-0000-0000-54b1-f3da3a525384,usr_00709,1786457186.0650034,95.02,14,1,general_retail,online,0.15,0.6,0.936,2.99,7.38,43343.6,0,0,158.47,2.4,0,0
00000000-0000-0000-78b1-2bb5bbdab050,usr_00700,1786457203.2023168,60.61,14,1,general_retail,pos_chip,0.15,0.05,0.823,4.47,1.57,45838.1,0,0,126.42,0.96,1,0
00000000-0000-0000-629d-b21ccb5674d7,usr_00201,1786457231.6652603,63.81,14,1,grocery,p2p,0.05,0.45,0.426,0.49,0.41,16276.0,0,0,180.32,0.71,0,0
00000000-0000-0000-4d40-fe8bc84027e2,usr_00503,1786457242.469883,14.39,14,1,utilities,online,0.04,0.6,0.812,10.37,3.74,432.7,0,1,48.21,0.9,0,0
00000000-0000-0000-4420-db7504bc43e8,usr_00617,1786457273.0081062,24.31,14,1,utilities,pos_chip,0.04,0.05,0.687,50.79,4.1,27206.1,0,0,159.22,0.61,0,0
00000000-0000-0000-3123-4b7cb27edd7c,usr_00316,1786457310.8028858,88.93,14,1,restaurant,pos_contactless,0.1,0.1,0.855,8.77,1.06,25786.2,0,0,47.91,3.71,0,0
00000000-0000-0000-234c-e7f4022b60f1,usr_00953,1786457333.4633827,8.02,14,1,restaurant,pos_chip,0.1,0.05,0.827,22.07,3.32,9781.6,0,0,146.06,0.38,0,0
00000000-0000-0000-70c6-81db6a4a2556,usr_00236,1786457342.5087316,5.68,14,1,gaming,online,0.7,0.6,0.871,6.9,11.74,48465.0,0,0,18.72,0.61,0,0
00000000-0000-0000-6ac7-a86ff02f5e6e,usr_00680,1786457396.4548986,136.99,14,1,grocery,pos_chip,0.05,0.05,0.752,1.35,2.38,21222.1,0,0,94.02,2.91,0,0
00000000-0000-0000-0fc0-fd4d3efafa66,usr_00019,1786457397.2907984,16.47,14,1,grocery,pos_contactless,0.05,0.1,0.671,48.39,5.36,71129.3,0,0,30.78,0.54,0,0
00000000-0000-0000-70d8-3d494940ae2b,usr_00233,1786457414.3857589,36.96,14,1,electronics,online,0.65,0.6,0.79,5.34,7.41,30884.8,0,0,112.52,0.66,0,0
00000000-0000-0000-070e-560a8fa3006a,usr_00864,1786457449.069582,9.15,14,1,travel,pos_contactless,0.4,0.1,0.609,3.43,2.64,11526.8,0,0,71.11,0.51,0,0
00000000-0000-0000-5263-935d924e26bd,usr_00781,1786457460.949895,24.67,14,1,grocery,p2p,0.05,0.45,0.753,2.39,2.16,545.3,0,1,189.75,0.52,0,0
00000000-0000-0000-2393-bd1f173eefe4,usr_00724,1786457470.9421492,26.63,14,1,utilities,pos_chip,0.04,0.05,0.926,10.92,3.42,24159.7,0,0,52.04,1.54,0,0
00000000-0000-0000-074d-8bacd4b1b061,usr_00253,1786457474.1546164,8.61,14,1,electronics,online,0.65,0.6,0.688,30.36,4.96,8618.3,0,0,18.0,0.96,0,0
00000000-0000-0000-6ece-e25a3ad4dc90,usr_00131,1786457488.7453566,21.43,14,1,electronics,pos_chip,0.65,0.05,0.982,27.3,3.56,42123.7,0,0,45.53,0.94,0,0
00000000-0000-0000-75a0-6ffefe6293bd,usr_00497,1786457555.6794443,87.68,14,1,grocery,pos_chip,0.05,0.05,0.588,0.16,11.06,8527.0,0,0,164.31,2.67,0,0
00000000-0000-0000-7e0e-5e65fa99de50,usr_00615,1786457556.4864287,10.36,14,1,restaurant,pos_contactless,0.1,0.1,0.897,2.21,3.99,58228.4,0,0,29.19,1.06,0,0
00000000-0000-0000-0f06-7de33e181c20,usr_00689,1786457557.9719255,24.3,14,1,health,pos_chip,0.08,0.05,0.865,9.53,2.04,26855.8,0,0,67.59,0.72,0,0
00000000-0000-0000-6b5a-cf0cd3e50d94,usr_00106,1786457615.405969,8.05,14,1,restaurant,pos_chip,0.1,0.05,0.552,44.01,1.57,23221.4,0,0,46.27,0.35,0,0
00000000-0000-0000-05cc-f7a3fafc3ac4,usr_00713,1786457742.6527727,39.87,14,1,restaurant,online,0.1,0.6,0.707,32.7,2.69,10436.2,0,0,61.37,1.3,0,0
00000000-0000-0000-7d3c-33a148685a1b,usr_00239,1786457766.5133307,48.33,14,1,grocery,online,0.05,0.6,0.916,5.77,2.48,44280.5,0,0,15.94,3.03,0,0
00000000-0000-0000-3276-b14f41102df4,usr_00493,1786457890.7615795,17.08,14,1,restaurant,online,0.1,0.6,0.764,58.04,2.76,11930.4,0,0,179.48,0.19,0,0
00000000-0000-0000-36eb-a37dbab09fdb,usr_00905,1786457910.4154947,143.6,14,1,grocery,atm,0.05,0.25,0.733,6.29,0.94,13038.2,0,0,406.63,1.06,0,0
00000000-0000-0000-7f8a-51648fe27b53,usr_00550,1786457930.7400913,48.02,14,1,grocery,online,0.05,0.6,0.899,3.96,14.17,23513.5,0,0,152.48,0.94,0,0
00000000-0000-0000-6632-91ce81d1b85b,usr_00711,1786457963.0951364,54.12,14,1,gaming,pos_contactless,0.7,0.1,0.793,14.71,0.85,62563.3,0,0,104.81,1.03,0,0
00000000-0000-0000-3d13-ebe315d9f23e,usr_00865,1786458057.1085215,63.83,14,1,health,p2p,0.08,0.45,0.843,17.17,15.52,6540.1,0,0,347.49,0.55,0,0
00000000-0000-0000-17c5-4aef46af30a8,usr_00200,1786458065.62123,18.21,14,1,restaurant,pos_chip,0.1,0.05,0.649,3.82,0.01,5467.3,0,0,227.5,0.4,0,0
00000000-0000-0000-41e3-d26d4b23a41c,usr_00939,1786458084.7811847,27.73,14,1,restaurant,online,0.1,0.6,0.958,3.76,0.18,3625.3,0,0,338.33,0.41,0,0
00000000-0000-0000-69c1-898ed2797083,usr_00374,1786458152.4484935,110.64,14,1,general_retail,atm,0.15,0.25,0.934,16.67,1.16,30226.1,0,0,287.34,1.54,0,0
00000000-0000-0000-2a8a-18be56979dd9,usr_00453,1786458215.7710862,83.22,14,1,utilities,p2p,0.04,0.45,0.639,8.7,0.54,16038.8,0,0,452.76,0.74,0,0
00000000-0000-0000-5174-79e4d3d5436d,usr_00811,1786458271.998735,9.91,14,1,travel,online,0.4,0.6,0.948,1.97,1.31,3372.3,0,1,105.6,0.38,0,0
00000000-0000-0000-726b-f713739354c4,usr_00519,1786458302.0355916,53.41,14,1,restaurant,pos_contactless,0.1,0.1,0.655,8.99,0.42,7720.8,0,0,426.98,0.63,0,0
00000000-0000-0000-5c6c-a3fe05a7496c,usr_00541,1786458332.1495245,18.45,14,1,grocery,pos_contactless,0.05,0.1,0.583,4.54,6.15,4959.8,0,0,64.71,1.14,0,0
00000000-0000-0000-6ebf-d7d03829f309,usr_00919,1786458351.9054232,9.93,14,1,grocery,pos_contactless,0.05,0.1,0.912,2.98,2.83,23861.9,0,0,38.34,0.78,0,0
00000000-0000-0000-5942-35766d1c9d88,usr_00146,1786458353.7972739,11.46,14,1,health,pos_chip,0.08,0.05,0.609,36.97,0.91,45065.9,0,0,139.39,0.33,0,0
00000000-0000-0000-18d4-47f76eb79dc3,usr_00246,1786458364.8154356,16.06,14,1,restaurant,atm,0.1,0.25,0.887,0.33,8.81,28949.5,0,0,54.26,0.89,0,0
00000000-0000-0000-2346-80b05d284a30,usr_00357,1786458399.5296888,50.23,14,1,utilities,online,0.04,0.6,0.862,36.58,0.53,60073.8,0,0,69.9,1.44,0,0
00000000-0000-0000-1683-f39dc7c7bf4b,usr_00256,1786458411.2439117,61.11,14,1,grocery,online,0.05,0.6,0.94,6.67,0.54,8900.7,0,0,150.16,1.22,0,0
00000000-0000-0000-6d20-2d7c5e80f2e8,usr_00929,1786458419.7035606,38.98,14,1,restaurant,online,0.1,0.6,0.63,32.13,1.7,39600.7,0,0,131.2,0.89,0,0
00000000-0000-0000-7963-fade771b664f,usr_00100,1786458420.2494037,47.1,14,1,grocery,online,0.05,0.6,0.647,15.62,16.41,12014.3,0,0,78.37,1.8,0,0
00000000-0000-0000-6144-eb3f850eb158,usr_00200,1786458461.5115843,73.32,14,1,gaming,pos_chip,0.7,0.05,0.805,8.49,25.41,395.9,0,1,245.71,1.79,0,0
00000000-0000-0000-35f4-eec8e7d0a3da,usr_00128,1786458480.9374902,23.32,14,1,electronics,pos_chip,0.65,0.05,0.792,1.19,0.58,43986.9,0,0,75.64,0.62,0,0
00000000-0000-0000-3bcb-1d73ed2cac51,usr_00414,1786458493.0520396,34.0,14,1,grocery,pos_chip,0.05,0.05,0.833,27.54,2.83,29024.0,0,0,121.61,1.4,0,0
00000000-0000-0000-6054-c1ef29c3a9b0,usr_00140,1786458520.611454,10.98,14,1,crypto,pos_chip,0.9,0.05,0.864,2.39,4.74,16962.4,0,0,164.27,0.2,0,0
00000000-0000-0000-49fd-b594ded2b359,usr_00277,1786458525.033515,26.84,14,1,restaurant,online,0.1,0.6,0.866,2.8,3.8,2527.7,0,1,57.28,1.41,0,0
00000000-0000-0000-09fd-3f425174bdc0,usr_00325,1786458577.4941864,49.59,14,1,health,pos_chip,0.08,0.05,0.767,8.54,0.85,1692.4,0,1,378.67,0.79,0,0
00000000-0000-0000-34ad-dc5a0459c24c,usr_00813,1786458598.4483407,27.58,14,1,restaurant,pos_chip,0.1,0.05,0.845,13.14,8.53,38334.6,0,0,56.62,1.46,1,0
00000000-0000-0000-2be7-e72f8ed631c4,usr_00688,1786458648.6988206,21.51,14,1,restaurant,online,0.1,0.6,0.72,14.04,1.29,31003.7,0,0,95.92,0.67,0,0
00000000-0000-0000-4690-3e76bb2c8dcc,usr_00780,1786458649.3114343,24.24,14,1,health,online,0.08,0.6,0.647,5.45,2.13,86400.0,0,0,0.0,0.75,0,0
00000000-0000-0000-1486-5cd1dcc95f6b,usr_00914,1786458653.9973018,26.18,14,1,utilities,atm,0.04,0.25,0.814,11.01,8.06,69462.6,0,0,109.9,0.24,0,0
00000000-0000-0000-56e5-78fd41e405a2,usr_00542,1786458656.808162,68.73,14,1,restaurant,online,0.1,0.6,0.906,4.77,36.51,20805.6,0,0,224.79,1.22,0,0
00000000-0000-0000-574a-8d31470e4615,usr_00352,1786458663.346059,14.7,14,1,general_retail,pos_chip,0.15,0.05,0.836,4.76,0.7,51047.4,0,0,43.93,0.67,0,0
00000000-0000-0000-77d1-88a587bffdd2,usr_00042,1786458694.197117,11.47,14,1,electronics,online,0.65,0.6,0.872,3.12,10.83,16881.8,0,0,71.51,0.32,0,0
00000000-0000-0000-40ac-5fb1fc5a4d89,usr_00822,1786458697.2982473,18.06,14,1,gaming,pos_contactless,0.7,0.1,0.802,3.17,0.84,54834.8,0,0,17.11,2.11,0,0
00000000-0000-0000-17d5-60ce6e7b8b5a,usr_00678,1786458774.4887464,47.65,14,1,health,pos_contactless,0.08,0.1,0.75,3.72,4.35,11522.7,0,0,52.98,0.9,0,0
00000000-0000-0000-1510-7801f11ef52b,usr_00492,1786458798.7296476,22.78,14,1,general_retail,online,0.15,0.6,0.875,2.03,2.15,13348.7,0,0,215.02,0.53,0,0
00000000-0000-0000-55a1-94c2fa8e2d9b,usr_00545,1786458837.3184261,17.37,14,1,restaurant,pos_contactless,0.1,0.1,0.553,8.8,7.96,15114.6,0,0,94.31,0.55,0,0
00000000-0000-0000-32b7-5b9ada928b68,usr_00916,1786458915.752941,83.91,14,1,grocery,pos_chip,0.05,0.05,0.833,8.39,2.42,9498.8,0,0,347.17,1.21,0,0
00000000-0000-0000-130a-071444c7e3ee,usr_00518,1786458926.5782433,57.87,14,1,crypto,online,0.9,0.6,0.688,37.22,1.4,28270.6,0,0,285.97,0.81,0,0
00000000-0000-0000-60ea-9822be7d5a22,usr_00559,1786458957.0635693,46.08,14,1,grocery,pos_chip,0.05,0.05,0.751,3.33,3.98,23230.5,0,0,19.1,4.83,0,0
00000000-0000-0000-6e27-b2dee227d8c0,usr_00348,1786458959.041979,7.56,14,1,utilities,online,0.04,0.6,0.679,5.57,1.48,86400.0,0,0,0.0,0.59,0,0
00000000-0000-0000-7c8d-3dca6dc019da,usr_00915,1786458960.4343061,39.48,14,1,restaurant,pos_chip,0.1,0.05,0.641,3.04,2.91,8943.7,0,0,719.83,0.22,0,0
00000000-0000-0000-2710-77075ffe0d2e,usr_00184,1786458977.1458666,52.86,14,1,restaurant,pos_contactless,0.1,0.1,0.723,49.18,6.77,86400.0,0,0,0.0,1.23,0,0
00000000-0000-0000-65ec-578b843eb055,usr_00768,1786459003.4031827,9.93,14,1,gaming,pos_chip,0.7,0.05,0.681,15.88,6.4,17749.0,0,0,93.1,0.64,0,0
00000000-0000-0000-20a2-9e8618a3b0ed,usr_00015,1786459034.3707538,33.34,14,1,electronics,online,0.65,0.6,0.914,6.18,2.09,2734.0,0,1,55.32,1.81,0,0
00000000-0000-0000-7df2-96270ba6335b,usr_00074,1786459084.0025764,35.67,14,1,utilities,pos_contactless,0.04,0.1,0.866,7.36,5.05,5077.1,0,0,314.84,1.02,0,0
00000000-0000-0000-20d6-c7d1cb65cf34,usr_00524,1786459125.9442394,107.49,14,1,gaming,pos_chip,0.7,0.05,0.949,0.91,9.62,12127.8,0,0,306.42,1.4,0,0
00000000-0000-0000-10af-58d0d99d7e23,usr_00402,1786459147.8827162,87.0,14,1,general_retail,atm,0.15,0.25,0.927,30.7,3.64,13297.5,0,0,324.58,1.34,0,0
00000000-0000-0000-52ec-c2609a26c34d,usr_00030,1786459163.9593737,78.81,14,1,grocery,online,0.05,0.6,0.849,36.97,13.15,42901.0,0,0,298.17,0.53,0,0
00000000-0000-0000-6388-a7e7d5d82e1d,usr_00353,1786459176.1588986,166.6,14,1,grocery,pos_contactless,0.05,0.1,0.771,2.51,16.04,26972.7,0,0,394.81,2.11,0,0
00000000-0000-0000-2874-091a4b3440b5,usr_00685,1786459176.3113725,34.25,14,1,restaurant,pos_chip,0.1,0.05,0.814,11.45,2.22,58847.8,0,0,42.61,0.8,0,0
00000000-0000-0000-19d3-7a7d4e35cb19,usr_00632,1786459205.0091505,35.12,14,1,grocery,online,0.05,0.6,0.735,43.48,0.3,86400.0,0,0,0.0,1.35,0,0
00000000-0000-0000-32da-89f899aba270,usr_00112,1786459253.293583,22.17,14,1,grocery,pos_chip,0.05,0.05,0.947,5.68,7.09,34312.6,0,0,59.21,1.12,0,0
00000000-0000-0000-2eaf-d0b67571bd5a,usr_00370,1786459290.31693,111.33,14,1,restaurant,online,0.1,0.6,0.643,47.92,2.33,28846.2,0,0,44.02,5.06,0,0
00000000-0000-0000-16da-4c076218f1fd,usr_00875,1786459300.9102752,17.69,14,1,utilities,pos_contactless,0.04,0.1,0.539,14.7,6.25,86400.0,0,0,0.0,1.73,0,0
00000000-0000-0000-3477-5d0214d49764,usr_00906,1786459316.752013,53.5,14,1,health,pos_chip,0.08,0.05,0.77,5.41,7.27,14420.1,0,0,49.26,3.26,0,0
00000000-0000-0000-270d-83f8d387157d,usr_00284,1786459328.5235324,13.34,14,1,general_retail,pos_chip,0.15,0.05,0.669,13.26,20.19,86400.0,0,0,0.0,0.78,0,0
00000000-0000-0000-31e6-29a82f945932,usr_00335,1786459343.370803,17.89,14,1,restaurant,pos_contactless,0.1,0.1,0.629,0.98,6.09,53979.6,0,0,34.96,1.02,0,0
00000000-0000-0000-2665-09d66f93ca4c,usr_00085,1786459363.233398,22.11,14,1,electronics,pos_contactless,0.65,0.1,0.817,9.94,1.31,32797.8,0,0,171.03,0.52,0,0
00000000-0000-0000-0c40-09795a664d9e,usr_00307,1786459365.6387234,23.26,14,1,restaurant,pos_contactless,0.1,0.1,0.671,3.84,4.79,74558.7,0,0,73.64,0.32,0,0
00000000-0000-0000-3124-87c7daa69e69,usr_00621,1786459372.6187537,26.77,14,1,electronics,pos_chip,0.65,0.05,0.91,17.12,3.56,8004.3,0,0,158.68,0.84,0,0
00000000-0000-0000-0458-4863a46e7661,usr_00632,1786459375.5481145,34.4,14,1,general_retail,online,0.15,0.6,0.635,20.1,2.73,170.5,1,1,35.12,0.98,0,0
00000000-0000-0000-35c2-ac1336dbfb67,usr_00705,1786459375.7908566,33.75,14,1,grocery,pos_contactless,0.05,0.1,0.803,1.17,2.19,17033.1,0,0,13.0,2.6,0,0
00000000-0000-0000-15d0-7db34db67a81,usr_00031,1786459384.9919899,17.97,14,1,grocery,online,0.05,0.6,0.836,11.57,10.52,8118.4,0,0,113.11,0.79,0,0
00000000-0000-0000-2577-291d7969eba1,usr_00101,1786459398.7228262,73.63,14,1,travel,pos_contactless,0.4,0.1,0.842,23.0,12.47,19272.5,0,0,137.16,1.07,0,0
00000000-0000-0000-25ef-be28e3bbe9a4,usr_00513,1786459411.304643,31.51,14,1,grocery,pos_chip,0.05,0.05,0.805,1.78,6.45,31226.8,0,0,62.53,1.01,0,0
00000000-0000-0000-16a9-814b8021aad3,usr_00239,1786459412.211399,43.95,14,1,restaurant,p2p,0.1,0.45,0.704,21.68,7.45,1645.7,0,1,64.27,1.37,0,0
00000000-0000-0000-6f09-c09fac9ca511,usr_00026,1786459455.0981905,51.57,14,1,grocery,online,0.05,0.6,0.815,12.7,21.26,15910.0,0,0,138.24,1.12,0,0
00000000-0000-0000-747d-abd73cc91873,usr_00280,1786459459.2385616,63.36,14,1,restaurant,pos_contactless,0.1,0.1,0.771,25.42,0.46,22049.6,0,0,272.65,1.16,0,0
00000000-0000-0000-38fc-50e8815fcb23,usr_00678,1786459482.1743588,27.28,14,1,gaming,pos_chip,0.7,0.05,0.767,15.95,3.72,707.7,0,1,100.63,0.54,0,0
00000000-0000-0000-3671-f5f4243f6cc5,usr_00627,1786459506.4039521,81.09,14,1,grocery,pos_chip,0.05,0.05,0.973,1.09,5.42,46116.7,0,0,45.13,1.8,0,0
00000000-0000-0000-2cc4-3e2d5ec2ac2a,usr_00926,1786459509.4969409,36.51,14,1,general_retail,p2p,0.15,0.45,0.547,7.82,2.61,15369.8,0,0,131.67,0.83,0,0
00000000-0000-0000-12e1-bdeb7c06f641,usr_00303,1786459510.3350832,39.0,14,1,restaurant,online,0.1,0.6,0.663,21.03,4.99,26406.3,0,0,82.42,1.89,0,0
00000000-0000-0000-5865-4910b3da5920,usr_00728,1786459510.9808385,34.14,14,1,electronics,pos_chip,0.65,0.05,0.927,11.61,0.17,53794.7,0,0,20.18,3.38,0,0
00000000-0000-0000-7a9d-708670f73e64,usr_00172,1786459519.1899974,22.17,14,1,travel,online,0.4,0.6,0.83,1.76,1.14,10981.3,0,0,80.16,1.11,0,0
00000000-0000-0000-29a9-f397083ab904,usr_00365,1786459540.8486989,66.83,14,1,grocery,pos_chip,0.05,0.05,0.805,13.89,16.51,40718.7,0,0,146.84,0.46,0,0
00000000-0000-0000-47e0-b18ec275c4d0,usr_00967,1786459544.454472,26.87,14,1,travel,online,0.4,0.6,0.661,4.0,0.3,6605.9,0,0,176.51,0.91,0,0
00000000-0000-0000-0ec6-e5564b235ed3,usr_00537,1786459546.2716873,85.27,14,1,grocery,pos_chip,0.05,0.05,0.79,2.37,1.13,2906.9,0,2,339.16,1.51,0,0
00000000-0000-0000-5130-b416a2ed59fa,usr_00335,1786459568.6171315,18.48,14,1,restaurant,online,0.1,0.6,0.949,0.73,3.09,225.2,1,1,52.85,1.05,0,0
00000000-0000-0000-55d7-46be21d1ced4,usr_00041,1786459572.5139718,32.31,14,1,utilities,pos_chip,0.04,0.05,0.76,17.4,19.41,6137.4,0,0,362.26,0.45,0,0
00000000-0000-0000-13f0-2e8d32e0ef9f,usr_00045,1786459614.0003135,31.42,14,1,general_retail,pos_chip,0.15,0.05,0.805,17.91,3.37,9436.8,0,0,46.71,0.67,0,0
00000000-0000-0000-5deb-1b33a2f5e5c4,usr_00183,1786459630.8708487,38.4,14,1,general_retail,pos_chip,0.15,0.05,0.786,10.54,1.6,6316.8,0,0,499.72,0.46,0,0
00000000-0000-0000-06ce-95f2ce61505e,usr_00614,1786459652.9602926,17.44,14,1,electronics,pos_chip,0.65,0.05,0.87,3.85,9.62,68384.6,0,0,62.83,0.56,0,0
00000000-0000-0000-1acf-e5573ffa4fb6,usr_00213,1786459705.0726264,34.25,14,1,general_retail,online,0.15,0.6,0.721,21.51,7.23,15471.6,0,0,91.75,0.75,0,0
00000000-0000-0000-0a42-7774627cc07a,usr_00252,1786459709.4981549,64.21,14,1,grocery,online,0.05,0.6,0.816,0.56,0.33,86400.0,0,0,0.0,0.69,0,0
00000000-0000-0000-2c89-b0195b99c327,usr_00835,1786459729.9309082,12.14,14,1,grocery,online,0.05,0.6,0.799,5.78,0.22,17909.1,0,0,190.99,0.44,0,0
00000000-0000-0000-08a2-9c2eb88802d5,usr_00278,1786459740.477503,67.37,14,1,restaurant,pos_contactless,0.1,0.1,0.754,4.61,1.22,11267.6,0,0,459.53,0.88,0,0
00000000-0000-0000-2ee7-9e57a8fd85d5,usr_00682,1786459744.0079803,165.74,14,1,utilities,pos_contactless,0.04,0.1,0.937,21.27,1.96,28442.4,0,0,95.44,3.47,0,0
00000000-0000-0000-77ab-1e189110b032,usr_00524,1786459766.5388212,219.31,14,1,general_retail,online,0.15,0.6,0.607,2.07,4.05,640.6,0,1,413.91,2.65,0,0
00000000-0000-0000-601c-36f46966f414,usr_00607,1786459767.4177322,31.43,14,1,grocery,pos_chip,0.05,0.05,0.399,0.73,0.23,16333.3,0,0,128.28,0.25,0,0
00000000-0000-0000-48d4-e980e3b3a566,usr_00055,1786459814.1946962,26.52,14,1,electronics,online,0.65,0.6,0.589,2.75,6.83,4950.1,0,0,110.93,1.2,0,0
00000000-0000-0000-3178-ba035de9c627,usr_00023,1786459842.8572445,25.82,14,1,travel,pos_contactless,0.4,0.1,0.529,9.04,5.02,45765.2,0,0,32.09,0.8,0,0
00000000-0000-0000-6aef-3ca7aa112edb,usr_00431,1786459941.465744,36.07,14,1,travel,online,0.4,0.6,0.797,3.56,12.46,3595.5,0,1,297.99,1.09,0,0
00000000-0000-0000-43da-d818b3bb1ddb,usr_00397,1786459956.874775,26.2,14,1,grocery,online,0.05,0.6,0.65,4.43,6.79,4848.0,0,0,91.01,0.58,0,0
00000000-0000-0000-7689-84a9760013fa,usr_00734,1786460019.8503523,71.0,14,1,electronics,online,0.65,0.6,0.823,5.57,1.99,39254.0,0,0,152.82,1.39,0,0
00000000-0000-0000-3024-30318fd15102,usr_00099,1786460024.9033623,30.65,14,1,electronics,pos_contactless,0.65,0.1,0.651,14.76,1.63,35739.0,0,0,34.19,1.79,0,0
00000000-0000-0000-28c8-06ad6094d775,usr_00661,1786460043.757512,36.54,14,1,electronics,pos_chip,0.65,0.05,0.981,30.03,9.48,54510.6,0,0,32.51,1.12,0,0
00000000-0000-0000-22d0-18498ec9e9e4,usr_00065,1786460062.52253,113.71,14,1,jewelry,p2p,0.8,0.45,0.773,35.5,0.34,47679.9,0,0,126.89,2.69,0,0
00000000-0000-0000-5f1e-b3bcdedc27c9,usr_00833,1786460091.5325108,26.78,14,1,grocery,online,0.05,0.6,0.673,3.2,2.22,24375.7,0,0,71.67,0.75,0,0
00000000-0000-0000-2ae7-3540c74c1e0f,usr_00060,1786460164.241544,26.2,14,1,grocery,pos_chip,0.05,0.05,0.821,12.5,0.93,86400.0,0,0,0.0,2.17,0,0
00000000-0000-0000-1b42-c9b5259645b0,usr_00042,1786460203.8464973,17.89,14,1,utilities,pos_contactless,0.04,0.1,0.882,31.45,1.99,1509.6,0,1,82.98,0.65,0,0
00000000-0000-0000-4a7a-da80c25f3ffb,usr_00988,1786460205.777361,19.43,14,1,restaurant,p2p,0.1,0.45,0.818,6.23,8.72,86400.0,0,0,0.0,0.7,0,0
00000000-0000-0000-6d6c-1ce5d6115aaa,usr_00454,1786460226.6872904,38.22,14,1,grocery,atm,0.05,0.25,0.578,6.71,6.42,15402.2,0,0,227.28,1.18,0,0
00000000-0000-0000-7c0e-9b19c353f9a0,usr_00448,1786460236.3108222,69.09,14,1,grocery,pos_contactless,0.05,0.1,0.901,8.58,7.33,11380.9,0,0,144.72,0.95,0,0
00000000-0000-0000-689c-5ae1c669b6b1,usr_00738,1786460239.7143955,9.16,14,1,grocery,online,0.05,0.6,0.892,1.96,15.22,24133.2,0,0,25.85,0.71,0,0
00000000-0000-0000-3e1f-939db0e336c3,usr_00268,1786460256.0478187,66.58,14,1,electronics,online,0.65,0.6,0.954,35.93,6.64,34709.3,0,0,50.55,1.32,0,0
00000000-0000-0000-427b-fad6488348c8,usr_00403,1786460268.8203893,12.79,14,1,general_retail,pos_chip,0.15,0.05,0.931,7.58,3.48,59280.8,0,0,69.93,0.55,0,0
00000000-0000-0000-3cea-171cfc9f0052,usr_00438,1786460269.6834574,13.9,14,1,health,pos_chip,0.08,0.05,0.716,5.04,6.91,16132.9,0,0,103.82,0.54,0,0
00000000-0000-0000-01d6-2c10e1324d19,usr_00223,1786460289.5008066,8.34,14,1,health,atm,0.08,0.25,0.811,28.34,4.18,14101.4,0,0,68.16,0.37,0,0
00000000-0000-0000-445d-bbbf9837cb6d,usr_00535,1786460291.9657936,26.3,14,1,crypto,online,0.9,0.6,0.591,14.07,1.98,68125.3,0,0,39.15,0.67,0,0
00000000-0000-0000-6841-b91ad06be907,usr_00008,1786460326.7873495,44.65,14,1,restaurant,online,0.1,0.6,0.866,2.17,1.04,17853.6,0,0,272.32,1.15,0,0
00000000-0000-0000-36a5-cd9849953484,usr_00856,1786460334.3076012,27.85,14,1,restaurant,pos_contactless,0.1,0.1,0.854,0.47,2.73,32510.9,0,0,185.61,0.45,0,0
00000000-0000-0000-531b-c663c82af8a4,usr_00028,1786460356.7471094,108.83,14,1,general_retail,atm,0.15,0.25,0.922,6.83,9.49,27287.5,0,0,285.58,2.29,0,0
00000000-0000-0000-5821-7e2154446e40,usr_00201,1786460361.4879968,118.57,14,1,restaurant,pos_chip,0.1,0.05,0.637,4.57,0.63,3129.8,0,1,244.13,1.46,0,0
00000000-0000-0000-7f4a-0eeffde910ac,usr_00176,1786460418.9556494,83.23,15,1,utilities,pos_chip,0.04,0.05,0.929,5.64,14.57,11358.9,0,0,176.26,0.94,0,0
00000000-0000-0000-59c5-2e8862618574,usr_00504,1786460420.3293407,2.63,15,1,general_retail,pos_chip,0.15,0.05,0.86,5.08,6.98,27200.1,0,0,37.0,0.36,0,0
00000000-0000-0000-6102-7285d40b7c97,usr_00906,1786460475.18231,11.3,15,1,restaurant,pos_contactless,0.1,0.1,0.903,4.49,1.82,1158.4,0,1,102.76,0.44,0,0
00000000-0000-0000-38cc-46567f45f5d0,usr_00593,1786460480.135423,8.88,15,1,general_retail,online,0.15,0.6,0.854,5.4,3.43,9071.2,0,0,47.82,0.74,0,0
00000000-0000-0000-11f2-6f15e570b025,usr_00575,1786460484.070675,17.82,15,1,health,pos_chip,0.08,0.05,0.594,11.07,0.11,37006.1,0,0,120.81,0.74,0,0
00000000-0000-0000-3fa3-dad3f4b83454,usr_00682,1786460507.0543866,66.54,15,1,health,p2p,0.08,0.45,0.906,1.61,16.91,763.0,0,1,261.18,0.76,0,0
00000000-0000-0000-047e-f37d4277602f,usr_00300,1786460526.8254752,134.5,15,1,electronics,online,0.65,0.6,0.947,29.72,1.15,36463.9,0,0,73.66,1.83,0,0
00000000-0000-0000-5e20-4af54dd6af82,usr_00853,1786460605.9130414,15.81,15,1,restaurant,atm,0.1,0.25,0.738,13.9,1.38,13611.3,0,0,232.09,0.41,0,0
00000000-0000-0000-499b-c987405b12c4,usr_00691,1786460622.7648892,32.4,15,1,electronics,pos_chip,0.65,0.05,0.768,9.67,3.14,47387.8,0,0,89.75,1.08,0,0
00000000-0000-0000-71cd-3647cad16050,usr_00911,1786460628.5971215,35.21,15,1,electronics,pos_chip,0.65,0.05,0.801,9.48,1.95,15231.2,0,0,157.87,0.67,0,0
00000000-0000-0000-233a-48a260120056,usr_00508,1786460650.7324061,28.39,15,1,restaurant,pos_chip,0.1,0.05,0.747,14.96,2.65,50488.3,0,0,13.27,2.14,0,0
00000000-0000-0000-0b49-c356a4eebc25,usr_00751,1786460670.7230432,27.72,15,1,utilities,pos_contactless,0.04,0.1,0.603,1.84,0.91,86400.0,0,0,0.0,1.0,0,0
00000000-0000-0000-0dd7-ec2372d00c7c,usr_00703,1786460690.6970432,17.03,15,1,travel,p2p,0.4,0.45,0.804,31.96,4.22,78920.5,0,0,11.49,1.48,0,0
00000000-0000-0000-0d1d-479ed5395ddc,usr_00044,1786460775.8541963,36.71,15,1,restaurant,online,0.1,0.6,0.739,7.02,3.15,23098.6,0,0,49.76,1.48,0,0
00000000-0000-0000-119a-81e108f6b49d,usr_00268,1786460783.265396,21.13,15,1,grocery,p2p,0.05,0.45,0.976,31.26,5.1,527.2,0,1,117.13,0.36,0,0
00000000-0000-0000-7957-cb6588deaf0d,usr_00690,1786460797.0277016,21.53,15,1,restaurant,pos_chip,0.1,0.05,0.771,5.46,1.44,19606.7,0,0,176.07,0.61,0,0
00000000-0000-0000-4389-f437f37b906a,usr_00638,1786460840.4442992,39.76,15,1,travel,pos_chip,0.4,0.05,0.473,13.61,5.53,73168.0,0,0,66.15,1.2,0,0
00000000-0000-0000-4907-a125525365a0,usr_00174,1786460866.926238,14.17,15,1,grocery,pos_contactless,0.05,0.1,0.881,24.58,9.07,17310.1,0,0,62.25,0.68,0,0
00000000-0000-0000-3543-702eb85c4581,usr_00927,1786460872.6675832,147.62,15,1,restaurant,p2p,0.1,0.45,0.895,3.24,19.5,14582.6,0,0,57.11,2.58,0,0
00000000-0000-0000-7755-119b35ea92bf,usr_00812,1786460907.702467,29.52,15,1,grocery,online,0.05,0.6,0.868,20.51,3.64,40689.4,0,0,106.17,0.56,0,0
00000000-0000-0000-1aaf-0a49b57838e4,usr_00737,1786460912.272496,96.39,15,1,utilities,atm,0.04,0.25,0.834,1.02,0.74,3865.6,0,0,175.41,1.65,0,0
00000000-0000-0000-6489-16dc0e7a68db,usr_00805,1786460939.4473827,82.18,15,1,grocery,online,0.05,0.6,0.632,1.39,3.65,14199.8,0,0,339.66,1.45,0,0
00000000-0000-0000-211f-23396d899dea,usr_00229,1786460987.940292,29.48,15,1,travel,pos_chip,0.4,0.05,0.921,5.78,6.8,38822.5,0,0,52.34,1.13,0,0
00000000-0000-0000-40c2-a2ee8153dace,usr_00336,1786461023.8003705,23.74,15,1,electronics,pos_chip,0.65,0.05,0.93,33.87,8.0,12406.5,0,0,162.61,0.88,0,0
00000000-0000-0000-6ad8-aceada3197fe,usr_00810,1786461024.1454217,25.03,15,1,general_retail,online,0.15,0.6,0.921,12.2,10.87,22782.6,0,0,138.17,0.36,0,0
00000000-0000-0000-136d-b19954decad3,usr_00282,1786461041.9337204,27.43,15,1,grocery,online,0.05,0.6,0.941,2.52,17.75,27207.2,0,0,46.08,0.6,1,0
00000000-0000-0000-27e3-858963e0e001,usr_00199,1786461046.1066067,58.91,15,1,general_retail,atm,0.15,0.25,0.861,12.47,13.38,25865.2,0,0,163.43,1.44,1,0
00000000-0000-0000-58fb-745461e9605c,usr_00860,1786461055.8408537,19.29,15,1,restaurant,online,0.1,0.6,0.677,4.51,1.71,26261.2,0,0,32.44,1.19,0,0
00000000-0000-0000-074e-e2a9340d87b3,usr_00325,1786461090.327589,46.28,15,1,general_retail,online,0.15,0.6,0.919,11.94,6.4,2512.8,0,1,428.26,0.76,0,0
00000000-0000-0000-29d7-2ec9851d2528,usr_00801,1786461095.1091657,9.27,15,1,restaurant,p2p,0.1,0.45,0.78,10.47,5.74,11232.6,0,0,141.05,0.39,0,0
00000000-0000-0000-3700-d10cad53a956,usr_00246,1786461161.2586863,13.83,15,1,electronics,atm,0.65,0.25,0.92,2.25,0.27,2796.4,0,1,70.32,0.79,0,0
00000000-0000-0000-17d3-7c5c4c25c10a,usr_00953,1786461161.9333537,14.59,15,1,restaurant,pos_chip,0.1,0.05,0.858,44.05,1.51,3828.5,0,0,154.08,0.76,0,0
00000000-0000-0000-08ea-9b283db80b17,usr_00955,1786461166.6598654,149.37,15,1,health,pos_chip,0.08,0.05,0.729,11.11,0.21,10056.3,0,0,515.36,1.74,0,0
00000000-0000-0000-5bd9-381a63081e35,usr_00425,1786461167.9433458,19.01,15,1,restaurant,pos_contactless,0.1,0.1,0.622,8.83,3.68,41824.3,0,0,62.73,0.61,0,0
00000000-0000-0000-315f-725c43d06be4,usr_00260,1786461184.9800444,20.84,15,1,general_retail,online,0.15,0.6,0.732,4.92,0.49,6998.7,0,0,42.34,0.98,0,0
00000000-0000-0000-7fa1-85656c0740ec,usr_00764,1786461192.1113892,38.39,15,1,grocery,atm,0.05,0.25,0.724,9.97,3.86,37159.9,0,0,125.61,0.92,0,0
00000000-0000-0000-2c2a-6e29f611f40a,usr_00636,1786461209.6697927,71.89,15,1,restaurant,online,0.1,0.6,0.731,4.91,0.84,12934.8,0,0,209.76,2.06,0,0
00000000-0000-0000-2ace-7170397c9108,usr_00864,1786461261.7840667,47.53,15,1,grocery,pos_contactless,0.05,0.1,0.652,6.86,0.33,3812.7,0,0,80.26,2.96,0,0
00000000-0000-0000-756c-d22409538cca,usr_00658,1786461286.1873765,50.86,15,1,gaming,atm,0.7,0.25,0.808,1.65,0.17,42489.7,0,0,368.47,0.55,0,0
00000000-0000-0000-22d6-a36692a2f82c,usr_00362,1786461287.3701794,30.99,15,1,electronics,pos_chip,0.65,0.05,0.891,3.72,0.8,23633.4,0,0,187.45,0.66,1,0
00000000-0000-0000-2cd9-723897abc3d9,usr_00000,1786461287.5039728,23.79,15,1,restaurant,pos_contactless,0.1,0.1,0.6,4.34,5.32,15702.9,0,0,107.61,0.88,0,0
00000000-0000-0000-19cf-95615f8d581f,usr_00139,1786461314.6620243,247.65,15,1,electronics,online,0.65,0.6,0.942,28.29,3.45,12838.7,0,0,965.92,1.03,0,0
00000000-0000-0000-4f31-424f77b271ca,usr_00341,1786461317.2594562,19.27,15,1,grocery,pos_chip,0.05,0.05,0.886,0.15,2.87,13525.5,0,0,200.41,0.38,0,0
00000000-0000-0000-492d-c4215d084811,usr_00361,1786461335.669486,14.4,15,1,general_retail,atm,0.15,0.25,0.623,0.8,7.0,51208.9,0,0,80.19,0.36,0,0
00000000-0000-0000-2224-93307cd26612,usr_00321,1786461395.8486702,29.22,15,1,grocery,pos_chip,0.05,0.05,0.828,12.87,9.26,5048.5,0,0,68.49,0.85,0,0
00000000-0000-0000-02df-d3c8f9a91a54,usr_00856,1786461416.2299166,29.92,15,1,restaurant,pos_chip,0.1,0.05,0.857,12.18,1.87,1081.9,0,1,213.46,0.56,0,0
00000000-0000-0000-2a4f-8df6620843ac,usr_00520,1786461448.898565,22.66,15,1,travel,atm,0.4,0.25,0.858,0.86,0.52,29325.0,0,0,46.56,0.97,0,0
00000000-0000-0000-0b3c-e5a2273c23bf,usr_00424,1786461460.9728212,30.97,15,1,utilities,pos_chip,0.04,0.05,0.725,24.84,2.73,21403.4,0,0,24.85,2.49,0,0
00000000-0000-0000-5a57-7adeecb1aa1a,usr_00131,1786461473.426805,21.22,15,1,jewelry,atm,0.8,0.25,0.812,4.86,1.29,3984.7,0,0,66.96,0.95,0,0
00000000-0000-0000-25c1-147ae77d9f68,usr_00554,1786461474.3025906,25.17,15,1,grocery,online,0.05,0.6,0.972,19.64,0.23,52184.6,0,0,68.61,0.37,0,0
00000000-0000-0000-52c0-5aa1a6fc7755,usr_00115,1786461478.309701,225.83,15,1,electronics,online,0.65,0.6,0.1,639.08,73.88,11809.9,0,0,182.9,4.94,1,1
00000000-0000-0000-6b7b-83b3cc6c1d13,usr_00441,1786461479.4553864,22.44,15,1,utilities,online,0.04,0.6,0.715,3.4,3.43,13291.7,0,0,142.46,0.63,0,0
00000000-0000-0000-4fc1-f78ea1a4f5ab,usr_00128,1786461488.926425,18.08,15,1,utilities,p2p,0.04,0.45,0.561,2.69,20.08,3008.0,0,1,98.96,0.55,0,0
00000000-0000-0000-7736-3c7c202e5026,usr_00853,1786461516.6502166,22.5,15,1,grocery,pos_contactless,0.05,0.1,0.963,5.82,0.14,910.7,0,1,247.9,0.64,0,0
00000000-0000-0000-5192-49b99aba2ed1,usr_00309,1786461520.0822377,92.33,15,1,utilities,online,0.04,0.6,0.788,22.8,1.97,20933.0,0,0,362.61,0.76,0,0
00000000-0000-0000-130c-2dcdf23dd52e,usr_00437,1786461565.0290313,19.27,15,1,grocery,online,0.05,0.6,0.577,7.83,0.29,25602.7,0,0,58.26,1.32,0,0
00000000-0000-0000-2564-cd659a728282,usr_00191,1786461583.520229,18.83,15,1,grocery,pos_contactless,0.05,0.1,0.701,2.36,8.11,86400.0,0,0,0.0,0.63,0,0
00000000-0000-0000-118c-cb2edfe32bb0,usr_00423,1786461606.1625543,10.8,15,1,electronics,pos_contactless,0.65,0.1,0.642,22.99,2.28,26841.8,0,0,76.39,0.99,0,0
00000000-0000-0000-541a-65d09f49cdfe,usr_00126,1786461648.6602652,113.91,15,1,grocery,online,0.05,0.6,0.679,2.04,5.1,29970.3,0,0,492.73,1.16,0,0
00000000-0000-0000-502d-d599c6fb4ead,usr_00809,1786461665.6221375,30.05,15,1,grocery,pos_chip,0.05,0.05,0.775,9.76,4.37,13171.3,0,0,58.04,1.04,0,0
00000000-0000-0000-135e-01b7589a221f,usr_00562,1786461688.431972,35.84,15,1,health,pos_chip,0.08,0.05,0.959,7.74,2.54,60659.9,0,0,41.24,0.87,0,0
00000000-0000-0000-3ee4-b83e0ec38d16,usr_00239,1786461707.484474,34.36,15,1,utilities,online,0.04,0.6,0.773,24.93,2.19,2295.3,0,1,108.22,0.95,0,0
00000000-0000-0000-4baa-b9dc80a051cf,usr_00247,1786461709.1911538,78.84,15,1,grocery,online,0.05,0.6,0.852,1.58,0.04,72886.7,0,0,33.59,2.35,0,0
00000000-0000-0000-5a3d-e27f3232079b,usr_00999,1786461714.334766,49.37,15,1,general_retail,pos_chip,0.15,0.05,0.924,2.85,7.09,45036.3,0,0,410.18,0.24,0,0
00000000-0000-0000-5564-69d8cf31328b,usr_00058,1786461753.8171113,39.4,15,1,restaurant,online,0.1,0.6,0.851,22.27,6.17,40510.6,0,0,55.41,1.42,0,0
00000000-0000-0000-485d-2c07574bb1ca,usr_00543,1786461839.9833229,12.23,15,1,utilities,pos_contactless,0.04,0.1,0.922,10.27,3.44,34520.0,0,0,53.2,0.69,0,0
00000000-0000-0000-4340-2b3deaad47f8,usr_00764,1786461844.3920848,78.1,15,1,gaming,online,0.7,0.6,0.942,9.75,3.6,652.3,0,1,164.0,1.9,1,0
00000000-0000-0000-7a1d-2825f8f5976a,usr_00737,1786461857.4771252,56.44,15,1,grocery,atm,0.05,0.25,0.567,17.17,6.72,945.2,0,1,271.8,0.83,0,0
00000000-0000-0000-0153-c29e39235afe,usr_00082,1786461864.9908986,38.88,15,1,travel,pos_chip,0.4,0.05,0.798,14.32,19.82,37852.7,0,0,102.72,1.51,0,0
00000000-0000-0000-1cf9-9ccb57583343,usr_00964,1786461891.0160933,43.45,15,1,gaming,pos_contactless,0.7,0.1,0.771,4.28,10.31,10028.6,0,0,25.7,1.69,0,0
00000000-0000-0000-1edf-f81be6c24f57,usr_00863,1786461910.7012112,58.98,15,1,travel,online,0.4,0.6,0.777,2.29,0.61,86400.0,0,0,0.0,1.69,0,0
00000000-0000-0000-21eb-0c377eda3e8e,usr_00599,1786461911.7250814,9.99,15,1,general_retail,p2p,0.15,0.45,0.809,7.03,20.39,17578.7,0,0,69.46,0.72,0,0
00000000-0000-0000-6425-7fdcca85f72b,usr_00265,1786461997.7190952,42.98,15,1,restaurant,p2p,0.1,0.45,0.892,3.96,0.81,5869.6,0,0,306.11,0.42,0,0
00000000-0000-0000-1896-ca1a8115eb06,usr_00946,1786462062.1384134,28.21,15,1,gaming,pos_chip,0.7,0.05,0.89,19.52,5.81,24742.0,0,0,160.74,0.53,0,0
00000000-0000-0000-6fce-c7e86bba991a,usr_00995,1786462093.751458,59.69,15,1,grocery,online,0.05,0.6,0.799,0.36,11.89,47706.0,0,0,165.46,1.08,0,0
00000000-0000-0000-71fc-7ea7a8196265,usr_00247,1786462113.1535745,80.64,15,1,grocery,pos_contactless,0.05,0.1,0.582,5.04,6.12,404.0,0,1,112.43,1.43,0,0
00000000-0000-0000-214c-92bd96c4cba9,usr_00445,1786462121.6310296,7.59,15,1,travel,pos_contactless,0.4,0.1,0.697,14.92,1.51,5416.6,0,0,33.23,0.69,0,0
00000000-0000-0000-4df6-502271a74f43,usr_00892,1786462134.2705162,22.25,15,1,utilities,pos_contactless,0.04,0.1,0.887,7.38,2.09,10021.4,0,0,132.09,1.01,0,0
00000000-0000-0000-1be9-4f79dcbf850e,usr_00621,1786462144.2854002,17.73,15,1,utilities,pos_chip,0.04,0.05,0.756,10.63,6.21,2771.7,0,1,185.45,0.57,0,0
00000000-0000-0000-1918-8030564669f4,usr_00511,1786462157.0599587,15.32,15,1,restaurant,pos_contactless,0.1,0.1,0.857,3.91,7.2,5497.3,0,0,78.51,0.59,0,0
00000000-0000-0000-2584-6b371302c302,usr_00313,1786462158.9086654,57.5,15,1,grocery,atm,0.05,0.25,0.841,9.05,2.07,30315.6,0,0,83.63,2.06,0,0
00000000-0000-0000-33c0-f1145a1133c6,usr_00240,1786462205.75193,18.31,15,1,health,pos_contactless,0.08,0.1,0.927,14.87,1.41,30139.0,0,0,52.88,1.04,0,0
00000000-0000-0000-6eca-fad0831e68c3,usr_00042,1786462227.1798933,12.58,15,1,travel,pos_chip,0.4,0.05,0.848,4.75,10.26,2023.3,0,2,100.87,0.5,0,0
00000000-0000-0000-59d6-cef845497576,usr_00594,1786462241.5434391,29.17,15,1,utilities,pos_chip,0.04,0.05,0.883,5.38,8.19,19565.5,0,0,67.01,1.74,0,0
00000000-0000-0000-1008-0ebb1b2687f9,usr_00824,1786462271.734775,9.7,15,1,restaurant,pos_contactless,0.1,0.1,0.953,1.32,7.45,86400.0,0,0,0.0,0.9,0,0
00000000-0000-0000-0e00-64207766d6ab,usr_00858,1786462302.327897,4.46,15,1,general_retail,online,0.15,0.6,0.938,14.24,0.41,13046.7,0,0,24.81,0.36,0,0
00000000-0000-0000-457e-bd3423350b6e,usr_00308,1786462303.0499876,52.38,15,1,grocery,pos_contactless,0.05,0.1,0.554,2.95,5.37,46450.9,0,0,113.41,0.46,0,0
00000000-0000-0000-68e4-d8ea0228ac04,usr_00604,1786462307.331522,19.31,15,1,utilities,pos_contactless,0.04,0.1,0.904,0.21,2.91,19141.9,0,0,58.27,0.99,0,0
00000000-0000-0000-11d4-db3cb3240dc0,usr_00568,1786462323.7795846,69.41,15,1,restaurant,online,0.1,0.6,0.788,13.23,6.25,31984.0,0,0,134.85,1.54,0,0
00000000-0000-0000-4b1c-a6bf6c58b04e,usr_00313,1786462366.0027885,37.33,15,1,electronics,pos_chip,0.65,0.05,0.898,4.76,15.81,207.1,1,1,141.13,1.06,0,0
00000000-0000-0000-4c1a-7ec39fb15be2,usr_00777,1786462410.1383412,41.23,15,1,electronics,online,0.65,0.6,0.812,13.31,0.26,9093.8,0,0,210.62,0.78,0,0
00000000-0000-0000-60ca-4559ab253850,usr_00399,1786462419.3950725,21.4,15,1,restaurant,pos_chip,0.1,0.05,0.565,17.86,3.63,40240.6,0,0,73.94,1.16,0,0
00000000-0000-0000-47ad-a35b582e53b9,usr_00095,1786462454.3589253,18.43,15,1,restaurant,online,0.1,0.6,0.923,1.25,0.79,53887.9,0,0,59.64,0.62,0,0
00000000-0000-0000-427d-7f802404609e,usr_00613,1786462454.8873203,44.84,15,1,grocery,pos_chip,0.05,0.05,0.921,20.48,2.39,18927.7,0,0,282.44,0.64,0,0
00000000-0000-0000-656d-2c181bff03ec,usr_00141,1786462484.5557928,27.55,15,1,health,online,0.08,0.6,0.957,11.8,3.63,28614.9,0,0,49.06,1.12,0,0
00000000-0000-0000-5375-583361cc36b5,usr_00005,1786462499.399772,12.72,15,1,general_retail,pos_contactless,0.15,0.1,0.902,2.62,0.15,12538.7,0,0,45.77,0.83,0,0
00000000-0000-0000-0f06-895254ffa417,usr_00362,1786462507.381398,30.21,15,1,utilities,pos_chip,0.04,0.05,0.912,4.62,1.84,1220.0,0,1,218.44,0.69,0,0
00000000-0000-0000-0e5a-b19a6c6f48ab,usr_00586,1786462526.9236903,6.87,15,1,health,online,0.08,0.6,0.964,18.02,0.79,7753.1,0,0,105.07,0.46,0,0
00000000-0000-0000-67c3-ab5e09ddf0dd,usr_00471,1786462549.4772406,20.81,15,1,grocery,online,0.05,0.6,0.864,51.54,0.66,28450.6,0,0,39.84,1.04,0,0
00000000-0000-0000-4e26-cf1667447fcb,usr_00507,1786462619.5124235,90.13,15,1,travel,atm,0.4,0.25,0.81,0.06,0.59,18509.1,0,0,221.19,2.04,0,0
00000000-0000-0000-0b2c-63152fc7167b,usr_00935,1786462705.1624684,55.39,15,1,utilities,online,0.04,0.6,0.654,20.11,6.17,6362.8,0,0,132.62,1.67,0,0
00000000-0000-0000-3d44-73adfacd6513,usr_00267,1786462719.1911588,39.89,15,1,general_retail,online,0.15,0.6,0.734,3.65,12.22,36670.2,0,0,60.7,1.31,0,0
00000000-0000-0000-3076-5523b5e4150b,usr_00352,1786462762.563698,26.58,15,1,utilities,pos_chip,0.04,0.05,0.531,0.58,11.28,4099.2,0,0,58.63,1.36,0,0
00000000-0000-0000-6dc4-57afef5421f6,usr_00765,1786462775.2580268,9.05,15,1,grocery,online,0.05,0.6,0.571,24.41,5.62,21208.4,0,0,68.35,0.66,0,0
00000000-0000-0000-6be5-9fcaa7884d54,usr_00798,1786462799.3174295,64.58,15,1,restaurant,online,0.1,0.6,0.461,19.11,6.0,8710.4,0,0,102.11,1.26,0,0
00000000-0000-0000-6497-49e74822eb83,usr_00767,1786462805.366853,33.58,15,1,grocery,pos_chip,0.05,0.05,0.874,7.61,4.57,27208.9,0,0,30.21,2.22,0,0
00000000-0000-0000-2902-b2042444ae6a,usr_00275,1786462809.2198284,31.46,15,1,electronics,online,0.65,0.6,0.877,16.39,3.71,29234.2,0,0,31.77,0.99,1,0
00000000-0000-0000-36a8-0c4d6f99684b,usr_00150,1786462828.4629908,31.54,15,1,grocery,pos_chip,0.05,0.05,0.776,2.32,10.06,13225.2,0,0,54.41,1.16,0,0
00000000-0000-0000-35d2-d07e5b84ebf0,usr_00536,1786462838.2274828,29.97,15,1,restaurant,atm,0.1,0.25,0.816,7.78,4.78,57341.7,0,0,68.74,0.87,0,0
00000000-0000-0000-7dd1-ac800fdf6b05,usr_00052,1786462846.8688903,7.99,15,1,travel,online,0.4,0.6,0.752,3.09,8.71,27687.0,0,0,89.47,0.45,0,0
00000000-0000-0000-7e60-86f3bcec52f3,usr_00361,1786462848.4550893,78.12,15,1,grocery,online,0.05,0.6,0.952,24.51,0.85,1512.8,0,1,94.59,2.48,0,0
00000000-0000-0000-64e7-d1cc6c285cb4,usr_00462,1786462851.7780006,4.68,15,1,utilities,pos_chip,0.04,0.05,0.924,12.82,5.13,16748.5,0,0,77.73,0.24,0,0
00000000-0000-0000-7821-70caf23d481e,usr_00881,1786462879.1893969,82.33,15,1,electronics,online,0.65,0.6,0.882,5.02,5.54,38018.9,0,0,156.02,1.06,0,0
00000000-0000-0000-702f-2784c4482969,usr_00825,1786462906.4355452,49.09,15,1,utilities,online,0.04,0.6,0.595,5.57,2.23,69457.7,0,0,20.1,2.44,0,0
00000000-0000-0000-75fa-c8ad449d1a53,usr_00417,1786462922.1245208,44.81,15,1,grocery,online,0.05,0.6,0.436,14.48,4.08,53438.5,0,0,38.08,1.18,0,0
00000000-0000-0000-1547-fac267b5fb1e,usr_00457,1786462943.51444,9.25,15,1,general_retail,pos_contactless,0.15,0.1,0.806,2.4,26.49,14119.7,0,0,133.76,0.41,0,0
00000000-0000-0000-4d43-5b2807b91f20,usr_00564,1786462944.7817185,31.04,15,1,grocery,online,0.05,0.6,0.888,5.96,2.73,39928.4,0,0,140.48,0.66,0,0
00000000-0000-0000-052b-7218a9df648f,usr_00334,1786462986.771139,45.8,15,1,general_retail,pos_chip,0.15,0.05,0.782,9.59,1.33,8138.8,0,0,90.0,1.53,0,0
00000000-0000-0000-18e7-4a3bbfb50fd0,usr_00860,1786463008.0008929,12.11,15,1,gaming,pos_contactless,0.7,0.1,0.762,6.83,2.59,1952.2,0,1,51.73,0.7,0,0
00000000-0000-0000-082b-a7f716fade16,usr_00001,1786463036.4061964,10.47,15,1,utilities,pos_chip,0.04,0.05,0.909,1.62,0.26,9804.2,0,0,17.57,1.19,0,0
00000000-0000-0000-00a8-fe1b1ab86a5b,usr_00908,1786463040.8936322,28.97,15,1,utilities,online,0.04,0.6,0.86,0.27,16.95,11231.1,0,0,220.55,0.79,0,0
00000000-0000-0000-1fa5-fd18cc2b944a,usr_00298,1786463066.9842188,9.25,15,1,gaming,atm,0.7,0.25,0.939,8.55,2.41,10972.2,0,0,45.38,1.02,0,0
00000000-0000-0000-30d1-98733f6d7adb,usr_00646,1786463093.5850375,55.17,15,1,grocery,pos_chip,0.05,0.05,0.868,4.08,10.36,10415.7,0,0,196.89,1.12,0,0
00000000-0000-0000-4c3c-de8e2f31cab4,usr_00483,1786463103.4236522,48.42,15,1,travel,p2p,0.4,0.45,0.826,6.01,12.19,46237.3,0,0,117.41,0.82,0,0
00000000-0000-0000-2a67-c39104a569ec,usr_00387,1786463189.6376917,29.96,15,1,electronics,online,0.65,0.6,0.784,24.23,3.82,16928.2,0,0,184.85,0.32,0,0
00000000-0000-0000-3e37-fa4914ec74a2,usr_00264,1786463199.5167308,37.08,15,1,grocery,pos_chip,0.05,0.05,0.691,14.42,0.93,11641.8,0,0,444.69,0.58,0,0
00000000-0000-0000-3ce7-e1594a2e5b87,usr_00952,1786463254.5064821,55.16,15,1,travel,online,0.4,0.6,0.826,0.36,6.58,13246.2,0,0,361.65,0.92,0,0
00000000-0000-0000-4648-1b88df135aa3,usr_00885,1786463296.4746356,47.34,15,1,crypto,online,0.9,0.6,0.897,7.58,1.46,37898.8,0,0,341.1,0.56,0,0
00000000-0000-0000-7f4b-0bd6df527f11,usr_00899,1786463354.5267458,9.74,15,1,grocery,pos_contactless,0.05,0.1,0.867,16.46,9.42,16501.4,0,0,54.79,0.89,0,0
00000000-0000-0000-4542-e8c50a764ae7,usr_00793,1786463368.9710045,28.19,15,1,electronics,online,0.65,0.6,0.487,5.11,13.7,11060.0,0,0,302.26,0.65,0,0
00000000-0000-0000-705c-3640ba460acd,usr_00344,1786463374.3404856,24.06,15,1,jewelry,pos_contactless,0.8,0.1,0.71,1.97,0.27,86400.0,0,0,0.0,0.28,0,0
00000000-0000-0000-5608-f0202c418ebe,usr_00196,1786463378.8099072,29.86,15,1,general_retail,online,0.15,0.6,0.653,1.39,5.68,19468.7,0,0,187.02,0.48,0,0
00000000-0000-0000-0c53-8e3121957ea7,usr_00551,1786463412.6057212,37.92,15,1,travel,pos_contactless,0.4,0.1,0.733,28.95,6.0,9780.4,0,0,238.73,0.79,0,0
00000000-0000-0000-38e8-25b591185586,usr_00774,1786463431.1662374,19.15,15,1,restaurant,pos_chip,0.1,0.05,0.643,3.55,1.61,69357.5,0,0,47.9,0.8,0,0
00000000-0000-0000-7ced-ff8e52aa7799,usr_00287,1786463445.9942873,15.69,15,1,restaurant,online,0.1,0.6,0.818,38.57,0.18,28770.0,0,0,154.86,0.41,0,0
00000000-0000-0000-3eea-218be59ddb82,usr_00655,1786463459.4252837,61.35,15,1,general_retail,p2p,0.15,0.45,0.808,0.31,7.31,17891.9,0,0,122.19,1.51,0,0
00000000-0000-0000-1611-243f3b429baf,usr_00360,1786463460.3935952,66.35,15,1,grocery,online,0.05,0.6,0.984,5.27,14.81,19749.9,0,0,172.59,1.92,0,0
00000000-0000-0000-4d1c-3c402385f319,usr_00656,1786463470.8834786,37.37,15,1,grocery,online,0.05,0.6,0.876,17.74,9.38,21417.8,0,0,32.62,1.15,1,0
00000000-0000-0000-2c7f-f0c4d5126f3f,usr_00624,1786463534.42997,21.49,15,1,grocery,pos_chip,0.05,0.05,0.902,12.72,2.68,35868.3,0,0,110.66,0.39,0,0
00000000-0000-0000-696a-f2beb64b85c4,usr_00126,1786463558.7273824,84.69,15,1,crypto,online,0.9,0.6,0.9,8.19,6.4,1910.1,0,1,606.64,0.84,0,0
00000000-0000-0000-3024-680f956f732e,usr_00437,1786463564.6771762,23.45,15,1,utilities,atm,0.04,0.25,0.909,19.35,1.79,1999.6,0,1,77.53,1.51,0,0
00000000-0000-0000-3640-fa83d8a62268,usr_00934,1786463608.400692,47.23,15,1,grocery,pos_chip,0.05,0.05,0.953,19.78,0.44,14495.1,0,0,66.91,1.41,0,0
00000000-0000-0000-7d3f-18937c5995ef,usr_00262,1786463635.9978437,37.25,15,1,grocery,online,0.05,0.6,0.726,18.91,4.1,77354.1,0,0,36.91,1.01,0,0
00000000-0000-0000-04b1-049321871840,usr_00769,1786463712.3170786,51.34,15,1,general_retail,pos_contactless,0.15,0.1,0.554,3.52,19.47,20324.1,0,0,130.67,0.79,0,0
00000000-0000-0000-4a07-e6289f13ea44,usr_00530,1786463720.4335384,61.56,15,1,gaming,pos_chip,0.7,0.05,0.832,10.33,11.69,7269.7,0,0,45.38,2.71,0,0
00000000-0000-0000-5785-468832d8870e,usr_00801,1786463726.5377076,11.13,15,1,restaurant,pos_chip,0.1,0.05,0.741,18.92,0.04,2631.4,0,1,150.32,0.52,0,0
00000000-0000-0000-52d8-c7d050da6bd4,usr_00267,1786463781.3927808,50.56,15,1,grocery,pos_chip,0.05,0.05,0.834,3.58,7.08,1062.2,0,1,100.59,1.51,0,0
00000000-0000-0000-09a3-c9909d8f1283,usr_00106,1786463794.3398058,21.63,15,1,utilities,pos_chip,0.04,0.05,0.73,13.08,18.46,6178.9,0,0,54.32,1.19,0,0
00000000-0000-0000-0a48-96f875d92b33,usr_00689,1786463804.6502597,40.34,15,1,jewelry,pos_chip,0.8,0.05,0.598,1.66,13.73,6246.7,0,0,91.89,1.32,0,0
00000000-0000-0000-61aa-86a8e0208e15,usr_00140,1786463833.9086015,18.37,15,1,restaurant,online,0.1,0.6,0.765,5.73,10.99,5313.3,0,0,175.25,0.42,0,0
00000000-0000-0000-33f2-3e6832502a17,usr_00779,1786463844.9136274,29.7,15,1,restaurant,online,0.1,0.6,0.685,26.27,4.14,15847.8,0,0,69.17,2.15,0,0
00000000-0000-0000-1525-6061188fa4a4,usr_00205,1786463850.7329025,50.81,15,1,grocery,online,0.05,0.6,0.676,31.03,7.57,86400.0,0,0,0.0,1.58,0,0
00000000-0000-0000-60a3-c8c4030311dd,usr_00487,1786463882.2691605,29.77,15,1,utilities,pos_contactless,0.04,0.1,0.835,7.01,15.78,49824.6,0,0,78.53,0.76,0,0
00000000-0000-0000-5bd8-d66c5813acf6,usr_00337,1786463902.8273919,28.55,15,1,restaurant,pos_chip,0.1,0.05,0.833,64.87,13.43,8609.6,0,0,176.54,0.65,0,0
00000000-0000-0000-2872-541e2486f063,usr_00402,1786463906.6774697,102.22,15,1,grocery,online,0.05,0.6,0.794,2.12,3.94,4758.8,0,0,411.58,1.49,0,0
00000000-0000-0000-13c4-bfabe3577f22,usr_00495,1786463937.0555215,76.74,15,1,grocery,pos_chip,0.05,0.05,0.757,11.42,12.92,13957.0,0,0,458.2,0.84,0,0
00000000-0000-0000-4583-b5f9725c4463,usr_00671,1786463941.1340356,40.72,15,1,general_retail,pos_contactless,0.15,0.1,0.694,4.31,3.79,25319.6,0,0,214.94,0.95,0,0
00000000-0000-0000-71a1-e0cd1a625c47,usr_00170,1786463942.2632334,21.97,15,1,restaurant,pos_chip,0.1,0.05,0.939,14.77,1.92,15259.5,0,0,17.13,1.28,0,0
00000000-0000-0000-6668-0dd4bf3dae4b,usr_00392,1786463966.822757,17.67,15,1,grocery,atm,0.05,0.25,0.696,0.63,5.19,27059.3,0,0,178.66,0.49,0,0
00000000-0000-0000-75c9-d39e8a405a10,usr_00048,1786463972.9382274,53.6,15,1,health,pos_chip,0.08,0.05,0.708,31.42,7.93,41762.4,0,0,32.89,1.63,0,0
00000000-0000-0000-491d-1aa3e238808d,usr_00992,1786463994.4812982,114.66,15,1,grocery,pos_chip,0.05,0.05,0.789,7.44,11.37,15024.8,0,0,489.65,0.7,0,0
00000000-0000-0000-6d61-c7940802d50a,usr_00888,1786464153.2036192,4.41,16,1,grocery,pos_contactless,0.05,0.1,0.975,4.48,0.19,36893.7,0,0,12.86,0.69,0,0
00000000-0000-0000-26e9-8cf6945dfa4b,usr_00827,1786464228.3569078,32.77,16,1,grocery,pos_chip,0.05,0.05,0.669,7.89,1.2,18129.8,0,0,89.01,1.1,0,0
00000000-0000-0000-29a5-3fd68b71cab6,usr_00966,1786464235.095561,41.39,16,1,utilities,pos_chip,0.04,0.05,0.779,0.24,0.29,14404.1,0,0,160.93,1.54,0,0
00000000-0000-0000-09f9-f05f3cfb04d4,usr_00511,1786464244.0024183,49.99,16,1,restaurant,online,0.1,0.6,0.736,3.34,0.53,2086.9,0,1,93.83,2.13,0,0
00000000-0000-0000-4d57-454932e76304,usr_00154,1786464273.6183228,7.87,16,1,crypto,online,0.9,0.6,0.914,1.05,7.63,74454.3,0,0,63.33,0.25,0,0
00000000-0000-0000-12c8-d08e291da90e,usr_00490,1786464273.7427113,47.72,16,1,general_retail,online,0.15,0.6,0.909,0.85,3.04,33149.9,0,0,248.8,0.77,0,0
00000000-0000-0000-2b2d-07514e2bb7d8,usr_00516,1786464295.4423811,105.72,16,1,health,pos_chip,0.08,0.05,0.817,10.11,14.75,26249.7,0,0,170.26,1.24,0,0
00000000-0000-0000-21da-a49773edcfd6,usr_00515,1786464303.1383207,44.34,16,1,travel,online,0.4,0.6,0.682,7.12,9.91,35300.5,0,0,197.48,0.67,0,0
00000000-0000-0000-18d1-0680baef7cd9,usr_00185,1786464327.92682,89.35,16,1,electronics,pos_contactless,0.65,0.1,0.881,10.21,1.44,40447.5,0,0,151.29,1.77,0,0
00000000-0000-0000-73c8-39a12c419e93,usr_00511,1786464356.355015,66.18,16,1,travel,pos_contactless,0.4,0.1,0.83,35.93,5.15,112.4,1,2,143.82,2.3,0,0
00000000-0000-0000-763c-6e823b59fe8d,usr_00581,1786464383.5215669,18.04,16,1,utilities,online,0.04,0.6,0.787,19.22,13.44,86400.0,0,0,0.0,1.09,0,0
00000000-0000-0000-51b3-42d330a2d760,usr_00098,1786464384.74109,24.61,16,1,restaurant,pos_contactless,0.1,0.1,0.832,2.9,0.55,17818.5,0,0,212.96,0.35,0,0
00000000-0000-0000-523a-69f35c1736aa,usr_00314,1786464388.0831122,27.37,16,1,restaurant,pos_chip,0.1,0.05,0.863,18.6,0.07,8876.9,0,0,219.99,0.5,0,0
00000000-0000-0000-7da6-e4db374b54ca,usr_00404,1786464439.228609,26.12,16,1,grocery,online,0.05,0.6,0.924,0.37,5.45,8310.8,0,0,186.61,0.56,0,0
00000000-0000-0000-3b20-1f9a25ef7fb6,usr_00944,1786464442.9828513,57.61,16,1,general_retail,pos_chip,0.15,0.05,0.942,4.92,3.0,41222.6,0,0,186.53,1.24,0,0
00000000-0000-0000-0d48-b8755ec7cd10,usr_00254,1786464458.914041,50.87,16,1,restaurant,online,0.1,0.6,0.75,5.85,2.25,27618.0,0,0,47.55,2.14,0,0
00000000-0000-0000-03ad-f3d931797f00,usr_00776,1786464504.4565365,40.55,16,1,electronics,online,0.65,0.6,0.787,6.62,2.23,23236.2,0,0,72.07,1.69,0,0
00000000-0000-0000-60ae-82a0354885bd,usr_00410,1786464505.0071185,13.33,16,1,restaurant,online,0.1,0.6,0.8,21.26,8.74,42447.2,0,0,56.97,0.94,0,0
00000000-0000-0000-37f6-63cd42854e78,usr_00351,1786464510.3665843,70.02,16,1,utilities,pos_chip,0.04,0.05,0.663,3.65,3.89,27445.9,0,0,107.61,1.3,0,0
00000000-0000-0000-3318-30d7cf75f18d,usr_00296,1786464537.3765826,29.97,16,1,grocery,atm,0.05,0.25,0.724,8.85,1.53,86400.0,0,0,0.0,0.76,0,0
00000000-0000-0000-63b0-60947d19fbde,usr_00410,1786464540.6920803,19.2,16,1,utilities,pos_chip,0.04,0.05,0.899,23.21,12.82,35.7,1,1,70.3,1.37,0,0
00000000-0000-0000-33b1-da90484ceb84,usr_00913,1786464560.8216345,30.9,16,1,utilities,pos_chip,0.04,0.05,0.692,5.65,6.45,23865.9,0,0,47.02,1.31,0,0
00000000-0000-0000-1aac-d8de4c8bb6cd,usr_00894,1786464605.544105,53.62,16,1,restaurant,online,0.1,0.6,0.955,3.79,2.72,9414.5,0,0,164.62,1.63,1,0
00000000-0000-0000-1478-ac8c2dd4ad76,usr_00146,1786464627.6994288,25.04,16,1,travel,pos_chip,0.4,0.05,0.885,11.49,4.04,6273.9,0,0,150.85,0.83,0,0
00000000-0000-0000-2ff8-041b50a8dfd8,usr_00486,1786464676.7585816,50.96,16,1,grocery,pos_chip,0.05,0.05,0.686,2.04,4.27,22868.9,0,0,112.28,1.36,0,0
00000000-0000-0000-6891-6ffb6469ee7a,usr_00860,1786464685.8027563,35.74,16,1,travel,pos_chip,0.4,0.05,0.94,27.63,11.17,1677.8,0,1,63.84,2.24,0,0
00000000-0000-0000-3c87-12e9ad09019e,usr_00173,1786464717.604581,23.88,16,1,utilities,pos_chip,0.04,0.05,0.858,1.14,2.54,26577.6,0,0,65.66,1.82,0,0
00000000-0000-0000-3c9a-c89a0847d47d,usr_00523,1786464764.766002,7.18,16,1,restaurant,pos_chip,0.1,0.05,0.778,20.97,2.45,10170.2,0,0,69.16,0.31,0,0
00000000-0000-0000-2752-a4b14cd68e4e,usr_00394,1786464772.7868197,64.65,16,1,gaming,pos_contactless,0.7,0.1,0.894,1.73,11.88,15770.9,0,0,279.59,1.16,0,0
00000000-0000-0000-6a92-347c4dffe1f7,usr_00734,1786464819.7990282,37.86,16,1,electronics,online,0.65,0.6,0.843,7.51,0.82,4799.9,0,0,223.82,0.68,0,0
00000000-0000-0000-785a-d757d0cdf867,usr_00948,1786464822.316263,57.94,16,1,general_retail,online,0.15,0.6,0.811,26.2,2.94,14410.7,0,0,134.38,0.86,0,0
00000000-0000-0000-2739-672a8a900b32,usr_00852,1786464843.6789842,33.2,16,1,grocery,pos_contactless,0.05,0.1,0.678,13.3,2.33,30677.9,0,0,277.03,0.6,0,0
00000000-0000-0000-64b6-b23ac3a8ba3d,usr_00763,1786464847.8961132,23.76,16,1,grocery,online,0.05,0.6,0.91,13.9,1.11,22933.3,0,0,221.43,0.43,0,0
00000000-0000-0000-0569-0b87349865f6,usr_00310,1786464878.3834164,80.01,16,1,utilities,atm,0.04,0.25,0.795,0.22,3.68,30946.9,0,0,243.7,1.64,0,0
00000000-0000-0000-5666-344a3fe35ff9,usr_00142,1786464897.7920318,19.48,16,1,grocery,online,0.05,0.6,0.815,0.32,4.46,28950.5,0,0,24.14,1.61,0,0
00000000-0000-0000-4648-cf52907dab95,usr_00161,1786464925.7904809,11.83,16,1,utilities,pos_chip,0.04,0.05,0.764,65.97,8.56,55575.8,0,0,39.72,0.6,0,0
00000000-0000-0000-4b15-7e36fcc75b54,usr_00735,1786464968.0078664,14.47,16,1,restaurant,online,0.1,0.6,0.797,10.37,2.5,59156.2,0,0,154.52,0.28,0,0
00000000-0000-0000-37e2-04805a2e9e8e,usr_00900,1786464985.2230253,63.74,16,1,restaurant,online,0.1,0.6,0.749,9.88,2.19,12983.7,0,0,115.11,1.66,0,0
00000000-0000-0000-1d1f-f2350d6e98ac,usr_00511,1786464991.7734425,17.36,16,1,health,online,0.08,0.6,0.687,22.64,2.97,635.4,0,3,210.0,0.5,0,0
00000000-0000-0000-3306-ee71ec96c931,usr_00241,1786465040.143272,21.78,16,1,restaurant,p2p,0.1,0.45,0.863,0.69,4.69,51986.8,0,0,107.22,0.41,0,0
00000000-0000-0000-19a7-02c6c88c46c8,usr_00953,1786465109.143843,43.71,16,1,utilities,online,0.04,0.6,0.627,16.24,3.41,3947.2,0,0,168.67,2.33,0,0
00000000-0000-0000-1d89-975ae5ac8636,usr_00242,1786465158.2447433,8.84,16,1,restaurant,pos_chip,0.1,0.05,0.785,5.24,3.05,34882.4,0,0,46.06,0.58,0,0
00000000-0000-0000-64fd-7c5f4fc1bc87,usr_00099,1786465161.892212,18.97,16,1,general_retail,pos_chip,0.15,0.05,0.441,27.53,3.25,5137.0,0,0,64.84,0.88,0,0
00000000-0000-0000-1c2d-02e45600ffff,usr_00459,1786465201.184833,39.86,16,1,electronics,online,0.65,0.6,0.747,3.3,2.05,18276.2,0,0,207.26,0.96,0,0
00000000-0000-0000-406f-eaf772762ab1,usr_00510,1786465226.8749132,41.18,16,1,restaurant,pos_contactless,0.1,0.1,0.601,7.76,10.72,21687.8,0,0,20.27,4.06,0,0
00000000-0000-0000-6095-f0e11a203f72,usr_00131,1786465240.723914,17.76,16,1,health,pos_contactless,0.08,0.1,0.876,14.92,1.4,3767.3,0,0,88.18,0.81,0,0
00000000-0000-0000-4798-99755ba6b043,usr_00902,1786465243.869118,46.53,16,1,restaurant,online,0.1,0.6,0.562,4.08,3.36,42257.6,0,0,54.26,0.86,0,0
00000000-0000-0000-48c3-81456816c7bb,usr_00340,1786465273.6645346,9.11,16,1,grocery,online,0.05,0.6,0.96,1.75,1.71,15252.0,0,0,43.3,0.63,0,0
00000000-0000-0000-0169-e02e0c9fa778,usr_00239,1786465300.6844711,16.18,16,1,gaming,pos_contactless,0.7,0.1,0.852,0.52,23.57,3593.2,0,1,142.58,0.45,0,0
00000000-0000-0000-22a4-0019fd5235b3,usr_00536,1786465307.4523597,29.49,16,1,restaurant,online,0.1,0.6,0.939,13.61,2.83,2469.2,0,1,98.71,0.9,0,0
00000000-0000-0000-0a76-b78bad6288aa,usr_00133,1786465319.5973926,28.02,16,1,general_retail,pos_contactless,0.15,0.1,0.729,6.49,2.16,21150.4,0,0,193.48,0.72,0,0
00000000-0000-0000-7a14-eaf033cbce4b,usr_00858,1786465324.0015905,20.27,16,1,restaurant,pos_chip,0.1,0.05,0.892,12.83,18.7,3021.7,0,1,29.27,2.08,0,0
00000000-0000-0000-2ec0-a67cdaad0349,usr_00293,1786465390.4729874,8.98,16,1,health,pos_chip,0.08,0.05,0.95,2.18,0.75,19792.1,0,0,23.09,1.17,0,0
00000000-0000-0000-0dc9-7f62d35df4f7,usr_00068,1786465406.8705978,43.78,16,1,health,online,0.08,0.6,0.905,3.46,10.12,34792.7,0,0,309.32,0.99,0,0
00000000-0000-0000-2394-bcb556c21a7c,usr_00590,1786465430.320632,35.28,16,1,electronics,pos_chip,0.65,0.05,0.919,1.52,1.58,10429.3,0,0,43.17,1.63,0,0
00000000-0000-0000-3a88-f60162bc4820,usr_00912,1786465451.4458125,36.22,16,1,grocery,online,0.05,0.6,0.86,2.8,2.63,21541.8,0,0,155.66,0.93,0,0
00000000-0000-0000-154a-327639050438,usr_00373,1786465490.2788532,93.43,16,1,grocery,pos_chip,0.05,0.05,0.798,3.4,0.39,86400.0,0,0,0.0,1.7,0,0
00000000-0000-0000-586b-8ee00bc7de0f,usr_00475,1786465516.594009,21.59,16,1,utilities,pos_contactless,0.04,0.1,0.942,3.42,11.04,60011.8,0,0,65.67,0.66,0,0
00000000-0000-0000-5c6a-63b0e43fc10a,usr_00683,1786465524.0418363,34.4,16,1,electronics,pos_contactless,0.65,0.1,0.698,29.68,1.92,36391.1,0,0,45.42,2.27,0,0
00000000-0000-0000-3c4a-09850b899733,usr_00824,1786465539.6688228,15.82,16,1,crypto,atm,0.9,0.25,0.603,10.31,1.81,3267.9,0,1,9.7,1.63,0,0
00000000-0000-0000-5107-463e08c2dd05,usr_00115,1786465548.948461,25.18,16,1,grocery,pos_contactless,0.05,0.1,0.848,0.45,9.17,4070.6,0,0,408.73,0.31,0,0
00000000-0000-0000-4a64-3a960a2990c9,usr_00873,1786465563.5328763,47.62,16,1,utilities,pos_chip,0.04,0.05,0.937,8.98,5.81,27807.1,0,0,91.88,1.04,0,0
00000000-0000-0000-0735-4e6812c1e7f5,usr_00893,1786465590.8902283,52.93,16,1,electronics,atm,0.65,0.25,0.869,8.0,0.92,14959.2,0,0,94.62,1.68,0,0
00000000-0000-0000-3dd4-9be2c02379f3,usr_00520,1786465607.329565,20.73,16,1,utilities,online,0.04,0.6,0.714,1.35,2.62,4158.4,0,0,69.22,0.9,1,0
00000000-0000-0000-121d-d04d40f40ca3,usr_00547,1786465630.3311312,38.39,16,1,utilities,pos_contactless,0.04,0.1,0.864,5.28,7.41,17208.5,0,0,96.01,2.0,0,0
00000000-0000-0000-48c9-3006f8c734a7,usr_00876,1786465634.9356923,80.4,16,1,electronics,online,0.65,0.6,0.836,20.95,4.81,14699.7,0,0,50.49,3.18,0,0
00000000-0000-0000-4916-598fe5cf75a3,usr_00270,1786465652.123741,10.79,16,1,health,online,0.08,0.6,0.714,3.02,6.26,54997.7,0,0,45.26,0.48,0,0
00000000-0000-0000-0649-9b5ccaa41bd0,usr_00154,1786465680.9147406,28.1,16,1,travel,pos_chip,0.4,0.05,0.938,1.79,6.48,1407.3,0,1,71.2,1.18,0,0
00000000-0000-0000-123f-c3786d706756,usr_00010,1786465706.4761696,54.48,16,1,electronics,pos_chip,0.65,0.05,0.588,23.73,14.28,69741.3,0,0,56.12,0.97,0,0
00000000-0000-0000-4b1f-91bfdd99ab58,usr_00878,1786465719.3234124,16.54,16,1,utilities,pos_chip,0.04,0.05,0.46,0.11,0.0,61220.9,0,0,87.32,0.38,0,0
00000000-0000-0000-7e57-b6466b492fbd,usr_00229,1786465725.1282098,33.74,16,1,general_retail,pos_chip,0.15,0.05,0.762,1.31,0.47,4737.2,0,0,81.82,1.24,0,0
00000000-0000-0000-1378-05f70df6766f,usr_00853,1786465798.0204577,23.7,16,1,restaurant,online,0.1,0.6,0.944,1.04,1.61,4281.4,0,0,270.4,0.7,0,0
00000000-0000-0000-228c-23ceedeec168,usr_00493,1786465821.233596,39.74,16,1,gaming,online,0.7,0.6,0.76,9.25,2.66,7930.5,0,0,196.56,0.61,0,0
00000000-0000-0000-786b-32222e240d44,usr_00561,1786465838.2167068,31.41,16,1,restaurant,online,0.1,0.6,0.907,5.26,1.26,12796.6,0,0,68.53,0.92,0,0
00000000-0000-0000-15d6-4176549d924e,usr_00147,1786465842.478502,19.01,16,1,grocery,online,0.05,0.6,0.694,6.05,2.69,35660.9,0,0,67.81,0.56,0,0
00000000-0000-0000-1bef-04f27d391c55,usr_00640,1786465875.6030817,17.18,16,1,restaurant,online,0.1,0.6,0.438,5.31,3.1,8751.3,0,0,4.24,3.44,0,0
00000000-0000-0000-5af1-99085f7047cf,usr_00800,1786465897.1370583,18.24,16,1,electronics,pos_chip,0.65,0.05,0.878,14.68,0.85,21684.2,0,0,44.68,0.82,0,0
00000000-0000-0000-5623-e888ae2f3dcd,usr_00741,1786465903.6572387,43.71,16,1,utilities,pos_chip,0.04,0.05,0.646,13.36,0.75,12041.3,0,0,386.26,0.57,0,0
00000000-0000-0000-414e-780182ac1e33,usr_00784,1786465903.9687467,24.05,16,1,grocery,pos_chip,0.05,0.05,0.906,11.35,8.32,41558.9,0,0,64.91,0.74,0,0
00000000-0000-0000-2bfa-08f1efc80fc8,usr_00994,1786465922.3164413,29.44,16,1,restaurant,pos_contactless,0.1,0.1,0.92,13.69,1.54,35103.1,0,0,128.28,0.92,0,0
00000000-0000-0000-09b5-0071fa94d8b6,usr_00241,1786465927.2728355,47.15,16,1,jewelry,atm,0.8,0.25,0.973,4.63,26.66,887.1,0,1,129.0,1.1,0,0
00000000-0000-0000-7131-a131570a739b,usr_00417,1786465939.9860718,99.78,16,1,restaurant,pos_chip,0.1,0.05,0.807,5.15,0.83,3017.9,0,1,82.89,2.41,0,0
00000000-0000-0000-583c-f86c606ac60c,usr_00077,1786465968.925878,19.49,16,1,grocery,online,0.05,0.6,0.906,7.33,0.2,22285.3,0,0,222.13,0.44,0,0
00000000-0000-0000-1532-873369ca4aca,usr_00462,1786465997.2438753,6.11,16,1,health,atm,0.08,0.25,0.714,11.66,0.79,3145.5,0,1,82.41,0.37,0,0
00000000-0000-0000-1ab5-1183d8925359,usr_00681,1786465999.233507,88.06,16,1,utilities,pos_chip,0.04,0.05,0.425,8.58,4.75,14931.0,0,0,193.25,1.82,0,0
00000000-0000-0000-0fb4-14e4e7bcb153,usr_00333,1786466009.4170835,32.52,16,1,grocery,online,0.05,0.6,0.663,29.37,3.15,10062.3,0,0,105.44,1.23,0,0
00000000-0000-0000-1e47-f406220c3369,usr_00802,1786466063.977384,50.49,16,1,general_retail,pos_chip,0.15,0.05,0.608,9.94,0.28,84970.6,0,0,59.29,0.85,0,0
00000000-0000-0000-24b8-504840887322,usr_00194,1786466071.4312792,26.47,16,1,electronics,pos_contactless,0.65,0.1,0.777,11.95,0.15,12327.4,0,0,67.63,1.57,0,0
00000000-0000-0000-453c-98a6c1df702a,usr_00796,1786466082.6783745,39.69,16,1,grocery,pos_chip,0.05,0.05,0.713,40.52,0.91,10759.7,0,0,406.12,0.59,1,0
00000000-0000-0000-0ef6-23451fa21399,usr_00277,1786466095.7471545,8.88,16,1,travel,pos_chip,0.4,0.05,0.88,23.68,4.08,7570.7,0,0,84.12,0.42,0,0
00000000-0000-0000-22e9-72a4d1cb80d9,usr_00280,1786466095.8379838,40.69,16,1,general_retail,pos_contactless,0.15,0.1,0.729,0.11,2.54,6636.6,0,0,336.01,0.73,0,0
00000000-0000-0000-119f-7947c3de5b02,usr_00675,1786466127.6865435,81.17,16,1,utilities,pos_contactless,0.04,0.1,0.814,27.94,7.21,9812.6,0,0,125.85,2.58,0,0
00000000-0000-0000-3c39-f9c78bd82e10,usr_00551,1786466129.2891498,15.09,16,1,grocery,pos_chip,0.05,0.05,0.607,2.46,12.61,2716.7,0,1,276.65,0.33,0,0
00000000-0000-0000-05c8-a872090158a8,usr_00040,1786466137.0124862,48.7,16,1,grocery,online,0.05,0.6,0.6,0.14,2.98,22920.1,0,0,333.11,0.88,0,0
00000000-0000-0000-7984-2042785e8299,usr_00616,1786466142.92502,24.75,16,1,grocery,p2p,0.05,0.45,0.943,1.38,2.67,13341.1,0,0,473.83,0.47,0,0
00000000-0000-0000-33d8-a3b3f8fd9cf4,usr_00705,1786466163.9326146,27.81,16,1,restaurant,atm,0.1,0.25,0.792,1.69,0.1,6788.1,0,0,46.75,1.19,0,0
00000000-0000-0000-6372-407f12520fa8,usr_00543,1786466174.5724924,30.58,16,1,utilities,pos_chip,0.04,0.05,0.732,6.16,17.61,4334.6,0,0,65.43,1.87,0,0
00000000-0000-0000-4bf6-ce6dff1ccd0c,usr_00947,1786466204.5378704,5.58,16,1,restaurant,online,0.1,0.6,0.869,28.84,11.54,13761.0,0,0,23.78,0.94,0,0
00000000-0000-0000-4a8a-af6363a2a203,usr_00131,1786466241.1688879,44.23,16,1,grocery,pos_chip,0.05,0.05,0.896,5.06,0.0,1000.4,0,1,105.94,2.09,0,0
00000000-0000-0000-6bf9-7d7789387882,usr_00242,1786466245.0147486,5.38,16,1,grocery,p2p,0.05,0.45,0.885,3.79,7.61,1086.8,0,1,54.9,0.39,0,0
00000000-0000-0000-316d-d684d55f8c32,usr_00826,1786466250.1340685,16.57,16,1,travel,pos_contactless,0.4,0.1,0.803,15.1,6.4,14073.7,0,0,183.42,0.36,0,0
00000000-0000-0000-67dc-3994ccef5b36,usr_00268,1786466272.9547327,25.32,16,1,grocery,pos_chip,0.05,0.05,0.775,22.32,0.4,5489.7,0,0,138.26,0.55,0,0
00000000-0000-0000-14ea-d031dc92e644,usr_00314,1786466312.3738668,50.71,16,1,restaurant,pos_chip,0.1,0.05,0.627,15.0,4.88,1924.3,0,1,247.36,1.03,0,0
00000000-0000-0000-468f-838925ce930c,usr_00897,1786466388.5933502,16.33,16,1,utilities,p2p,0.04,0.45,0.89,7.39,16.3,12452.8,0,0,125.66,0.65,0,0
00000000-0000-0000-30ad-ebd86991f1d9,usr_00252,1786466394.4728086,219.34,16,1,grocery,p2p,0.05,0.45,0.764,0.42,0.95,6685.0,0,0,64.21,3.42,0,0
00000000-0000-0000-64e5-db1f95f502ec,usr_00960,1786466439.4824808,51.85,16,1,utilities,pos_chip,0.04,0.05,0.646,1.96,9.85,24120.5,0,0,890.62,0.47,0,0
00000000-0000-0000-22ac-ffc840f53102,usr_00627,1786466443.09618,74.82,16,1,electronics,pos_contactless,0.65,0.1,0.729,10.62,0.13,6936.7,0,0,126.22,1.19,0,0
00000000-0000-0000-30ad-8c747d9d40fb,usr_00747,1786466455.8594153,72.02,16,1,grocery,pos_chip,0.05,0.05,0.935,5.92,5.4,18883.8,0,0,145.56,1.48,0,0
00000000-0000-0000-3b16-6316593ad401,usr_00408,1786466496.173335,11.5,16,1,general_retail,pos_contactless,0.15,0.1,0.949,2.21,12.37,14275.8,0,0,17.14,2.01,0,0
00000000-0000-0000-7f78-f382f6accf83,usr_00221,1786466502.668206,49.91,16,1,general_retail,atm,0.15,0.25,0.869,8.09,1.63,27043.0,0,0,152.13,1.64,0,0
00000000-0000-0000-1fbb-a553ced2bffa,usr_00571,1786466506.9286957,26.58,16,1,health,online,0.08,0.6,0.843,3.84,8.04,21036.1,0,0,95.03,0.56,0,0
00000000-0000-0000-76b3-4ca8f105f2d6,usr_00500,1786466507.8533616,64.41,16,1,utilities,atm,0.04,0.25,0.961,3.85,5.75,29861.9,0,0,190.53,0.68,0,0
00000000-0000-0000-23f9-1cc755790cb0,usr_00875,1786466530.7992404,30.7,16,1,utilities,pos_chip,0.04,0.05,0.633,8.26,16.49,7229.9,0,0,17.69,1.74,0,0
00000000-0000-0000-13e1-04add90f2437,usr_00841,1786466551.4811084,66.82,16,1,grocery,online,0.05,0.6,0.462,3.58,1.0,15328.6,0,0,80.2,2.5,0,0
00000000-0000-0000-097f-5fb8431e6f33,usr_00190,1786466643.4177933,52.98,16,1,jewelry,pos_contactless,0.8,0.1,0.654,4.74,7.92,16893.7,0,0,219.22,0.73,0,0
00000000-0000-0000-7d1f-241dc26ab294,usr_00600,1786466659.800741,129.83,16,1,grocery,online,0.05,0.6,0.796,42.17,3.73,17301.2,0,0,1608.59,0.24,0,0
00000000-0000-0000-070b-2818c3b6a806,usr_00083,1786466664.7287476,8.64,16,1,grocery,pos_chip,0.05,0.05,0.782,6.16,11.97,20970.3,0,0,98.49,0.18,0,0
00000000-0000-0000-41ea-240a271b1d6c,usr_00222,1786466676.1371562,31.39,16,1,crypto,pos_chip,0.9,0.05,0.873,12.81,4.1,21777.0,0,0,132.96,0.71,0,0
00000000-0000-0000-2500-57854c440db5,usr_00042,1786466677.6844769,23.73,16,1,grocery,pos_contactless,0.05,0.1,0.895,18.58,8.45,4450.5,0,0,113.45,1.05,0,0
00000000-0000-0000-6890-0cf9f4a70933,usr_00034,1786466704.5823448,71.62,16,1,gaming,online,0.7,0.6,0.737,24.5,11.51,86400.0,0,0,0.0,1.49,0,0
00000000-0000-0000-4597-4c07a5989261,usr_00376,1786466736.5201693,11.82,16,1,grocery,p2p,0.05,0.45,0.744,8.09,2.46,46936.7,0,0,204.9,0.29,0,0
00000000-0000-0000-4583-e2fc8877e0ff,usr_00395,1786466742.641688,35.09,16,1,gaming,pos_contactless,0.7,0.1,0.985,3.35,4.01,32834.7,0,0,298.07,0.71,0,0
00000000-0000-0000-58ce-499adc310001,usr_00105,1786466750.0685456,29.29,16,1,restaurant,atm,0.1,0.25,0.767,11.98,9.18,15238.6,0,0,165.04,0.89,0,0
00000000-0000-0000-49c9-25c400eea5a1,usr_00799,1786466751.999146,38.95,16,1,health,p2p,0.08,0.45,0.953,10.41,1.24,10441.8,0,0,296.54,0.39,0,0
00000000-0000-0000-4a7c-d85dc95832d8,usr_00461,1786466753.9858024,16.9,16,1,gaming,pos_contactless,0.7,0.1,0.821,5.23,1.75,23987.0,0,0,52.77,0.64,0,0
00000000-0000-0000-19fc-7363fb2b8657,usr_00031,1786466767.775188,35.82,16,1,grocery,pos_contactless,0.05,0.1,0.721,7.62,4.94,7382.8,0,0,131.08,1.64,0,0
00000000-0000-0000-456d-0c6acd903fc5,usr_00792,1786466786.3772268,35.41,16,1,grocery,pos_chip,0.05,0.05,0.777,26.25,12.58,18569.0,0,0,75.61,0.94,0,0
00000000-0000-0000-7531-bdfe47e34704,usr_00360,1786466786.69444,21.71,16,1,restaurant,atm,0.1,0.25,0.855,1.24,7.48,3326.3,0,1,238.94,0.55,0,0
00000000-0000-0000-1737-d1c38878e2e0,usr_00008,1786466813.6668143,41.54,16,1,utilities,online,0.04,0.6,0.853,11.01,2.3,6486.9,0,0,316.97,1.05,0,0
00000000-0000-0000-5f1b-9063b554fcd1,usr_00794,1786466822.0866876,7.48,16,1,restaurant,pos_contactless,0.1,0.1,0.793,0.92,4.6,16543.4,0,0,56.35,0.4,0,0
00000000-0000-0000-3031-716d9fe3e709,usr_00951,1786466842.5816936,80.33,16,1,grocery,pos_chip,0.05,0.05,0.861,14.4,1.06,41896.3,0,0,98.97,1.62,0,0
00000000-0000-0000-22e4-2fec6d8a0e9b,usr_00720,1786466861.7868767,26.13,16,1,utilities,pos_chip,0.04,0.05,0.825,10.31,2.07,17208.1,0,0,61.68,0.85,0,0
00000000-0000-0000-339f-6a5f0f202e28,usr_00611,1786466900.309563,22.12,16,1,restaurant,online,0.1,0.6,0.647,0.84,0.23,24201.9,0,0,326.0,0.41,0,0
00000000-0000-0000-3b3f-6a42f8f21226,usr_00015,1786466949.2885363,14.33,16,1,grocery,online,0.05,0.6,0.847,7.35,0.37,7914.9,0,0,88.66,0.65,0,0
00000000-0000-0000-58df-e54d9e818f4c,usr_00757,1786466996.783513,79.61,16,1,gaming,p2p,0.7,0.45,0.879,41.01,3.65,86400.0,0,0,0.0,1.44,0,0
00000000-0000-0000-7ea5-6a8c6510f268,usr_00655,1786467006.768234,49.99,16,1,crypto,atm,0.9,0.25,0.693,2.79,6.36,3547.3,0,1,183.54,1.09,0,0
00000000-0000-0000-3331-1427a65fbded,usr_00108,1786467030.517305,50.97,16,1,restaurant,p2p,0.1,0.45,0.874,0.09,1.14,64969.7,0,0,75.14,1.36,0,0
00000000-0000-0000-1e02-eaf631acfff0,usr_00038,1786467034.575425,20.87,16,1,utilities,p2p,0.04,0.45,0.762,4.24,3.25,15931.2,0,0,123.06,0.51,0,0
00000000-0000-0000-038b-22b322f13ddf,usr_00544,1786467049.8165755,16.32,16,1,general_retail,online,0.15,0.6,0.822,1.6,0.03,19404.6,0,0,109.05,0.6,0,0
00000000-0000-0000-1b5c-6edbb828e01a,usr_00823,1786467058.749176,4.52,16,1,utilities,online,0.04,0.6,0.88,1.65,7.7,19251.2,0,0,42.23,0.21,0,0
00000000-0000-0000-23bc-bbe35af9a1e3,usr_00094,1786467068.5740514,10.89,16,1,utilities,online,0.04,0.6,0.943,19.52,9.06,22573.8,0,0,11.37,0.96,0,0
00000000-0000-0000-327a-bf6facef203d,usr_00006,1786467105.3986697,32.94,16,1,health,pos_chip,0.08,0.05,0.978,6.47,0.34,27953.2,0,0,169.27,0.97,0,0
00000000-0000-0000-263b-dda4dbc18019,usr_00304,1786467163.2082007,57.44,16,1,grocery,pos_contactless,0.05,0.1,0.897,1.47,1.01,16943.9,0,0,115.88,1.98,0,0
00000000-0000-0000-2369-0cda37db97b2,usr_00071,1786467173.3291934,41.78,16,1,grocery,pos_contactless,0.05,0.1,0.915,1.36,9.9,17006.3,0,0,83.06,2.01,0,0
00000000-0000-0000-7f56-644f34798a8a,usr_00968,1786467214.4553154,36.72,16,1,gaming,pos_chip,0.7,0.05,0.738,66.68,10.58,21058.6,0,0,295.83,0.5,0,0
00000000-0000-0000-5faa-7a915e2c4005,usr_00443,1786467228.6020925,149.9,16,1,restaurant,pos_contactless,0.1,0.1,0.7,28.35,9.91,26202.6,0,0,230.78,1.95,0,0
00000000-0000-0000-0e44-7e78329aabf5,usr_00166,1786467236.2731152,152.02,16,1,general_retail,online,0.15,0.6,0.781,0.36,0.37,44046.2,0,0,220.67,2.76,0,0
00000000-0000-0000-29b0-cd1bc3cac849,usr_00078,1786467248.3733275,53.64,16,1,utilities,p2p,0.04,0.45,0.807,1.07,12.45,21365.5,0,0,62.5,0.86,0,0
00000000-0000-0000-799f-9ae075c1b854,usr_00766,1786467257.1619368,47.94,16,1,gaming,pos_chip,0.7,0.05,0.921,6.11,4.69,10312.9,0,0,270.18,0.89,0,0
00000000-0000-0000-3046-1f3855dd52cb,usr_00748,1786467261.036134,15.36,16,1,jewelry,p2p,0.8,0.45,0.739,17.01,1.11,36170.4,0,0,60.89,0.5,0,0
00000000-0000-0000-665f-909648d697db,usr_00597,1786467262.1640244,80.28,16,1,grocery,online,0.05,0.6,0.669,5.35,4.98,52685.1,0,0,170.06,1.42,0,0
00000000-0000-0000-5114-5f5c4751cb4b,usr_00746,1786467262.8470736,118.95,16,1,grocery,online,0.05,0.6,0.839,2.92,1.35,44402.4,0,0,322.36,0.74,1,0
00000000-0000-0000-20db-f2bf23dd5129,usr_00556,1786467294.0966756,19.66,16,1,utilities,p2p,0.04,0.45,0.842,5.0,3.27,21499.5,0,0,10.77,1.83,0,0
00000000-0000-0000-4b23-3f35942694c8,usr_00018,1786467314.425913,120.98,16,1,utilities,online,0.04,0.6,0.779,12.74,11.77,33854.7,0,0,66.77,1.81,0,0
00000000-0000-0000-0a88-6db9a0b82830,usr_00096,1786467324.9282207,12.74,16,1,general_retail,pos_contactless,0.15,0.1,0.61,3.46,15.27,77720.4,0,0,11.05,1.15,0,0
00000000-0000-0000-1c3d-47bb638960e0,usr_00479,1786467340.4398355,206.69,16,1,utilities,pos_contactless,0.04,0.1,0.799,12.39,4.03,42688.6,0,0,788.55,1.05,0,0
00000000-0000-0000-3576-b4dff2196c7e,usr_00020,1786467447.1226606,20.74,16,1,jewelry,pos_contactless,0.8,0.1,0.93,23.04,1.09,35531.0,0,0,73.26,0.57,0,0
00000000-0000-0000-250d-708007c46ddd,usr_00244,1786467460.7375035,70.86,16,1,jewelry,pos_chip,0.8,0.05,0.709,5.47,8.49,35477.5,0,0,854.57,0.5,0,0
00000000-0000-0000-1785-6d8c78c06143,usr_00856,1786467466.6412656,31.34,16,1,utilities,pos_chip,0.04,0.05,0.843,26.49,0.94,6050.4,0,0,243.38,0.64,0,0
00000000-0000-0000-1f32-eabbfd957d12,usr_00613,1786467496.4319334,42.79,16,1,restaurant,atm,0.1,0.25,0.893,20.82,0.49,5041.5,0,0,327.28,0.65,0,0
00000000-0000-0000-46bc-10ce73569005,usr_00141,1786467499.5708013,21.65,16,1,general_retail,pos_contactless,0.15,0.1,0.715,14.16,3.46,5015.0,0,0,76.61,0.85,0,0
00000000-0000-0000-2397-13c181d35a0f,usr_00105,1786467521.3670108,17.04,16,1,general_retail,pos_contactless,0.15,0.1,0.949,15.82,2.28,771.3,0,1,194.33,0.53,0,0
00000000-0000-0000-674b-f7862997c4d2,usr_00756,1786467534.7741134,17.41,16,1,restaurant,p2p,0.1,0.45,0.812,6.24,9.69,64538.2,0,0,40.77,0.85,0,0
00000000-0000-0000-2466-f9da325f6049,usr_00890,1786467554.2839634,12.31,16,1,general_retail,atm,0.15,0.25,0.826,14.64,0.3,61222.6,0,0,67.7,0.36,0,0
00000000-0000-0000-6428-42f339895675,usr_00585,1786467562.3659985,118.86,16,1,restaurant,pos_contactless,0.1,0.1,0.616,19.85,7.21,54044.1,0,0,315.46,0.38,0,0
00000000-0000-0000-383d-b443d766bda0,usr_00616,1786467574.566483,34.59,16,1,travel,online,0.4,0.6,0.782,20.51,3.51,1431.6,0,1,498.58,0.69,0,0
00000000-0000-0000-2a0c-9cc162c96066,usr_00405,1786467609.105865,47.99,17,1,health,pos_contactless,0.08,0.1,0.801,3.81,2.8,11353.1,0,0,31.17,1.54,0,0
00000000-0000-0000-162c-897ba5b8e262,usr_00989,1786467611.28161,13.68,17,1,grocery,pos_contactless,0.05,0.1,0.882,6.66,1.16,86230.3,0,0,39.81,0.34,0,0
00000000-0000-0000-7db1-07fca0641f8e,usr_00886,1786467650.365826,23.39,17,1,travel,pos_contactless,0.4,0.1,0.492,29.12,2.15,10866.2,0,0,472.68,0.25,0,0
00000000-0000-0000-34bb-bde79a53a36f,usr_00129,1786467694.7331343,24.29,17,1,health,online,0.08,0.6,0.802,1.58,2.1,29413.3,0,0,116.34,1.25,0,0
00000000-0000-0000-1e7f-7546014cc76c,usr_00915,1786467706.479872,70.13,17,1,grocery,pos_contactless,0.05,0.1,0.702,32.95,4.07,8746.0,0,0,759.31,0.46,0,0
00000000-0000-0000-0f28-219ee3e3e96d,usr_00060,1786467737.2884886,6.14,17,1,grocery,pos_contactless,0.05,0.1,0.812,16.91,0.97,7573.0,0,0,26.2,0.23,0,0
00000000-0000-0000-28b5-8586abcc6a6d,usr_00164,1786467761.4662502,64.76,17,1,grocery,pos_chip,0.05,0.05,0.275,1.87,2.77,34766.7,0,0,191.7,1.01,0,0
00000000-0000-0000-492a-729abc0ba624,usr_00206,1786467779.4456074,21.64,17,1,utilities,atm,0.04,0.25,0.921,24.26,2.59,31589.4,0,0,66.18,0.98,1,0
00000000-0000-0000-6a2b-3a0f6d56f3da,usr_00018,1786467813.8163989,67.39,17,1,health,pos_contactless,0.08,0.1,0.866,5.7,23.14,499.4,0,1,187.75,0.72,0,0
00000000-0000-0000-6bbe-d1b99086ff99,usr_00967,1786467824.3673904,8.16,17,1,grocery,pos_chip,0.05,0.05,0.82,24.18,0.94,8279.9,0,0,203.38,0.28,0,0
00000000-0000-0000-09bf-bb712cee87e1,usr_00583,1786467869.9104457,43.53,17,1,electronics,online,0.65,0.6,0.767,47.74,1.51,21028.6,0,0,84.6,2.06,0,0
00000000-0000-0000-60c9-f3d7087eeb03,usr_00663,1786467930.5511591,33.89,17,1,general_retail,atm,0.15,0.25,0.864,29.27,8.38,14284.3,0,0,167.35,0.81,0,0
00000000-0000-0000-45ba-e399d4a89896,usr_00616,1786467954.2989361,65.76,17,1,restaurant,pos_chip,0.1,0.05,0.808,0.88,7.18,379.7,0,2,533.17,1.36,0,0
00000000-0000-0000-6ebb-0658bb48ac27,usr_00021,1786467959.5459466,22.48,17,1,restaurant,atm,0.1,0.25,0.916,27.96,0.3,11852.3,0,0,155.41,1.16,0,0
00000000-0000-0000-0efa-79d01f0b8ae9,usr_00553,1786467960.6958046,341.56,17,1,general_retail,pos_chip,0.15,0.05,0.921,10.3,2.0,28148.5,0,0,657.73,2.6,0,0
00000000-0000-0000-5944-fc568d76017a,usr_00880,1786467973.0922823,83.29,17,1,grocery,online,0.05,0.6,0.942,10.32,6.59,19355.7,0,0,108.67,3.07,0,0
00000000-0000-0000-0996-bd9348fc49f3,usr_00236,1786467974.7653475,5.32,17,1,utilities,p2p,0.04,0.45,0.752,7.01,4.76,10632.3,0,0,24.4,0.65,1,0
00000000-0000-0000-51e7-7ede476791b4,usr_00593,1786467986.252228,6.02,17,1,general_retail,pos_chip,0.15,0.05,0.695,15.74,1.3,7506.1,0,0,56.7,0.53,0,0
00000000-0000-0000-7e01-6819afc49bae,usr_00438,1786468047.316018,18.39,17,1,utilities,pos_chip,0.04,0.05,0.691,0.03,2.11,7777.6,0,0,117.72,0.78,0,0
00000000-0000-0000-0019-ef51941bb1af,usr_00188,1786468082.6190078,11.28,17,1,grocery,online,0.05,0.6,0.627,4.62,1.81,12972.3,0,0,80.34,0.42,0,0
00000000-0000-0000-40b2-2d1fcac54865,usr_00330,1786468084.5677752,18.91,17,1,grocery,online,0.05,0.6,0.873,4.29,1.27,17182.1,0,0,552.97,0.24,0,0
00000000-0000-0000-5485-540b5db122c0,usr_00391,1786468090.1638722,52.0,17,1,grocery,pos_chip,0.05,0.05,0.708,27.3,5.35,22520.6,0,0,65.4,1.59,0,0
00000000-0000-0000-0785-69de99aa1e43,usr_00982,1786468117.7164624,42.09,17,1,grocery,online,0.05,0.6,0.805,1.81,3.66,80340.9,0,0,20.32,2.07,0,0
00000000-0000-0000-4268-58612d6fb269,usr_00725,1786468193.9129744,63.67,17,1,travel,online,0.4,0.6,0.77,5.85,0.09,11593.0,0,0,352.83,0.9,0,0
00000000-0000-0000-7604-c05bf05052c6,usr_00150,1786468226.5112062,23.05,17,1,electronics,p2p,0.65,0.45,0.829,1.17,9.87,5398.0,0,0,85.95,0.8,0,0
00000000-0000-0000-344b-3f7c115adf01,usr_00594,1786468230.2858586,7.88,17,1,restaurant,pos_chip,0.1,0.05,0.774,1.4,0.33,5988.7,0,0,96.18,0.41,0,0
00000000-0000-0000-3c62-1707c5149421,usr_00881,1786468242.7023275,80.08,17,1,electronics,pos_contactless,0.65,0.1,0.867,27.42,8.08,5363.5,0,0,238.35,1.01,0,0
00000000-0000-0000-776c-67d2a9e5095c,usr_00171,1786468281.7183595,34.36,17,1,utilities,online,0.04,0.6,0.673,8.35,9.16,12237.7,0,0,140.57,0.49,1,0
00000000-0000-0000-7f43-26353b8a4ce4,usr_00350,1786468302.558483,36.51,17,1,health,pos_chip,0.08,0.05,0.964,12.56,7.11,42623.0,0,0,112.58,0.97,0,0
00000000-0000-0000-19b2-2c3216da174d,usr_00047,1786468313.8887315,30.37,17,1,electronics,online,0.65,0.6,0.731,14.14,0.84,13240.6,0,0,52.2,1.16,0,0
00000000-0000-0000-0f78-68f4cc517844,usr_00466,1786468463.5594628,30.25,17,1,gaming,pos_chip,0.7,0.05,0.968,31.34,2.81,86400.0,0,0,0.0,1.09,0,0
00000000-0000-0000-1796-55376aaed736,usr_00249,1786468494.746907,19.05,17,1,health,pos_chip,0.08,0.05,0.891,6.63,1.95,14949.8,0,0,102.56,0.93,0,0
00000000-0000-0000-4203-571e31bd2c71,usr_00381,1786468510.8131497,94.17,17,1,health,atm,0.08,0.25,0.786,0.02,2.55,82663.6,0,0,68.93,1.37,0,0
00000000-0000-0000-31fc-345fabb440a9,usr_00666,1786468539.0777926,20.96,17,1,restaurant,pos_chip,0.1,0.05,0.91,46.73,13.75,80195.4,0,0,10.33,2.03,0,0
00000000-0000-0000-1e66-89b0032d1c71,usr_00282,1786468545.6453505,64.24,17,1,restaurant,pos_chip,0.1,0.05,0.98,1.02,3.43,7503.7,0,0,73.51,1.75,0,0
00000000-0000-0000-131e-1e4a26f089d7,usr_00231,1786468591.4037945,7.52,17,1,gaming,pos_contactless,0.7,0.1,0.985,21.94,1.9,86400.0,0,0,0.0,0.32,0,0
00000000-0000-0000-1bcd-72f7d2e83e76,usr_00359,1786468609.639476,23.61,17,1,utilities,pos_contactless,0.04,0.1,0.844,12.78,2.14,29100.1,0,0,55.12,0.86,0,0
00000000-0000-0000-0877-5621fb9d7bbe,usr_00279,1786468638.9039142,93.41,17,1,grocery,pos_chip,0.05,0.05,0.912,22.95,8.74,15547.4,0,0,51.99,3.59,0,0
00000000-0000-0000-3e9f-9eaac69d57f6,usr_00768,1786468769.5096164,8.83,17,1,electronics,pos_chip,0.65,0.05,0.875,12.51,7.64,9766.1,0,0,103.03,0.6,0,0
00000000-0000-0000-0e29-d0ef797860d3,usr_00792,1786468786.7920694,49.51,17,1,gaming,online,0.7,0.6,0.768,38.46,5.59,2000.4,0,1,111.02,1.34,0,0
00000000-0000-0000-5290-69d0572387e2,usr_00209,1786468802.8555646,30.47,17,1,health,pos_contactless,0.08,0.1,0.792,20.46,5.4,17476.8,0,0,210.12,1.02,1,0
00000000-0000-0000-6ade-0e8c5054f967,usr_00980,1786468821.9327934,61.58,17,1,grocery,pos_chip,0.05,0.05,0.711,18.01,6.86,12034.6,0,0,184.38,1.67,0,0
00000000-0000-0000-1b78-1dd3817ba31d,usr_00612,1786468832.5110183,6.25,17,1,restaurant,p2p,0.1,0.45,0.895,4.18,5.07,16795.8,0,0,53.18,0.47,0,0
00000000-0000-0000-2046-8fe7bb924b12,usr_00083,1786468853.8825665,19.18,17,1,utilities,pos_contactless,0.04,0.1,0.744,3.77,3.11,2189.2,0,1,107.13,0.54,0,0
00000000-0000-0000-20e8-3754bca14037,usr_00178,1786468855.7082348,23.96,17,1,restaurant,pos_chip,0.1,0.05,0.852,8.28,11.49,45933.9,0,0,62.98,0.76,0,0
00000000-0000-0000-4f53-61ba154f58b9,usr_00802,1786468904.1720023,49.98,17,1,grocery,online,0.05,0.6,0.914,1.25,6.01,2840.2,0,1,50.49,0.99,0,0
00000000-0000-0000-07e6-90e7b3a49576,usr_00716,1786469015.9377158,5.84,17,1,utilities,pos_chip,0.04,0.05,0.807,0.3,1.31,13725.5,0,0,10.44,0.56,0,0
00000000-0000-0000-480d-078992768dab,usr_00538,1786469032.9058065,8.44,17,1,health,online,0.08,0.6,0.958,0.22,2.44,22937.1,0,0,4.21,1.69,0,0
00000000-0000-0000-75cf-3544ef214ae3,usr_00479,1786469033.1901903,341.49,17,1,health,online,0.08,0.6,0.801,10.7,3.44,1692.8,0,1,673.92,2.03,0,0
00000000-0000-0000-40da-f055dbc9fcfa,usr_00481,1786469041.7441185,96.13,17,1,restaurant,online,0.1,0.6,0.592,5.11,5.56,13545.0,0,0,379.79,1.01,0,0
00000000-0000-0000-598a-d2dbadf493d8,usr_00155,1786469042.024675,46.6,17,1,grocery,atm,0.05,0.25,0.916,35.82,2.4,33080.9,0,0,692.13,0.4,0,0
00000000-0000-0000-24c5-f4d42b030a9d,usr_00239,1786469046.1924207,17.01,17,1,electronics,pos_chip,0.65,0.05,0.761,0.74,3.65,3745.5,0,0,158.76,0.54,0,0
00000000-0000-0000-40ea-583a47fb9247,usr_00752,1786469105.2170956,30.46,17,1,gaming,online,0.7,0.6,0.767,2.6,8.59,12721.3,0,0,94.57,1.61,0,0
00000000-0000-0000-5172-9176618e0e2f,usr_00999,1786469117.800327,30.86,17,1,restaurant,pos_chip,0.1,0.05,0.55,13.0,0.57,7403.5,0,0,459.55,0.2,0,0
00000000-0000-0000-28ac-e5c84f2f6364,usr_00382,1786469134.5518148,9.65,17,1,grocery,pos_chip,0.05,0.05,0.954,4.94,23.36,18334.4,0,0,65.06,0.74,0,0
00000000-0000-0000-1b2e-93cf92fbc1f8,usr_00222,1786469154.8793538,47.58,17,1,restaurant,pos_chip,0.1,0.05,0.952,8.93,8.73,2478.7,0,1,164.35,1.16,0,0
00000000-0000-0000-58a0-57e132fdd221,usr_00713,1786469160.79065,37.02,17,1,general_retail,pos_chip,0.15,0.05,0.852,6.77,7.64,11418.1,0,0,101.24,1.1,0,0
00000000-0000-0000-16ed-a59c6d4a6bc7,usr_00986,1786469208.4209356,9.37,17,1,utilities,atm,0.04,0.25,0.826,3.71,0.13,31900.0,0,0,29.76,0.63,0,0
00000000-0000-0000-156c-215fbfb882a7,usr_00297,1786469233.1914108,35.11,17,1,grocery,online,0.05,0.6,0.785,19.21,5.15,86400.0,0,0,0.0,1.33,0,0
00000000-0000-0000-5eda-7514c0143b1f,usr_00707,1786469259.1622138,47.6,17,1,grocery,atm,0.05,0.25,0.78,2.92,17.13,81121.9,0,0,128.62,0.37,0,0
00000000-0000-0000-3605-76e500d92f45,usr_00513,1786469277.8263805,41.71,17,1,grocery,online,0.05,0.6,0.732,11.41,2.9,9866.5,0,0,94.04,1.33,0,0
00000000-0000-0000-2403-423573213ba0,usr_00843,1786469308.4300044,22.97,17,1,electronics,pos_contactless,0.65,0.1,0.627,0.95,9.69,20692.5,0,0,120.83,0.76,1,0
00000000-0000-0000-739d-999803eac50e,usr_00521,1786469321.8499954,32.14,17,1,grocery,online,0.05,0.6,0.516,20.72,5.74,36641.6,0,0,101.63,1.26,0,0
00000000-0000-0000-479d-b0d479086455,usr_00341,1786469359.3366983,49.77,17,1,grocery,pos_chip,0.05,0.05,0.796,0.49,6.76,8042.1,0,0,219.68,1.13,0,0
00000000-0000-0000-75f3-6337c52e77fc,usr_00002,1786469379.997739,73.26,17,1,grocery,pos_chip,0.05,0.05,0.905,18.39,14.18,26165.6,0,0,207.56,1.41,0,0
00000000-0000-0000-20eb-cde947d6858f,usr_00453,1786469381.205574,161.48,17,1,restaurant,pos_contactless,0.1,0.1,0.738,2.79,13.84,11165.4,0,0,535.98,1.51,0,0
00000000-0000-0000-481f-7494c7b96fac,usr_00683,1786469383.5413024,14.39,17,1,health,pos_chip,0.08,0.05,0.677,49.42,5.89,3859.5,0,0,79.82,0.72,0,0
00000000-0000-0000-7c0b-d70a36936a6b,usr_00836,1786469395.3973103,47.34,17,1,utilities,online,0.04,0.6,0.872,2.33,1.28,26734.1,0,0,48.34,1.96,0,0
00000000-0000-0000-6b93-52b89ef682ec,usr_00399,1786469396.225093,8.28,17,1,gaming,pos_chip,0.7,0.05,0.632,3.73,2.99,6976.8,0,0,95.34,0.43,0,0
00000000-0000-0000-0529-5c60795caeec,usr_00913,1786469398.2361882,45.24,17,1,grocery,pos_chip,0.05,0.05,0.586,26.85,2.22,4837.4,0,0,77.92,1.74,0,0
00000000-0000-0000-39ba-ca7b63205d30,usr_00816,1786469409.8064287,26.8,17,1,restaurant,pos_contactless,0.1,0.1,0.938,8.52,0.04,86400.0,0,0,0.0,1.03,0,0
00000000-0000-0000-479d-f5f89f8bea63,usr_00326,1786469418.4539528,11.7,17,1,restaurant,pos_contactless,0.1,0.1,0.969,31.26,1.77,20254.7,0,0,38.46,0.91,0,0
00000000-0000-0000-79cf-e598066612f7,usr_00760,1786469444.1246972,111.24,17,1,grocery,p2p,0.05,0.45,0.956,1.81,4.33,25815.3,0,0,504.42,1.1,0,0
00000000-0000-0000-1ea5-b744b2a91baa,usr_00409,1786469451.451125,21.67,17,1,grocery,online,0.05,0.6,0.631,3.39,10.54,62151.1,0,0,6.66,3.25,0,0
00000000-0000-0000-236b-d6e782392a63,usr_00598,1786469459.2119217,30.11,17,1,utilities,online,0.04,0.6,0.56,11.46,2.2,25824.4,0,0,217.26,0.69,0,0
00000000-0000-0000-2a85-6548c2171fdb,usr_00062,1786469470.642009,54.48,17,1,utilities,pos_contactless,0.04,0.1,0.789,3.74,2.04,12347.7,0,0,136.59,1.6,0,0
00000000-0000-0000-5881-6caefc274812,usr_00897,1786469471.5872984,36.3,17,1,restaurant,pos_chip,0.1,0.05,0.876,0.26,6.61,3083.0,0,1,141.99,1.53,0,0
00000000-0000-0000-4155-3da88ba08526,usr_00725,1786469497.1079416,158.84,17,1,utilities,p2p,0.04,0.45,0.849,6.26,0.31,1303.2,0,1,416.5,2.29,0,0
00000000-0000-0000-3150-e46f3c7a4ca8,usr_00689,1786469530.1219566,35.47,17,1,health,pos_contactless,0.08,0.1,0.947,16.73,1.21,5725.5,0,0,132.23,1.07,0,0
00000000-0000-0000-03fe-a15b3368c880,usr_00749,1786469618.2846842,6.46,17,1,grocery,pos_chip,0.05,0.05,0.995,20.0,1.46,15953.9,0,0,114.7,0.28,0,0
00000000-0000-0000-1bf6-458844946154,usr_00053,1786469655.990374,30.94,17,1,travel,online,0.4,0.6,0.668,1.4,0.06,30553.0,0,0,209.73,0.59,0,0
00000000-0000-0000-56f3-26bc7be96a20,usr_00737,1786469665.3663774,30.72,17,1,restaurant,online,0.1,0.6,0.858,8.27,0.42,7807.9,0,0,328.24,0.47,0,0
00000000-0000-0000-51f7-219f655894e2,usr_00183,1786469702.295032,31.12,17,1,grocery,pos_contactless,0.05,0.1,0.8,4.0,5.73,10071.4,0,0,538.12,0.4,0,0
00000000-0000-0000-07ef-a66602475046,usr_00109,1786469828.18931,5.47,17,1,restaurant,online,0.1,0.6,0.836,2.42,4.31,22731.3,0,0,51.73,0.32,0,0
00000000-0000-0000-37e3-331df77fa541,usr_00011,1786469834.2730923,30.79,17,1,grocery,pos_chip,0.05,0.05,0.717,7.57,7.41,28858.7,0,0,365.38,0.51,0,0
00000000-0000-0000-135a-699e100462f2,usr_00024,1786469913.3416884,65.9,17,1,electronics,online,0.65,0.6,0.727,0.13,9.93,20525.1,0,0,60.77,3.25,1,0
00000000-0000-0000-23ec-6a3a601ea529,usr_00990,1786469924.1726034,32.73,17,1,utilities,online,0.04,0.6,0.566,11.36,2.95,71166.0,0,0,48.51,0.67,0,0
00000000-0000-0000-287c-da4dcdb38de6,usr_00718,1786469925.6586006,17.26,17,1,restaurant,online,0.1,0.6,0.962,4.67,5.66,26184.1,0,0,46.15,0.75,0,0
00000000-0000-0000-210a-f469dd7b3156,usr_00467,1786469927.3754287,129.73,17,1,restaurant,online,0.1,0.6,0.93,0.69,0.05,86400.0,0,0,0.0,1.23,0,0
00000000-0000-0000-17d7-5508fb5b8dbe,usr_00184,1786469932.5756598,68.75,17,1,utilities,online,0.04,0.6,0.763,18.5,2.43,10955.4,0,0,52.86,1.3,0,0
00000000-0000-0000-4103-d934e2809b85,usr_00617,1786469960.296217,41.43,17,1,grocery,pos_chip,0.05,0.05,0.879,0.84,3.43,12687.3,0,0,183.53,1.13,0,0
00000000-0000-0000-7f57-3b979a70c152,usr_00542,1786469991.4484234,179.36,17,1,electronics,pos_contactless,0.65,0.1,0.825,3.79,11.69,11334.6,0,0,293.52,3.06,0,0
00000000-0000-0000-6d8b-a0e9d6c55c3c,usr_00607,1786470020.6213064,97.97,17,1,restaurant,pos_contactless,0.1,0.1,0.649,12.17,2.36,10253.2,0,0,159.71,1.23,0,0
00000000-0000-0000-149d-f108fb354fba,usr_00416,1786470033.1556513,52.08,17,1,utilities,pos_chip,0.04,0.05,0.978,36.82,0.67,14884.5,0,0,421.79,0.62,0,0
00000000-0000-0000-7bee-2c011d2cbc0d,usr_00059,1786470053.5930982,65.93,17,1,grocery,pos_contactless,0.05,0.1,0.796,11.93,1.05,30723.3,0,0,102.93,1.28,0,0
00000000-0000-0000-404c-6c996de4182b,usr_00472,1786470084.108635,22.68,17,1,grocery,pos_contactless,0.05,0.1,0.595,5.05,8.75,67122.3,0,0,38.02,0.6,0,0
00000000-0000-0000-140b-e3425f7c3c4f,usr_00134,1786470103.1553912,12.54,17,1,grocery,online,0.05,0.6,0.584,21.06,6.29,21496.3,0,0,49.81,0.5,0,0
00000000-0000-0000-5efd-b9a6273c01a4,usr_00695,1786470118.1257117,35.87,17,1,utilities,online,0.04,0.6,0.531,4.22,0.56,44704.0,0,0,127.35,1.13,0,0
00000000-0000-0000-75b5-81bbf01c0393,usr_00777,1786470124.9972172,38.75,17,1,travel,pos_contactless,0.4,0.1,0.933,1.44,12.8,7714.9,0,0,251.85,0.77,0,0
00000000-0000-0000-6a02-4c388cab63ec,usr_00895,1786470137.046885,89.49,17,1,restaurant,online,0.1,0.6,0.891,1.46,0.64,20666.0,0,0,349.4,1.02,0,0
00000000-0000-0000-0e37-ade6c898d3e1,usr_00244,1786470173.4850068,239.29,17,1,grocery,pos_contactless,0.05,0.1,0.985,19.37,0.98,2712.7,0,1,925.43,1.81,0,0
00000000-0000-0000-1468-c319217609c4,usr_00584,1786470193.1212008,42.87,17,1,utilities,pos_contactless,0.04,0.1,0.749,6.49,12.14,63269.6,0,0,172.62,0.5,1,0
00000000-0000-0000-293f-d0fd27faa90c,usr_00307,1786470198.6372347,74.24,17,1,grocery,pos_chip,0.05,0.05,0.908,1.5,1.83,10833.0,0,0,96.9,1.53,0,0
00000000-0000-0000-55f0-a4a9fe0b8a54,usr_00737,1786470205.2655146,31.93,17,1,gaming,pos_chip,0.7,0.05,0.857,4.55,5.33,539.9,0,1,358.96,0.53,0,0
00000000-0000-0000-3efa-d811db5869c7,usr_00913,1786470244.317081,14.42,17,1,general_retail,atm,0.15,0.25,0.891,11.04,0.51,846.1,0,1,123.16,0.47,0,0
00000000-0000-0000-692a-cc334131351e,usr_00983,1786470303.413276,72.69,17,1,grocery,p2p,0.05,0.45,0.855,2.06,0.86,25656.6,0,0,585.65,1.12,0,0
00000000-0000-0000-055e-413469df4934,usr_00953,1786470312.3678322,14.74,17,1,restaurant,pos_contactless,0.1,0.1,0.836,2.48,0.14,5203.2,0,0,205.22,0.65,0,0
00000000-0000-0000-4ec4-b22c3044374f,usr_00401,1786470324.9139242,29.8,17,1,crypto,online,0.9,0.6,0.907,4.21,4.27,17942.3,0,0,74.54,0.8,0,0
00000000-0000-0000-7380-91d1a88c7874,usr_00661,1786470325.0315652,54.46,17,1,utilities,pos_contactless,0.04,0.1,0.846,18.1,2.65,10281.3,0,0,69.05,1.58,0,0
00000000-0000-0000-75e3-7d961ce8305d,usr_00697,1786470327.8860943,42.19,17,1,grocery,atm,0.05,0.25,0.778,3.1,2.72,86400.0,0,0,0.0,2.27,0,0
00000000-0000-0000-3b3a-6e28294b51ea,usr_00845,1786470357.9064586,82.85,17,1,gaming,pos_chip,0.7,0.05,0.717,23.28,1.76,86400.0,0,0,0.0,2.01,0,0
00000000-0000-0000-3ab0-4837de848088,usr_00583,1786470458.0985909,27.87,17,1,gaming,pos_chip,0.7,0.05,0.769,11.9,4.22,2588.2,0,1,128.13,1.09,0,0
00000000-0000-0000-24ea-1ac967ed6f28,usr_00069,1786470481.2011168,27.67,17,1,restaurant,atm,0.1,0.25,0.874,6.71,6.06,41102.5,0,0,80.52,0.69,1,0
00000000-0000-0000-506c-8a5e724d2fff,usr_00057,1786470501.2747478,60.95,17,1,utilities,atm,0.04,0.25,0.853,0.88,13.26,13369.6,0,0,559.49,0.54,0,0
00000000-0000-0000-6e8d-ebc8dc767e7e,usr_00295,1786470538.7419908,26.5,17,1,grocery,p2p,0.05,0.45,0.882,22.01,3.17,28697.1,0,0,116.19,0.46,0,0
00000000-0000-0000-5be3-f1af15147042,usr_00188,1786470547.2715867,10.46,17,1,restaurant,pos_chip,0.1,0.05,0.828,11.26,4.28,2464.7,0,1,91.62,0.46,0,0
00000000-0000-0000-4e7c-0c5c0ad92eaa,usr_00286,1786470567.0598247,26.14,17,1,electronics,pos_chip,0.65,0.05,0.727,4.12,9.18,14336.1,0,0,55.05,0.47,0,0
00000000-0000-0000-178f-d311357d503c,usr_00462,1786470579.3633125,12.43,17,1,health,pos_contactless,0.08,0.1,0.885,29.46,8.53,4582.1,0,0,88.52,0.84,0,0
00000000-0000-0000-0e00-304d94a3b5a5,usr_00479,1786470591.3823512,128.2,17,1,restaurant,pos_chip,0.1,0.05,0.933,5.24,2.56,1558.2,0,2,1015.41,0.63,0,0
00000000-0000-0000-0830-7e55e885ae87,usr_00399,1786470596.5073802,31.16,17,1,restaurant,atm,0.1,0.25,0.866,31.17,3.74,1200.3,0,1,103.62,1.8,0,0
00000000-0000-0000-51d1-6805ba648fe6,usr_00864,1786470611.1462305,29.82,17,1,restaurant,online,0.1,0.6,0.85,7.08,0.9,9349.4,0,0,127.79,1.4,0,0
00000000-0000-0000-18c3-fc4d49e9731e,usr_00059,1786470629.1409624,94.99,17,1,travel,online,0.4,0.6,0.859,7.4,18.04,575.5,0,1,168.86,1.69,0,0
00000000-0000-0000-79c6-5df60dfc097f,usr_00369,1786470677.1488886,70.11,17,1,grocery,pos_chip,0.05,0.05,0.919,3.5,1.3,19753.4,0,0,90.84,1.54,0,0
00000000-0000-0000-579f-59e1909ff4ba,usr_00820,1786470753.2620935,38.74,17,1,general_retail,online,0.15,0.6,0.82,14.07,14.97,52968.7,0,0,156.8,1.24,0,0
00000000-0000-0000-1aa4-be4815269ad1,usr_00883,1786470755.5933821,21.56,17,1,gaming,pos_contactless,0.7,0.1,0.961,12.52,2.19,17325.6,0,0,123.6,1.22,0,0
00000000-0000-0000-087a-39e55c85d494,usr_00200,1786470758.597515,67.01,17,1,general_retail,online,0.15,0.6,0.891,2.09,12.11,12297.1,0,0,319.03,1.47,0,0
00000000-0000-0000-4a62-5b29465f2b64,usr_00635,1786470802.8955483,28.54,17,1,utilities,online,0.04,0.6,0.797,3.58,3.26,47048.9,0,0,68.05,1.26,0,0
00000000-0000-0000-7661-9b8ecbb15c6b,usr_00298,1786470823.5675313,9.98,17,1,grocery,p2p,0.05,0.45,0.985,9.22,3.55,7756.6,0,0,54.63,1.1,0,0
00000000-0000-0000-2f4c-d359d9f84afd,usr_00928,1786470858.8491054,42.95,17,1,travel,pos_chip,0.4,0.05,0.782,23.53,2.69,25951.1,0,0,67.42,1.91,0,0
00000000-0000-0000-2578-d65b4146f927,usr_00525,1786470861.3696322,56.13,17,1,utilities,pos_chip,0.04,0.05,0.799,22.97,2.01,61124.3,0,0,42.26,1.33,0,0
00000000-0000-0000-556c-668f89ce4a79,usr_00340,1786470865.6001477,4.76,17,1,grocery,pos_chip,0.05,0.05,0.917,16.97,1.21,5591.9,0,0,52.41,0.36,0,0
00000000-0000-0000-1c4d-663b0e6e1db3,usr_00026,1786470886.0784373,117.49,17,1,grocery,pos_contactless,0.05,0.1,0.806,25.99,0.13,11431.0,0,0,189.81,2.48,0,0
00000000-0000-0000-26ec-890fa7c71f29,usr_00734,1786470900.3079123,16.92,17,1,gaming,pos_chip,0.7,0.05,0.383,11.48,0.13,6080.5,0,0,261.68,0.32,0,0
00000000-0000-0000-23d7-d450c6f4af95,usr_00078,1786470915.5035176,41.63,17,1,restaurant,atm,0.1,0.25,0.971,10.45,0.35,3667.1,0,0,116.14,0.72,0,0
00000000-0000-0000-6ffa-380838189ae4,usr_00826,1786470972.1026833,31.12,17,1,utilities,atm,0.04,0.25,0.818,14.46,8.71,4722.0,0,0,174.73,0.71,0,0
00000000-0000-0000-0758-4459481fde2d,usr_00715,1786471006.3089747,13.39,17,1,gaming,atm,0.7,0.25,0.979,7.17,3.95,19307.1,0,0,62.2,0.86,0,0
00000000-0000-0000-6b15-a5553a635c68,usr_00611,1786471018.4219546,53.27,17,1,restaurant,online,0.1,0.6,0.753,10.1,8.62,4118.1,0,0,348.12,1.07,0,0
00000000-0000-0000-2c17-a1aec3004eb8,usr_00383,1786471074.8755338,18.53,17,1,utilities,p2p,0.04,0.45,0.902,14.71,5.24,28654.0,0,0,50.03,1.48,0,0
00000000-0000-0000-708f-540e5e1eaf89,usr_00039,1786471089.663656,79.89,17,1,utilities,pos_contactless,0.04,0.1,0.898,14.46,9.28,53181.7,0,0,74.6,2.14,0,0
00000000-0000-0000-75d5-90a42446ce05,usr_00597,1786471124.0302277,102.03,17,1,restaurant,pos_contactless,0.1,0.1,0.68,13.59,0.37,3861.9,0,0,250.34,1.63,0,0
00000000-0000-0000-6888-3301bf18cce5,usr_00219,1786471157.329528,10.61,17,1,grocery,online,0.05,0.6,0.854,4.26,5.68,47587.2,0,0,69.86,0.46,0,0
00000000-0000-0000-336e-e9fc375815dd,usr_00479,1786471168.4325273,186.93,17,1,health,online,0.08,0.6,0.912,5.26,8.01,577.1,0,2,1143.61,0.98,0,0
00000000-0000-0000-0fd3-f47230ae8b18,usr_00324,1786471195.3638766,124.09,17,1,gaming,pos_chip,0.7,0.05,0.812,18.76,4.02,22199.3,0,0,322.46,1.15,0,0
00000000-0000-0000-509a-3f0c21493ec4,usr_00614,1786471257.4506197,23.48,18,1,grocery,atm,0.05,0.25,0.668,18.97,6.75,11604.5,0,0,46.83,1.0,1,0
00000000-0000-0000-2853-a727ca6572a5,usr_00919,1786471313.348404,11.13,18,1,restaurant,pos_contactless,0.1,0.1,0.911,35.35,14.03,12961.4,0,0,48.27,0.92,0,0
00000000-0000-0000-0d84-98a8cb2ff394,usr_00728,1786471336.193035,19.05,18,1,general_retail,pos_chip,0.15,0.05,0.984,19.42,0.55,11825.2,0,0,54.32,1.05,0,0
00000000-0000-0000-4b82-5e341b3b5979,usr_00374,1786471342.8932164,53.34,18,1,health,online,0.08,0.6,0.906,15.44,4.96,13190.4,0,0,397.98,0.67,1,0
00000000-0000-0000-0268-b55e0ee8a232,usr_00020,1786471350.767719,25.67,18,1,utilities,online,0.04,0.6,0.856,5.93,0.35,3903.6,0,0,94.0,0.82,0,0
00000000-0000-0000-454a-796c8a24608e,usr_00409,1786471389.4257092,10.46,18,1,utilities,pos_chip,0.04,0.05,0.533,5.52,5.43,1938.0,0,1,28.33,0.74,0,0
00000000-0000-0000-1016-bfe4c63f65ad,usr_00763,1786471408.1737678,64.08,18,1,health,pos_chip,0.08,0.05,0.896,2.73,14.43,6560.3,0,0,245.19,1.31,0,0
00000000-0000-0000-6c96-a3cce8de6513,usr_00983,1786471427.223936,62.91,18,1,restaurant,online,0.1,0.6,0.933,13.27,5.03,1123.8,0,1,658.34,0.96,0,0
00000000-0000-0000-415c-99dba096db9d,usr_00870,1786471428.6153116,56.2,18,1,restaurant,pos_chip,0.1,0.05,0.937,0.66,5.95,18312.1,0,0,213.53,1.32,0,0
00000000-0000-0000-6fad-b234e727e7d7,usr_00244,1786471436.0218847,60.19,18,1,gaming,pos_chip,0.7,0.05,0.91,9.95,0.72,1262.5,0,1,1164.72,0.41,0,0
00000000-0000-0000-4935-bb9cd0fbee9b,usr_00738,1786471463.9317784,6.61,18,1,general_retail,atm,0.15,0.25,0.927,2.97,5.69,11224.2,0,0,21.03,0.63,0,0
00000000-0000-0000-1406-a73278c3a1bc,usr_00043,1786471471.132892,34.06,18,1,general_retail,online,0.15,0.6,0.646,33.16,5.25,51224.7,0,0,71.53,0.95,0,0
00000000-0000-0000-35ac-39de5ba9dd95,usr_00379,1786471475.2564337,56.15,18,1,general_retail,online,0.15,0.6,0.835,35.38,16.81,20882.8,0,0,148.68,2.27,0,0
00000000-0000-0000-7175-2706dc3d57c0,usr_00813,1786471485.1827517,36.46,18,1,utilities,online,0.04,0.6,0.549,5.19,1.19,12886.7,0,0,63.15,1.73,0,0
00000000-0000-0000-1cf5-16ca5468d6b3,usr_00171,1786471514.4380553,66.11,18,1,general_retail,pos_contactless,0.15,0.1,0.983,4.68,1.66,3232.7,0,1,174.93,1.13,0,0
00000000-0000-0000-4d5e-f3ee6059a6d8,usr_00154,1786471544.3646753,16.1,18,1,restaurant,online,0.1,0.6,0.859,4.32,0.76,5863.4,0,0,56.67,0.85,0,0
00000000-0000-0000-572b-e49b069f0fe2,usr_00921,1786471564.247486,16.43,18,1,crypto,online,0.9,0.6,0.741,6.12,18.99,19636.4,0,0,94.39,0.52,0,0
00000000-0000-0000-6029-97e9b472aeb4,usr_00222,1786471580.2116525,27.69,18,1,grocery,pos_contactless,0.05,0.1,0.811,4.43,14.82,2425.3,0,1,211.93,0.65,0,0
00000000-0000-0000-3782-a6dc16d72e9d,usr_00377,1786471631.61513,19.71,18,1,health,pos_chip,0.08,0.05,0.872,9.63,0.57,24754.7,0,0,38.87,1.01,0,0
00000000-0000-0000-5b42-a23d144fbfe2,usr_00114,1786471678.1840794,88.59,18,1,grocery,pos_chip,0.05,0.05,0.699,2.05,7.47,43205.6,0,0,166.25,2.13,0,0
00000000-0000-0000-226e-2808dfb05353,usr_00626,1786471691.606325,60.55,18,1,general_retail,pos_chip,0.15,0.05,0.971,2.25,2.14,35540.0,0,0,131.89,1.84,0,0
00000000-0000-0000-3de6-ecd4a3fb5f7a,usr_00413,1786471745.6268482,67.55,18,1,electronics,pos_chip,0.65,0.05,0.966,6.42,1.28,36133.5,0,0,168.45,1.2,0,0
00000000-0000-0000-10cc-56e037224ee6,usr_00891,1786471805.3747103,25.91,18,1,crypto,pos_contactless,0.9,0.1,0.79,23.77,10.16,36391.4,0,0,60.68,0.85,0,0
00000000-0000-0000-660f-857cbf170722,usr_00533,1786471832.3683891,56.5,18,1,electronics,atm,0.65,0.25,0.784,1.16,4.28,18958.6,0,0,232.67,0.97,0,0
00000000-0000-0000-7d4e-674e68bf93de,usr_00172,1786471845.546938,25.89,18,1,utilities,atm,0.04,0.25,0.698,5.29,2.86,12326.4,0,0,76.78,1.35,0,0
00000000-0000-0000-7679-695b436afa17,usr_00725,1786471864.634113,66.11,18,1,grocery,online,0.05,0.6,0.878,14.92,1.86,2367.5,0,1,575.34,0.8,0,0
00000000-0000-0000-7fab-dd59c1936003,usr_00158,1786471872.259116,14.18,18,1,gaming,online,0.7,0.6,0.795,5.12,0.61,20698.8,0,0,8.34,1.7,0,0
00000000-0000-0000-43a3-6a7b9862f700,usr_00280,1786471917.3026428,14.26,18,1,electronics,pos_chip,0.65,0.05,0.717,30.41,1.17,5821.5,0,0,376.7,0.26,0,0
00000000-0000-0000-6474-127c2c98d6b9,usr_00019,1786471933.2169516,40.66,18,1,general_retail,pos_contactless,0.15,0.1,0.856,13.38,0.33,14535.9,0,0,47.25,1.72,0,0
00000000-0000-0000-287d-b14325482303,usr_00609,1786471970.1896267,47.25,18,1,grocery,pos_chip,0.05,0.05,0.816,4.41,6.54,34801.2,0,0,100.32,1.41,0,0
00000000-0000-0000-676e-1facd7958baf,usr_00972,1786472006.9137173,35.67,18,1,grocery,pos_contactless,0.05,0.1,0.885,43.26,4.97,51988.5,0,0,120.33,1.19,0,0
00000000-0000-0000-6e9e-ac82a20f9547,usr_00173,1786472008.4238575,18.87,18,1,travel,pos_contactless,0.4,0.1,0.718,4.36,3.94,7290.8,0,0,63.85,1.48,0,0
00000000-0000-0000-7bcd-c1cc75e5d7cb,usr_00665,1786472058.254555,6.98,18,1,utilities,p2p,0.04,0.45,0.698,2.54,1.65,83201.5,0,0,11.65,1.2,0,0
00000000-0000-0000-19ec-6bebf5ccc6d8,usr_00692,1786472063.1109154,48.59,18,1,restaurant,online,0.1,0.6,0.776,2.32,8.89,54325.0,0,0,104.45,1.4,0,0
00000000-0000-0000-070e-a27ce426be7d,usr_00857,1786472071.1521466,62.95,18,1,general_retail,pos_contactless,0.15,0.1,0.966,4.97,3.06,33230.8,0,0,99.0,1.27,0,0
00000000-0000-0000-1ca5-e501ededb90d,usr_00007,1786472091.4834502,17.47,18,1,restaurant,pos_chip,0.1,0.05,0.62,2.53,0.78,15233.5,0,0,93.4,0.56,0,0
00000000-0000-0000-4212-906334703b2f,usr_00612,1786472112.853681,8.75,18,1,grocery,atm,0.05,0.25,0.853,6.68,1.02,3280.3,0,1,59.43,0.74,1,0
00000000-0000-0000-67a0-e88750b15c9c,usr_00701,1786472124.835103,18.4,18,1,restaurant,pos_contactless,0.1,0.1,0.912,7.13,8.97,34365.7,0,0,63.4,0.58,0,0
00000000-0000-0000-71fc-a5e0a7b0c6c9,usr_00749,1786472136.7059054,14.71,18,1,health,online,0.08,0.6,0.973,3.88,0.16,2518.4,0,1,121.16,0.73,0,0
00000000-0000-0000-1d77-40f867860e9d,usr_00803,1786472171.247871,81.86,18,1,utilities,online,0.04,0.6,0.682,32.59,4.38,62579.7,0,0,86.27,1.9,0,0
00000000-0000-0000-205d-0b129cc3c5a6,usr_00746,1786472189.8308816,84.98,18,1,health,online,0.08,0.6,0.691,25.37,2.48,4927.0,0,0,372.76,0.46,0,0
00000000-0000-0000-3f1e-9c5c92c7bc98,usr_00904,1786472220.09076,8.24,18,1,grocery,pos_chip,0.05,0.05,0.804,36.24,1.04,86400.0,0,0,0.0,0.36,0,0
00000000-0000-0000-4d59-88f38874a72d,usr_00107,1786472272.3823652,24.42,18,1,crypto,online,0.9,0.6,0.832,19.94,5.02,17258.0,0,0,116.19,1.05,0,0
00000000-0000-0000-60ce-fea7b1320132,usr_00762,1786472287.5669281,34.37,18,1,health,online,0.08,0.6,0.714,8.21,7.8,30260.0,0,0,291.29,0.47,0,0
00000000-0000-0000-6e21-f85d29c10af7,usr_00123,1786472303.8391092,187.71,18,1,utilities,atm,0.04,0.25,0.907,8.74,0.53,35570.9,0,0,130.82,2.87,0,0
00000000-0000-0000-61c3-b14558dfa473,usr_00258,1786472315.8996358,34.09,18,1,health,p2p,0.08,0.45,0.59,6.45,1.15,27706.2,0,0,21.47,1.59,0,0
00000000-0000-0000-7ac3-fe74d9d88cea,usr_00193,1786472324.602776,32.79,18,1,restaurant,atm,0.1,0.25,0.701,9.41,7.21,15710.4,0,0,575.03,0.4,0,0
00000000-0000-0000-2fca-ddc3d570ec81,usr_00989,1786472371.051158,49.67,18,1,jewelry,online,0.8,0.6,0.728,40.2,0.47,4759.8,0,0,13.68,3.63,0,0
00000000-0000-0000-3780-9839cc21f523,usr_00113,1786472374.4966898,11.48,18,1,grocery,online,0.05,0.6,0.403,1.83,0.3,26254.0,0,0,75.57,0.76,0,0
00000000-0000-0000-1450-19229fd2b8c1,usr_00496,1786472405.9967835,10.84,18,1,health,atm,0.08,0.25,0.55,0.36,2.13,70079.4,0,0,17.74,1.22,0,0
00000000-0000-0000-1d3c-71969be701e0,usr_00163,1786472419.330379,5.69,18,1,grocery,pos_chip,0.05,0.05,0.866,6.86,0.11,86400.0,0,0,0.0,0.28,0,0
00000000-0000-0000-47fd-c830ca99d997,usr_00895,1786472434.2368228,39.88,18,1,restaurant,online,0.1,0.6,0.623,27.29,9.33,2297.2,0,1,438.89,0.45,0,0
00000000-0000-0000-507b-164284dbc7c8,usr_00813,1786472501.948639,17.52,18,1,electronics,online,0.65,0.6,0.941,0.92,7.98,1016.8,0,1,99.61,0.7,0,0
00000000-0000-0000-18b4-2c0b3fea1b7d,usr_00477,1786472513.0443628,14.31,18,1,grocery,p2p,0.05,0.45,0.966,5.25,4.51,79317.5,0,0,106.46,0.4,0,0
00000000-0000-0000-7936-707080e9c2d9,usr_00496,1786472525.8630998,12.96,18,1,crypto,online,0.9,0.6,0.915,6.76,4.17,119.9,1,1,28.58,1.36,0,0
00000000-0000-0000-09c6-95b7f317e041,usr_00127,1786472532.6261377,16.1,18,1,travel,pos_contactless,0.4,0.1,0.852,3.95,4.84,15764.0,0,0,23.37,1.38,0,0
00000000-0000-0000-7c00-002eecf23e0f,usr_00172,1786472546.8379028,31.48,18,1,utilities,pos_chip,0.04,0.05,0.949,10.55,1.71,701.3,0,1,102.67,1.53,0,0
00000000-0000-0000-25db-4d3e29a973ad,usr_00053,1786472552.527894,5.67,18,1,crypto,pos_contactless,0.9,0.1,0.83,3.72,13.26,2896.5,0,1,240.67,0.12,0,0
00000000-0000-0000-31e0-0f70c434e7e4,usr_00916,1786472573.6697123,56.82,18,1,health,online,0.08,0.6,0.756,30.84,0.12,13657.9,0,0,400.83,0.71,0,0
00000000-0000-0000-6195-e00702071179,usr_00139,1786472584.2578423,278.97,18,1,utilities,atm,0.04,0.25,0.886,29.38,7.39,11269.6,0,0,1213.57,1.15,1,0
00000000-0000-0000-7864-58d5fee27aa1,usr_00460,1786472599.1105127,29.69,18,1,general_retail,pos_chip,0.15,0.05,0.665,22.49,7.89,16081.4,0,0,228.23,0.65,0,0
00000000-0000-0000-45d8-0eaf02203847,usr_00723,1786472661.0568528,6.64,18,1,grocery,online,0.05,0.6,0.795,9.23,1.81,38199.0,0,0,24.16,0.55,0,0
00000000-0000-0000-6323-aae87834874f,usr_00930,1786472770.6676404,39.71,18,1,restaurant,online,0.1,0.6,0.789,29.6,10.54,26306.9,0,0,180.6,1.1,0,0
00000000-0000-0000-11f9-0b3f3135ea80,usr_00444,1786472775.5804963,11.15,18,1,restaurant,online,0.1,0.6,0.639,3.38,4.73,20728.5,0,0,214.18,0.42,0,0
00000000-0000-0000-6a63-bb7075ab7469,usr_00142,1786472826.958509,14.32,18,1,restaurant,pos_chip,0.1,0.05,0.877,45.06,0.37,7929.2,0,0,43.62,0.98,0,0
00000000-0000-0000-53be-f688c190df26,usr_00250,1786472827.8762274,28.92,18,1,jewelry,pos_contactless,0.8,0.1,0.928,17.55,15.25,28044.9,0,0,106.55,1.09,0,0
00000000-0000-0000-5889-749238888e43,usr_00022,1786472847.8181937,83.66,18,1,grocery,pos_chip,0.05,0.05,0.771,16.88,1.85,25668.4,0,0,284.86,1.47,0,0
00000000-0000-0000-6e21-c916aef3e0a1,usr_00148,1786472924.9236217,28.57,18,1,health,pos_chip,0.08,0.05,0.505,20.73,0.45,21868.7,0,0,274.18,0.52,0,0
00000000-0000-0000-69de-372313b099f1,usr_00865,1786472946.297001,42.23,18,1,gaming,pos_chip,0.7,0.05,0.617,0.87,4.32,14889.2,0,0,411.32,0.41,0,0
00000000-0000-0000-7b20-dfb87d48bd61,usr_00283,1786473010.8327422,50.35,18,1,utilities,pos_contactless,0.04,0.1,0.897,2.26,2.22,40191.5,0,0,115.96,1.3,0,0
00000000-0000-0000-62b3-662483193a53,usr_00301,1786473043.1875093,32.37,18,1,restaurant,pos_chip,0.1,0.05,0.93,8.18,2.59,24631.0,0,0,27.83,2.33,0,0
00000000-0000-0000-4232-ee5bda8f5473,usr_00504,1786473059.04422,4.63,18,1,utilities,atm,0.04,0.25,0.858,52.44,4.37,12638.7,0,0,39.63,0.7,0,0
00000000-0000-0000-15c3-d0bc0108f7d1,usr_00542,1786473081.3776307,31.88,18,1,gaming,pos_contactless,0.7,0.1,0.872,1.43,7.61,3089.9,0,1,432.22,0.37,0,0
00000000-0000-0000-2a82-515fdda0b63e,usr_00868,1786473102.9999917,43.41,18,1,grocery,pos_chip,0.05,0.05,0.829,5.48,2.68,52592.8,0,0,16.83,2.58,0,0
00000000-0000-0000-7998-7b776515631b,usr_00367,1786473136.5004432,41.95,18,1,restaurant,atm,0.1,0.25,0.844,7.17,9.24,31227.2,0,0,124.77,1.68,0,0
00000000-0000-0000-2846-c7aaf4166efa,usr_00925,1786473150.2996423,83.22,18,1,general_retail,online,0.15,0.6,0.643,2.6,2.82,23700.4,0,0,101.27,0.82,0,0
00000000-0000-0000-03c5-d0d8230cff2b,usr_00948,1786473165.4359844,40.35,18,1,grocery,pos_contactless,0.05,0.1,0.918,21.24,12.81,8343.1,0,0,192.32,0.63,1,0
00000000-0000-0000-7b5c-473e2b1a7e10,usr_00408,1786473266.9896417,9.26,18,1,gaming,pos_contactless,0.7,0.1,0.96,2.59,1.67,6770.8,0,0,28.64,1.29,0,0
00000000-0000-0000-4832-3682e33882fd,usr_00054,1786473274.7494197,32.87,18,1,grocery,atm,0.05,0.25,0.832,6.08,7.0,24001.1,0,0,93.51,1.41,0,0
00000000-0000-0000-694c-48df5a5d0b36,usr_00446,1786473283.7688606,71.45,18,1,restaurant,pos_contactless,0.1,0.1,0.852,10.5,14.33,53897.6,0,0,182.85,0.78,0,0
00000000-0000-0000-3f78-9f25e090b002,usr_00346,1786473297.556059,22.1,18,1,utilities,pos_chip,0.04,0.05,0.977,10.45,17.01,22354.0,0,0,74.77,1.18,0,0
00000000-0000-0000-2c12-1bfbcf33f4c3,usr_00092,1786473313.0153456,40.2,18,1,restaurant,atm,0.1,0.25,0.732,5.01,1.77,28705.5,0,0,112.68,2.14,0,0
00000000-0000-0000-7b21-b3b6ca4ecc2d,usr_00547,1786473319.2234254,9.46,18,1,health,pos_contactless,0.08,0.1,0.53,4.59,8.72,7688.9,0,0,134.4,0.42,0,0
00000000-0000-0000-15e3-0d0afa373f6e,usr_00627,1786473326.6470032,109.71,18,1,gaming,online,0.7,0.6,0.9,4.0,14.66,6883.6,0,0,201.04,1.64,0,0
00000000-0000-0000-39b7-5346d918b989,usr_00986,1786473328.122143,9.41,18,1,gaming,pos_chip,0.7,0.05,0.747,13.95,5.68,4119.7,0,0,17.97,1.05,0,0
00000000-0000-0000-28f8-07ddcdc4c164,usr_00556,1786473334.8648548,13.76,18,1,restaurant,online,0.1,0.6,0.805,8.59,2.8,6040.8,0,0,30.43,0.9,0,0
00000000-0000-0000-2c5b-830007153513,usr_00093,1786473362.0919642,46.02,18,1,general_retail,pos_chip,0.15,0.05,0.61,2.57,1.64,38113.8,0,0,116.9,0.79,0,0
00000000-0000-0000-7888-e092f9b01d8a,usr_00010,1786473376.6789763,50.27,18,1,restaurant,pos_contactless,0.1,0.1,0.823,15.2,1.91,7670.2,0,0,110.6,0.91,0,0
00000000-0000-0000-4203-012faea60a5b,usr_00022,1786473380.9314835,61.61,18,1,general_retail,pos_chip,0.15,0.05,0.947,2.28,4.27,533.1,0,1,368.52,1.0,0,0
00000000-0000-0000-1473-df7266ae5c33,usr_00527,1786473381.4228296,29.9,18,1,grocery,p2p,0.05,0.45,0.427,17.11,0.94,29967.7,0,0,60.47,0.99,0,0
00000000-0000-0000-0fcb-2f83db02df30,usr_00774,1786473390.7148678,14.24,18,1,electronics,pos_chip,0.65,0.05,0.842,6.14,4.24,9959.5,0,0,67.05,0.64,0,0
00000000-0000-0000-6057-cfe336869c91,usr_00681,1786473394.0208082,58.22,18,1,grocery,online,0.05,0.6,0.868,14.02,0.9,7394.8,0,0,281.31,1.03,0,0
00000000-0000-0000-193b-aa1cf9f07a67,usr_00300,1786473394.456289,321.03,18,1,utilities,online,0.04,0.6,0.699,3.19,15.04,12867.6,0,0,208.16,3.08,0,0
00000000-0000-0000-07fe-acdd7158ae3a,usr_00443,1786473427.9810739,78.05,18,1,general_retail,online,0.15,0.6,0.323,14.82,8.38,6199.4,0,0,380.68,0.82,0,0
00000000-0000-0000-6791-f674675d83c0,usr_00366,1786473458.521314,15.87,18,1,electronics,online,0.65,0.6,0.792,58.44,15.48,29343.8,0,0,36.89,0.86,0,0
00000000-0000-0000-109d-75b5e12fc7e8,usr_00076,1786473464.980433,20.69,18,1,gaming,online,0.7,0.6,0.92,1.03,1.49,18167.1,0,0,33.77,1.23,0,0
00000000-0000-0000-4d79-3a5c94c75227,usr_00822,1786473469.6987135,12.79,18,1,restaurant,pos_chip,0.1,0.05,0.872,11.82,2.55,14772.4,0,0,35.17,1.09,0,0
00000000-0000-0000-78f1-351660e70fb3,usr_00297,1786473496.0502377,28.24,18,1,gaming,pos_chip,0.7,0.05,0.811,6.46,1.64,4262.9,0,0,35.11,0.8,0,0
00000000-0000-0000-5827-809e4191e2ca,usr_00377,1786473509.408282,10.01,18,1,health,pos_chip,0.08,0.05,0.852,12.79,0.77,1877.8,0,1,58.58,0.51,0,0
00000000-0000-0000-22ff-b12e37a5e2e6,usr_00684,1786473523.0956929,9.46,18,1,restaurant,pos_chip,0.1,0.05,0.81,5.67,6.07,25838.2,0,0,152.08,0.31,0,0
00000000-0000-0000-4a64-80cdd431b4e5,usr_00679,1786473536.3819368,50.2,18,1,restaurant,atm,0.1,0.25,0.853,11.26,7.36,20879.1,0,0,80.46,1.87,0,0
00000000-0000-0000-331a-6495251cd137,usr_00639,1786473565.8869338,23.98,18,1,jewelry,p2p,0.8,0.45,0.909,3.29,6.77,35414.1,0,0,118.28,0.41,0,0
00000000-0000-0000-53ae-71dc98d4750a,usr_00234,1786473649.9641817,18.22,18,1,general_retail,pos_chip,0.15,0.05,0.979,0.73,4.61,28357.9,0,0,44.34,1.23,0,0
00000000-0000-0000-0735-8666f167f90e,usr_00340,1786473668.2227094,8.89,18,1,utilities,atm,0.04,0.25,0.779,23.02,7.55,2802.6,0,1,57.17,0.78,0,0
00000000-0000-0000-4e04-492c2ab546dd,usr_00720,1786473753.2452388,27.03,18,1,grocery,pos_chip,0.05,0.05,0.842,14.16,1.44,6891.5,0,0,51.77,1.04,0,0
00000000-0000-0000-0134-1d1c8fb80b87,usr_00285,1786473758.0224144,51.99,18,1,grocery,online,0.05,0.6,0.929,5.11,2.2,21230.8,0,0,122.69,2.12,0,0
00000000-0000-0000-47d6-be75064e02bf,usr_00646,1786473780.7105424,38.0,18,1,utilities,pos_chip,0.04,0.05,0.816,12.54,2.17,10687.1,0,0,170.87,0.67,0,0
00000000-0000-0000-5d96-6c0a24a71e57,usr_00395,1786473782.8565347,60.85,18,1,grocery,online,0.05,0.6,0.903,0.81,9.47,7040.2,0,0,190.09,1.28,0,0
00000000-0000-0000-6a26-36dd6d83d472,usr_00631,1786473804.9086916,83.14,18,1,grocery,online,0.05,0.6,0.837,10.89,1.58,23762.9,0,0,110.53,1.5,0,0
00000000-0000-0000-3453-05a7b3a35cb0,usr_00945,1786473839.373524,30.99,18,1,restaurant,online,0.1,0.6,0.921,5.1,3.82,25585.1,0,0,59.59,1.04,0,0
00000000-0000-0000-7fb6-b6ff36ae2b34,usr_00726,1786473844.510055,29.42,18,1,electronics,online,0.65,0.6,0.816,3.56,6.87,22335.6,0,0,22.57,1.3,0,0
00000000-0000-0000-1ee6-dabee09dbf41,usr_00699,1786473851.6809301,111.36,18,1,health,online,0.08,0.6,0.737,7.87,16.89,32865.1,0,0,198.38,2.25,0,0
00000000-0000-0000-41c2-4fb73223d604,usr_00481,1786473882.742225,42.57,18,1,utilities,online,0.04,0.6,0.917,6.15,7.02,4841.0,0,0,349.84,0.49,0,0
00000000-0000-0000-6c06-d273065c4243,usr_00992,1786473891.744968,51.92,18,1,restaurant,atm,0.1,0.25,0.733,2.48,1.9,9897.3,0,0,422.13,0.37,0,0
00000000-0000-0000-7a2b-53079dcf4846,usr_00200,1786473892.2890277,22.6,18,1,health,pos_chip,0.08,0.05,0.6,16.27,9.5,3133.7,0,1,386.04,0.47,0,0
00000000-0000-0000-2234-0c58838f30b9,usr_00675,1786473923.119675,46.98,18,1,gaming,pos_chip,0.7,0.05,0.688,33.92,1.26,7795.4,0,0,207.02,1.13,0,0
00000000-0000-0000-7dc7-bfe30356b6f9,usr_00507,1786473952.5082216,51.88,18,1,restaurant,pos_chip,0.1,0.05,0.743,20.38,6.44,11333.0,0,0,287.19,0.9,0,0
00000000-0000-0000-4add-ffe308109bf5,usr_00065,1786473959.5099292,42.85,18,1,grocery,online,0.05,0.6,0.84,3.83,17.64,13897.0,0,0,180.67,0.71,0,0
00000000-0000-0000-2621-6898d440e0a7,usr_00051,1786474026.2090485,36.44,18,1,restaurant,pos_chip,0.1,0.05,0.759,18.51,6.25,21004.9,0,0,273.61,0.67,0,0
00000000-0000-0000-1d91-c61cbf4f0369,usr_00745,1786474034.206022,47.14,18,1,grocery,pos_chip,0.05,0.05,0.772,4.08,6.86,42333.2,0,0,196.87,0.72,0,0
00000000-0000-0000-1f9b-f876c36988af,usr_00809,1786474037.2446556,34.16,18,1,electronics,online,0.65,0.6,0.836,29.91,8.95,12371.6,0,0,88.09,1.16,0,0
00000000-0000-0000-6dc3-6325eb926d7b,usr_00139,1786474049.691933,398.89,18,1,gaming,pos_chip,0.7,0.05,0.598,3.96,0.99,1465.4,0,1,1492.54,1.6,0,0
00000000-0000-0000-32c9-4560c6566348,usr_00859,1786474050.617625,60.15,18,1,travel,pos_chip,0.4,0.05,0.804,11.79,0.96,79822.3,0,0,67.33,0.89,0,0
00000000-0000-0000-47b1-f5d01fbf0329,usr_00069,1786474065.3924162,31.44,18,1,health,pos_chip,0.08,0.05,0.775,14.19,8.66,3584.2,0,1,63.63,0.99,0,0
00000000-0000-0000-367a-11e821f8584b,usr_00090,1786474089.0313003,25.65,18,1,utilities,online,0.04,0.6,0.75,3.15,2.08,42966.3,0,0,200.19,0.51,0,0
00000000-0000-0000-13ec-d19a08bbf2f5,usr_00852,1786474169.128541,57.34,18,1,grocery,pos_chip,0.05,0.05,0.798,0.52,5.79,9325.4,0,0,310.23,1.11,1,0
00000000-0000-0000-39a2-08ce4173c1ba,usr_00563,1786474232.139485,24.46,18,1,general_retail,pos_chip,0.15,0.05,0.811,1.34,3.22,63712.0,0,0,29.16,0.84,0,0
00000000-0000-0000-4342-b3c80b29c386,usr_00353,1786474253.1951632,87.79,18,1,gaming,pos_contactless,0.7,0.1,0.491,2.09,1.12,15077.0,0,0,561.41,0.94,0,0
00000000-0000-0000-2906-432cc74deae8,usr_00315,1786474254.652307,10.39,18,1,general_retail,online,0.15,0.6,0.891,10.45,2.48,32268.4,0,0,139.12,0.22,0,0
00000000-0000-0000-2846-42aa9b29632a,usr_00928,1786474273.5649164,20.66,18,1,gaming,online,0.7,0.6,0.885,11.17,4.36,3414.7,0,1,110.37,0.75,0,0
00000000-0000-0000-122c-c0610f97883c,usr_00342,1786474303.0610569,29.13,18,1,grocery,pos_contactless,0.05,0.1,0.797,5.49,2.46,19956.9,0,0,41.48,1.4,0,0
00000000-0000-0000-4450-773c32874030,usr_00368,1786474349.776702,25.88,18,1,grocery,online,0.05,0.6,0.843,8.42,6.22,23424.0,0,0,41.26,1.25,0,0
00000000-0000-0000-45ca-356ddbe447b3,usr_00217,1786474411.0656743,96.53,18,1,grocery,online,0.05,0.6,0.859,13.04,2.38,67945.1,0,0,186.87,1.03,0,0
00000000-0000-0000-40bc-360d2c91b6f1,usr_00696,1786474424.449572,4.34,18,1,restaurant,p2p,0.1,0.45,0.879,19.58,8.28,26910.4,0,0,33.19,0.39,0,0
00000000-0000-0000-19ec-afb581cb45bb,usr_00396,1786474426.3557389,52.41,18,1,restaurant,online,0.1,0.6,0.849,8.17,12.19,21219.0,0,0,409.39,0.64,0,0
00000000-0000-0000-1927-e4b1b97b3360,usr_00842,1786474471.3712893,96.41,18,1,grocery,online,0.05,0.6,0.802,9.71,12.06,21395.9,0,0,313.77,0.92,0,0
00000000-0000-0000-00c9-fea97a86f893,usr_00867,1786474475.9509711,10.38,18,1,restaurant,online,0.1,0.6,0.812,2.52,13.8,19768.6,0,0,173.53,0.36,0,0
00000000-0000-0000-2af7-7ab941e8b5c6,usr_00663,1786474501.9307733,38.68,18,1,utilities,online,0.04,0.6,0.684,34.21,14.86,6571.4,0,0,201.24,0.96,0,0
00000000-0000-0000-5903-0b823c973fb3,usr_00625,1786474509.0906115,11.53,18,1,travel,pos_chip,0.4,0.05,0.9,7.85,1.8,33727.9,0,0,121.03,0.38,0,0
00000000-0000-0000-5d99-d8cffaf4b856,usr_00218,1786474515.7737577,45.32,18,1,gaming,online,0.7,0.6,0.672,2.84,2.1,17623.9,0,0,1198.78,0.26,0,0
00000000-0000-0000-72cb-49e6a5f24b54,usr_00997,1786474575.739073,65.6,18,1,electronics,pos_chip,0.65,0.05,0.741,2.4,8.01,23367.2,0,0,186.48,1.41,0,0
00000000-0000-0000-2dec-ff8eb0de2766,usr_00940,1786474596.369667,56.24,18,1,utilities,atm,0.04,0.25,0.93,30.24,3.88,67620.7,0,0,79.61,2.12,0,0
00000000-0000-0000-66fb-dc4700037c4c,usr_00397,1786474642.6107378,24.63,18,1,gaming,online,0.7,0.6,0.822,10.88,1.09,14685.7,0,0,117.21,0.63,0,0
00000000-0000-0000-150d-aceaf5d042d7,usr_00870,1786474653.1159995,126.94,18,1,health,online,0.08,0.6,0.806,11.45,5.94,3224.5,0,1,269.73,2.82,0,0
00000000-0000-0000-6d15-381beff48790,usr_00745,1786474669.450697,44.87,18,1,gaming,p2p,0.7,0.45,0.833,5.86,4.1,635.2,0,1,244.01,0.74,0,0
00000000-0000-0000-0479-8c34c87fa926,usr_00136,1786474688.9481454,26.61,18,1,grocery,online,0.05,0.6,0.647,15.95,5.17,44721.1,0,0,164.43,0.49,0,0
00000000-0000-0000-15d8-eda3c4fce818,usr_00137,1786474733.056383,64.93,18,1,gaming,online,0.7,0.6,0.916,9.9,11.38,27694.9,0,0,232.66,0.84,0,0
00000000-0000-0000-4f07-15fb43d96b4a,usr_00381,1786474748.3424025,72.6,18,1,restaurant,pos_chip,0.1,0.05,0.83,11.82,1.56,6237.5,0,0,94.17,0.77,0,0
00000000-0000-0000-5ee1-d77d73129db3,usr_00343,1786474768.034726,24.88,18,1,grocery,online,0.05,0.6,0.773,5.71,22.85,86400.0,0,0,0.0,0.59,0,0
00000000-0000-0000-57c3-f3de6e655800,usr_00435,1786474787.0937674,24.39,18,1,general_retail,atm,0.15,0.25,0.829,16.04,10.69,86400.0,0,0,0.0,1.06,0,0
00000000-0000-0000-23a6-88dc420c677e,usr_00571,1786474809.5575,38.71,19,1,health,pos_chip,0.08,0.05,0.678,0.81,8.27,8302.6,0,0,121.61,0.95,0,0
00000000-0000-0000-554c-7da262d24d51,usr_00502,1786474812.1708193,32.24,19,1,utilities,pos_contactless,0.04,0.1,0.568,13.64,1.94,76974.6,0,0,59.86,0.54,0,0
00000000-0000-0000-1544-8e3f0d2d530f,usr_00550,1786474822.8536608,46.27,19,1,grocery,pos_contactless,0.05,0.1,0.73,4.13,1.08,16892.1,0,0,200.5,0.92,0,0
00000000-0000-0000-5e43-f6e4e4eb7f27,usr_00938,1786474823.8881893,46.01,19,1,grocery,atm,0.05,0.25,0.899,2.26,22.43,25899.8,0,0,201.65,0.91,0,0
00000000-0000-0000-56e1-bce7602f336f,usr_00486,1786474824.7381735,26.91,19,1,grocery,online,0.05,0.6,0.859,22.2,6.7,10148.0,0,0,129.86,0.62,0,0
00000000-0000-0000-49cd-0b7467bdc6f9,usr_00928,1786474906.187695,28.69,19,1,grocery,online,0.05,0.6,0.73,3.83,0.84,632.6,0,1,131.03,1.09,0,0
00000000-0000-0000-0b40-b5e27f64b58a,usr_00906,1786474908.3063877,15.64,19,1,health,pos_chip,0.08,0.05,0.809,1.26,3.29,14433.1,0,0,114.06,0.69,0,0
00000000-0000-0000-5d78-abd590052f42,usr_00814,1786474933.697037,20.72,19,1,utilities,pos_chip,0.04,0.05,0.905,0.65,1.88,23461.1,0,0,132.63,0.78,0,0
00000000-0000-0000-4e1c-5bb34cc77ea0,usr_00538,1786474944.449521,3.49,19,1,grocery,pos_chip,0.05,0.05,0.428,11.37,8.0,5911.5,0,0,12.65,0.55,1,0
00000000-0000-0000-2ab2-25cc866601e4,usr_00576,1786474950.4326568,156.83,19,1,restaurant,pos_contactless,0.1,0.1,0.889,3.49,2.55,58253.2,0,0,420.47,1.86,0,0
00000000-0000-0000-2d5b-92565559c2bc,usr_00902,1786474988.118294,34.26,19,1,utilities,pos_chip,0.04,0.05,0.607,0.97,5.85,9744.2,0,0,100.79,0.68,0,0
00000000-0000-0000-3897-b26c592fda28,usr_00366,1786474992.5818486,35.46,19,1,restaurant,pos_chip,0.1,0.05,0.712,27.92,4.14,1534.1,0,1,52.76,2.02,0,0
00000000-0000-0000-66dd-6867c10e88e9,usr_00002,1786475039.9670074,49.0,19,1,general_retail,online,0.15,0.6,0.71,29.63,4.86,5660.0,0,0,280.82,0.87,0,0
00000000-0000-0000-6f46-558707e94765,usr_00688,1786475050.8637927,18.07,19,1,restaurant,online,0.1,0.6,0.919,8.63,4.13,16402.2,0,0,63.59,0.85,0,0
00000000-0000-0000-4323-ee0bdbc47ca0,usr_00854,1786475052.2708778,74.29,19,1,grocery,pos_contactless,0.05,0.1,0.909,14.26,4.08,34235.0,0,0,70.74,3.15,0,0
00000000-0000-0000-7fe3-a604cc51c6e3,usr_00803,1786475061.2940056,92.82,19,1,utilities,pos_contactless,0.04,0.1,0.91,6.28,4.37,2890.0,0,1,168.13,1.66,0,0
00000000-0000-0000-4c86-de4c141d99c1,usr_00137,1786475085.6311185,66.82,19,1,general_retail,p2p,0.15,0.45,0.94,19.35,0.76,352.6,0,1,297.59,0.9,0,0
00000000-0000-0000-3954-a9df1455d174,usr_00748,1786475095.7192214,37.32,19,1,restaurant,online,0.1,0.6,0.842,8.06,2.45,7834.7,0,0,76.25,1.47,0,0
00000000-0000-0000-0539-4ef5bdb270e4,usr_00590,1786475100.2229962,15.34,19,1,grocery,pos_contactless,0.05,0.1,0.884,2.2,12.37,9669.9,0,0,78.45,0.59,0,0
00000000-0000-0000-1f6c-488731a29c47,usr_00066,1786475109.7106493,55.49,19,1,grocery,pos_contactless,0.05,0.1,0.768,3.11,5.96,49025.9,0,0,103.68,1.61,0,0
00000000-0000-0000-47d4-55de78172b99,usr_00660,1786475113.8718307,8.49,19,1,restaurant,online,0.1,0.6,0.82,7.24,4.44,36389.5,0,0,88.81,0.57,0,0
00000000-0000-0000-544e-3f49aabbfae1,usr_00475,1786475161.2980454,43.13,19,1,restaurant,pos_contactless,0.1,0.1,0.915,10.12,8.83,9644.7,0,0,87.26,1.48,0,0
00000000-0000-0000-1aba-cb6838cf730a,usr_00908,1786475177.9062378,61.18,19,1,electronics,pos_chip,0.65,0.05,0.611,28.73,0.14,12137.0,0,0,249.52,1.72,0,0
00000000-0000-0000-1afb-bf1b994d492f,usr_00930,1786475198.457364,51.25,19,1,utilities,online,0.04,0.6,0.915,31.17,1.76,2427.8,0,1,220.31,1.4,0,0
00000000-0000-0000-45e8-a66ef975bad2,usr_00303,1786475269.0359626,88.82,19,1,utilities,online,0.04,0.6,0.928,14.11,10.43,15758.7,0,0,99.33,3.58,0,0
00000000-0000-0000-513a-e2314904e65f,usr_00079,1786475274.8556283,17.01,19,1,restaurant,atm,0.1,0.25,0.792,26.28,0.75,40786.5,0,0,104.97,0.49,0,0
00000000-0000-0000-7645-c55d39ed04df,usr_00245,1786475279.1984873,10.59,19,1,health,pos_contactless,0.08,0.1,0.535,3.19,0.54,42836.5,0,0,47.75,0.67,0,0
00000000-0000-0000-72a4-437408412cae,usr_00914,1786475285.0583332,47.07,19,1,grocery,p2p,0.05,0.45,0.535,4.55,11.64,16631.1,0,0,136.08,0.69,0,0
00000000-0000-0000-2323-8ead5cb04dd1,usr_00884,1786475348.8353233,13.66,19,1,utilities,online,0.04,0.6,0.794,0.9,8.22,67528.7,0,0,27.85,0.98,0,0
00000000-0000-0000-62ae-0fb60fc3a9a4,usr_00014,1786475386.3837306,88.91,19,1,grocery,pos_chip,0.05,0.05,0.732,20.57,3.13,29838.5,0,0,384.46,1.62,0,0
00000000-0000-0000-7f21-f4717f7804cd,usr_00352,1786475466.581499,24.36,19,1,grocery,atm,0.05,0.25,0.796,0.81,6.52,12704.0,0,0,85.21,1.14,0,0
00000000-0000-0000-50e7-a55395aa6e35,usr_00410,1786475469.1889129,17.23,19,1,grocery,pos_chip,0.05,0.05,0.845,0.83,0.44,10928.5,0,0,80.19,1.07,0,0
00000000-0000-0000-12f1-65aeea694822,usr_00736,1786475476.1252034,41.52,19,1,general_retail,pos_chip,0.15,0.05,0.89,3.66,9.42,33596.2,0,0,128.7,0.97,0,0
00000000-0000-0000-6b35-291e23c0136a,usr_00072,1786475480.426865,13.72,19,1,restaurant,online,0.1,0.6,0.848,32.14,2.61,31901.6,0,0,64.83,0.42,0,0
00000000-0000-0000-7ca8-f2c7806a4809,usr_00058,1786475511.2666862,12.91,19,1,electronics,pos_chip,0.65,0.05,0.587,13.71,6.81,13757.4,0,0,94.81,0.41,0,0
00000000-0000-0000-34f9-655cbf00e564,usr_00450,1786475516.7034748,31.13,19,1,restaurant,pos_chip,0.1,0.05,0.623,4.39,6.86,34740.2,0,0,117.97,0.79,0,0
00000000-0000-0000-29a3-f2a53a753a7d,usr_00045,1786475574.4607108,31.15,19,1,electronics,pos_contactless,0.65,0.1,0.76,5.44,7.0,15960.5,0,0,78.13,0.8,0,0
00000000-0000-0000-51b6-7ec71dfbd60d,usr_00108,1786475584.426962,45.84,19,1,grocery,pos_chip,0.05,0.05,0.708,5.51,3.59,8553.9,0,0,126.11,1.09,0,0
00000000-0000-0000-06e0-b97901e55b1b,usr_00782,1786475635.171127,58.17,19,1,travel,pos_chip,0.4,0.05,0.926,0.24,1.47,47840.5,0,0,168.46,0.69,0,0
00000000-0000-0000-6102-ecce451d6f46,usr_00874,1786475645.2869155,21.11,19,1,general_retail,pos_chip,0.15,0.05,0.733,0.89,3.63,20770.1,0,0,38.05,1.66,0,0
00000000-0000-0000-665b-3d4d9c0328fa,usr_00020,1786475648.1565201,36.01,19,1,travel,online,0.4,0.6,0.772,18.1,0.56,4297.4,0,0,119.67,1.2,1,0
00000000-0000-0000-56ac-a63dcfbae99d,usr_00864,1786475675.913899,7.54,19,1,general_retail,atm,0.15,0.25,0.767,13.38,5.02,5064.8,0,0,157.61,0.33,0,0
00000000-0000-0000-1988-b1e134a262cd,usr_00331,1786475685.0411918,109.56,19,1,general_retail,pos_chip,0.15,0.05,0.873,0.68,12.13,26498.7,0,0,369.92,1.78,0,0
00000000-0000-0000-2e7d-fd7e20048dae,usr_00047,1786475688.2344542,46.74,19,1,health,pos_contactless,0.08,0.1,0.851,6.82,5.69,7374.3,0,0,82.57,1.7,0,0
00000000-0000-0000-0a49-b7bbd1458a4e,usr_00179,1786475696.5306914,27.25,19,1,grocery,online,0.05,0.6,0.582,12.74,1.14,28867.8,0,0,41.15,0.66,0,0
00000000-0000-0000-3485-dc63a2d4809e,usr_00375,1786475706.6334321,60.73,19,1,restaurant,online,0.1,0.6,0.459,17.62,1.43,44355.3,0,0,778.85,0.39,0,0
00000000-0000-0000-4a93-f8ce4c95bc4e,usr_00635,1786475837.6232464,7.19,19,1,restaurant,pos_contactless,0.1,0.1,0.858,12.95,3.88,5034.7,0,0,96.59,0.3,0,0
00000000-0000-0000-6eb4-989895e672ac,usr_00340,1786475862.4653575,3.81,19,1,grocery,online,0.05,0.6,0.807,2.89,1.63,2194.2,0,1,41.35,0.46,0,0
00000000-0000-0000-5fff-29aed953ca39,usr_00307,1786475866.0159442,68.0,19,1,restaurant,online,0.1,0.6,0.818,7.85,6.16,5667.4,0,0,97.5,1.39,0,0
00000000-0000-0000-23df-5dd2f1f18d5e,usr_00492,1786475874.0468094,13.28,19,1,general_retail,online,0.15,0.6,0.731,0.04,3.64,17075.3,0,0,237.8,0.34,0,0
00000000-0000-0000-4121-060c24400014,usr_00273,1786475891.8477073,224.69,19,1,grocery,online,0.05,0.6,0.577,16.35,8.45,26192.9,0,0,600.13,1.5,0,0
00000000-0000-0000-4b68-4313a9c5bbbe,usr_00217,1786475898.8633466,129.24,19,1,gaming,pos_chip,0.7,0.05,0.98,7.42,2.32,1487.8,0,1,283.4,1.37,0,0
00000000-0000-0000-155c-56380b30bada,usr_00863,1786475908.532471,23.93,19,1,health,online,0.08,0.6,0.905,2.78,2.11,13997.8,0,0,58.98,0.41,0,0
00000000-0000-0000-3812-cb34a7a94dbb,usr_00406,1786475913.2921011,23.46,19,1,grocery,online,0.05,0.6,0.816,33.6,0.42,32283.4,0,0,201.8,0.47,0,0
00000000-0000-0000-10c3-4a875dd106be,usr_00020,1786475915.4621818,28.04,19,1,gaming,pos_chip,0.7,0.05,0.677,24.21,12.08,267.3,1,1,155.68,0.9,0,0
00000000-0000-0000-128f-b79bbd71c623,usr_00923,1786475967.3141644,56.21,19,1,grocery,online,0.05,0.6,0.93,5.45,3.67,38077.0,0,0,80.41,2.1,0,0
00000000-0000-0000-2ca1-679500a6e484,usr_00207,1786475976.360439,10.5,19,1,grocery,online,0.05,0.6,0.949,3.77,5.65,66310.2,0,0,22.23,0.94,0,0
00000000-0000-0000-7b5f-24c17957f1dd,usr_00355,1786475994.977032,43.31,19,1,restaurant,p2p,0.1,0.45,0.602,1.06,3.23,49447.7,0,0,187.36,0.92,0,0
00000000-0000-0000-666d-076d51da5cd3,usr_00611,1786476002.372956,47.31,19,1,grocery,pos_chip,0.05,0.05,0.704,39.41,0.98,4984.0,0,0,401.39,0.94,0,0
00000000-0000-0000-1824-2c092cc05309,usr_00331,1786476062.4742532,39.27,19,1,restaurant,pos_chip,0.1,0.05,0.807,18.87,4.17,377.4,0,1,479.48,0.57,0,0
00000000-0000-0000-2b62-7ef99c0d8bab,usr_00085,1786476078.4978242,94.88,19,1,electronics,pos_chip,0.65,0.05,0.855,15.01,12.71,16715.3,0,0,193.14,2.46,0,0
00000000-0000-0000-3a64-a2ee2c365775,usr_00235,1786476081.111968,20.46,19,1,grocery,p2p,0.05,0.45,0.922,20.18,9.73,91142.5,0,0,0.0,0.91,0,0
00000000-0000-0000-5296-27d84801f590,usr_00736,1786476098.3210754,71.13,19,1,grocery,pos_chip,0.05,0.05,0.775,6.08,0.02,622.2,0,1,170.22,1.67,0,0
00000000-0000-0000-7373-adb23bbc361d,usr_00653,1786476119.687039,9.8,19,1,utilities,pos_chip,0.04,0.05,0.837,6.64,0.06,23184.7,0,0,36.78,0.53,0,0
00000000-0000-0000-1269-2abc888e7095,usr_00817,1786476121.8166192,34.75,19,1,crypto,p2p,0.9,0.45,0.806,8.84,0.82,34657.1,0,0,33.32,1.04,0,0
00000000-0000-0000-56c9-688084e8c9cb,usr_00440,1786476160.694812,18.53,19,1,grocery,online,0.05,0.6,0.71,1.28,1.91,30817.3,0,0,100.96,0.55,0,0
00000000-0000-0000-5eed-367c93cb574b,usr_00951,1786476177.00667,51.33,19,1,restaurant,pos_contactless,0.1,0.1,0.802,5.33,7.5,9334.4,0,0,179.3,0.86,0,0
00000000-0000-0000-29a0-ab2b445b6e21,usr_00321,1786476180.9384546,11.59,19,1,grocery,pos_chip,0.05,0.05,0.805,6.94,2.25,14785.1,0,0,97.71,0.36,0,0
00000000-0000-0000-6a4a-56bd1752fa57,usr_00827,1786476243.8630261,28.72,19,1,restaurant,pos_chip,0.1,0.05,0.872,1.71,4.85,12015.5,0,0,121.78,0.94,0,0
00000000-0000-0000-7360-e1cf70cbd666,usr_00243,1786476276.5839531,18.3,19,1,grocery,online,0.05,0.6,0.797,11.2,12.45,43367.5,0,0,55.2,0.99,0,0
00000000-0000-0000-4b23-42cd127b397e,usr_00781,1786476299.6693351,12.08,19,1,general_retail,pos_contactless,0.15,0.1,0.688,20.87,3.88,18838.7,0,0,174.12,0.28,0,0
00000000-0000-0000-3c31-e4203b8f4a71,usr_00727,1786476300.6723187,35.17,19,1,electronics,pos_chip,0.65,0.05,0.787,17.75,6.87,54704.9,0,0,118.69,0.59,0,0
00000000-0000-0000-4f0c-e87e68a1b34f,usr_00151,1786476376.532336,34.04,19,1,grocery,online,0.05,0.6,0.758,5.88,2.55,81808.7,0,0,14.86,2.29,0,0
00000000-0000-0000-6c92-9fef566edda6,usr_00176,1786476388.5703073,83.26,19,1,grocery,pos_contactless,0.05,0.1,0.78,3.65,3.57,15969.6,0,0,259.49,0.96,0,0
00000000-0000-0000-1386-3de46bbac5aa,usr_00030,1786476398.6665666,90.3,19,1,grocery,p2p,0.05,0.45,0.971,10.96,6.03,17234.7,0,0,257.99,0.7,0,0
00000000-0000-0000-3a26-7cdb96a78d08,usr_00938,1786476400.002865,73.76,19,1,utilities,pos_chip,0.04,0.05,0.696,28.65,0.28,1576.1,0,1,247.66,1.49,0,0
00000000-0000-0000-54e4-353f750a9b44,usr_00491,1786476407.690776,74.16,19,1,travel,pos_contactless,0.4,0.1,0.781,5.82,0.37,29082.6,0,0,218.24,2.04,0,0
00000000-0000-0000-3262-7f17be4b37fa,usr_00568,1786476453.1923106,43.97,19,1,restaurant,online,0.1,0.6,0.802,8.41,0.62,14129.4,0,0,204.26,0.86,1,0
00000000-0000-0000-19f6-295b9f759876,usr_00745,1786476498.0149229,44.62,19,1,grocery,online,0.05,0.6,0.495,11.46,15.58,1828.6,0,2,288.88,0.77,0,0
00000000-0000-0000-59cf-5873a6ce2b0b,usr_00560,1786476500.2558079,20.65,19,1,utilities,online,0.04,0.6,0.677,17.09,0.91,46402.2,0,0,112.85,0.55,0,0
00000000-0000-0000-2afb-d199a133945f,usr_00082,1786476512.6511958,20.86,19,1,crypto,pos_chip,0.9,0.05,0.839,23.37,4.23,14647.7,0,0,141.6,0.74,0,0
00000000-0000-0000-440a-c3a22be02743,usr_00556,1786476543.1770613,13.52,19,1,electronics,online,0.65,0.6,0.952,6.69,5.54,3208.3,0,1,44.19,0.92,0,0
00000000-0000-0000-273b-38633780c00e,usr_00928,1786476559.5429742,35.34,19,1,restaurant,atm,0.1,0.25,0.96,3.07,11.13,1653.4,0,2,159.72,1.33,0,0
00000000-0000-0000-4b50-27f25dfbbccd,usr_00077,1786476565.7950141,22.34,19,1,grocery,online,0.05,0.6,0.852,10.4,15.87,10596.9,0,0,241.62,0.55,0,0
00000000-0000-0000-3f6e-0115dd970526,usr_00558,1786476589.5265708,47.97,19,1,grocery,pos_contactless,0.05,0.1,0.657,2.57,6.46,86400.0,0,0,0.0,3.06,0,0
00000000-0000-0000-32e0-e37584bd6444,usr_00902,1786476605.7386951,87.83,19,1,electronics,online,0.65,0.6,0.763,36.8,9.24,1617.6,0,1,135.05,1.95,0,0
00000000-0000-0000-2684-01e965c02fa6,usr_00249,1786476623.330954,6.2,19,1,general_retail,p2p,0.15,0.45,0.896,7.98,8.69,8128.6,0,0,62.39,0.4,0,0
00000000-0000-0000-278b-1ddcfd8d66cf,usr_00386,1786476627.6245391,20.35,19,1,restaurant,pos_chip,0.1,0.05,0.907,17.99,15.51,26071.4,0,0,91.88,0.66,0,0
00000000-0000-0000-563b-626d90c90384,usr_00792,1786476640.455466,55.89,19,1,gaming,pos_contactless,0.7,0.1,0.63,6.94,3.78,7853.7,0,0,160.53,1.39,0,0
00000000-0000-0000-1549-48b0bb91b1ec,usr_00144,1786476674.5512736,15.22,19,1,electronics,online,0.65,0.6,0.681,5.73,0.59,84273.2,0,0,20.3,0.75,0,0
00000000-0000-0000-5fd9-ab7c2ad5d5c9,usr_00147,1786476690.8693697,19.26,19,1,restaurant,pos_chip,0.1,0.05,0.616,0.43,3.27,10848.4,0,0,86.82,0.67,0,0
00000000-0000-0000-7805-8f2c227d5e71,usr_00480,1786476713.9936965,35.53,19,1,grocery,atm,0.05,0.25,0.724,27.75,0.02,47781.1,0,0,333.58,0.75,0,0
00000000-0000-0000-000a-e37f794c475c,usr_00016,1786476724.915114,34.02,19,1,jewelry,pos_contactless,0.8,0.1,0.785,6.98,0.88,39627.9,0,0,95.48,1.07,0,0
00000000-0000-0000-4f36-e71cd78a4f97,usr_00351,1786476763.9212039,47.56,19,1,grocery,online,0.05,0.6,0.924,15.88,1.8,12253.6,0,0,177.63,0.8,0,0
00000000-0000-0000-30ed-27668e6334ce,usr_00288,1786476766.7809873,23.15,19,1,utilities,online,0.04,0.6,0.604,1.67,5.15,61993.3,0,0,73.81,1.25,0,0
00000000-0000-0000-3d15-cd10bd15882d,usr_00641,1786476796.0897403,46.05,19,1,general_retail,online,0.15,0.6,0.846,16.62,1.07,28487.7,0,0,647.9,0.5,0,0
00000000-0000-0000-0cd4-b2c0386bc767,usr_00627,1786476800.881245,91.64,19,1,grocery,online,0.05,0.6,0.645,13.78,5.49,3474.2,0,1,310.75,1.18,0,0
00000000-0000-0000-326f-4210fb1f857c,usr_00006,1786476807.9359689,25.44,19,1,grocery,pos_chip,0.05,0.05,0.589,32.29,7.93,9702.5,0,0,202.21,0.75,0,0
00000000-0000-0000-784c-01c14fd2ea97,usr_00703,1786476861.8082476,52.73,19,1,electronics,online,0.65,0.6,0.859,1.73,2.74,16171.1,0,0,17.03,3.1,0,0
00000000-0000-0000-112e-6bf78c30b6a7,usr_00369,1786476874.6046286,50.12,19,1,grocery,p2p,0.05,0.45,0.79,50.82,19.78,6197.5,0,0,160.95,0.93,0,0
00000000-0000-0000-14e2-f9f1d67fbc0a,usr_00306,1786476888.8605473,40.22,19,1,crypto,pos_chip,0.9,0.05,0.84,3.21,0.38,62837.4,0,0,86.38,0.93,0,0
00000000-0000-0000-0e93-14689a5e3e15,usr_00566,1786476914.3476787,66.17,19,1,general_retail,pos_chip,0.15,0.05,0.689,17.31,8.66,23323.6,0,0,108.49,1.83,0,0
00000000-0000-0000-6ceb-5a5263af90c8,usr_00000,1786476943.379469,34.66,19,1,restaurant,atm,0.1,0.25,0.863,0.34,3.24,15655.9,0,0,131.4,1.32,0,0
00000000-0000-0000-7696-743f271f104e,usr_00777,1786476968.3608632,20.46,19,1,utilities,online,0.04,0.6,0.675,0.96,2.04,6843.4,0,0,290.6,0.42,0,0
00000000-0000-0000-75ea-9bbd24f95d39,usr_00594,1786476988.1646855,24.25,19,1,grocery,pos_chip,0.05,0.05,0.902,3.83,4.98,8757.9,0,0,83.62,1.45,0,0
00000000-0000-0000-4cda-b98cf369162b,usr_00024,1786476988.3548255,25.2,19,1,travel,pos_chip,0.4,0.05,0.844,3.0,1.63,7075.0,0,0,126.67,0.8,0,0
00000000-0000-0000-433c-70a57f4bc434,usr_00504,1786476992.4853196,6.18,19,1,restaurant,pos_chip,0.1,0.05,0.769,10.71,3.64,3933.4,0,0,44.26,0.98,0,0
00000000-0000-0000-51f8-4e31d08ca2be,usr_00865,1786477000.360201,48.37,19,1,grocery,pos_chip,0.05,0.05,0.918,30.18,6.3,4054.1,0,0,453.55,0.53,0,0
00000000-0000-0000-3578-18236967ad5e,usr_00462,1786477045.5090694,11.92,19,1,jewelry,online,0.8,0.6,0.908,56.32,3.19,6466.1,0,0,100.95,0.83,0,0
00000000-0000-0000-55ab-ee98b1a4f60c,usr_00511,1786477108.9630315,31.83,19,1,grocery,pos_contactless,0.05,0.1,0.648,6.26,3.62,12117.2,0,0,227.36,0.98,0,0
00000000-0000-0000-1580-d943ea9e804f,usr_00581,1786477125.196561,10.16,19,1,grocery,pos_chip,0.05,0.05,0.678,8.1,18.54,12741.7,0,0,18.04,0.56,0,0
00000000-0000-0000-2321-c8b6a33498b0,usr_00042,1786477136.6990993,19.4,19,1,general_retail,pos_chip,0.15,0.05,0.855,0.21,4.42,10459.0,0,0,92.61,1.05,0,0
00000000-0000-0000-4700-4036531845e1,usr_00371,1786477217.0091877,115.32,19,1,gaming,online,0.7,0.6,0.957,15.47,0.09,25290.9,0,0,449.8,1.03,0,0
00000000-0000-0000-2c8c-b3297fe43d56,usr_00236,1786477234.6219726,10.6,19,1,utilities,online,0.04,0.6,0.829,13.55,11.01,9259.9,0,0,29.72,1.43,0,0
00000000-0000-0000-2a9b-db4b5fa07f4e,usr_00915,1786477265.457903,66.47,19,1,crypto,atm,0.9,0.25,0.743,18.87,7.38,9559.0,0,0,829.44,0.48,0,0
00000000-0000-0000-0a7f-31361425adf9,usr_00015,1786477286.0147493,31.87,19,1,gaming,atm,0.7,0.25,0.801,5.47,4.27,10336.7,0,0,80.96,1.57,0,0
00000000-0000-0000-3316-e9b5ac7591e1,usr_00888,1786477297.363725,8.11,19,1,grocery,pos_contactless,0.05,0.1,0.787,11.37,2.62,13144.2,0,0,9.86,1.62,0,0
00000000-0000-0000-7906-26d98ae734b3,usr_00527,1786477311.4629707,116.85,19,1,utilities,pos_chip,0.04,0.05,0.872,4.46,0.29,3930.0,0,0,90.37,3.88,0,0
00000000-0000-0000-67f4-c3a019e198d8,usr_00553,1786477337.3062177,204.88,19,1,health,atm,0.08,0.25,0.89,4.48,3.07,9376.6,0,0,999.29,1.23,0,0
00000000-0000-0000-7ebb-1c2a9954d941,usr_00259,1786477396.052064,33.4,19,1,jewelry,online,0.8,0.6,0.881,10.1,12.43,47870.5,0,0,31.62,2.11,0,0
00000000-0000-0000-3599-8656a440450c,usr_00311,1786477410.2986252,39.78,19,1,restaurant,online,0.1,0.6,0.898,16.17,2.66,23465.4,0,0,163.26,0.97,0,0
00000000-0000-0000-4d09-05a67a9a2515,usr_00001,1786477423.327297,19.84,19,1,health,pos_chip,0.08,0.05,0.834,3.39,1.12,14386.9,0,0,28.04,2.12,0,0
00000000-0000-0000-76a9-6e72a747e783,usr_00207,1786477424.7054977,11.79,19,1,general_retail,atm,0.15,0.25,0.906,12.15,0.98,1448.3,0,1,32.73,1.08,0,0
00000000-0000-0000-76d9-68e70140ad22,usr_00109,1786477427.9240024,12.04,19,1,restaurant,pos_contactless,0.1,0.1,0.517,21.77,5.88,7599.7,0,0,57.2,0.84,0,0
00000000-0000-0000-0ef7-3f3020856c97,usr_00538,1786477428.152115,9.72,19,1,restaurant,pos_contactless,0.1,0.1,0.804,6.37,3.67,2483.7,0,1,16.14,1.81,0,0
00000000-0000-0000-6fde-7a2577adb791,usr_00710,1786477431.5255928,12.51,19,1,travel,pos_contactless,0.4,0.1,0.713,18.83,1.57,24696.2,0,0,257.68,0.34,0,0
00000000-0000-0000-38d2-87e435a714e7,usr_00727,1786477468.7441978,65.28,19,1,grocery,online,0.05,0.6,0.855,3.43,0.18,1168.1,0,1,153.86,1.27,0,0
00000000-0000-0000-7795-06d68601cb24,usr_00048,1786477501.4224987,50.44,19,1,grocery,pos_contactless,0.05,0.1,0.921,1.64,3.46,13528.5,0,0,86.49,1.17,0,0
00000000-0000-0000-2d46-93e12879fb6b,usr_00504,1786477538.681781,4.53,19,1,utilities,p2p,0.04,0.45,0.672,10.07,10.18,546.2,0,1,50.44,0.72,0,0
00000000-0000-0000-5a0d-20ef1ff98df4,usr_00758,1786477539.416195,37.84,19,1,health,online,0.08,0.6,0.943,2.75,0.9,44751.1,0,0,205.42,0.37,0,0
00000000-0000-0000-159b-cfa479ed0ee5,usr_00944,1786477566.6642513,59.29,19,1,gaming,online,0.7,0.6,0.914,17.53,6.6,13123.7,0,0,184.54,1.29,0,0
00000000-0000-0000-1525-3048cd032160,usr_00801,1786477574.5055907,16.06,19,1,electronics,pos_contactless,0.65,0.1,0.859,21.99,8.02,13848.0,0,0,161.45,0.8,0,0
00000000-0000-0000-5e19-20698746705c,usr_00299,1786477590.3509102,32.99,19,1,grocery,p2p,0.05,0.45,0.801,0.69,3.53,26358.6,0,0,130.35,0.76,0,0
00000000-0000-0000-3ce9-23dba650a32f,usr_00114,1786477644.2272573,35.98,19,1,health,pos_contactless,0.08,0.1,0.652,2.85,5.88,5966.0,0,0,254.84,0.71,0,0
00000000-0000-0000-06f2-df8a9758feca,usr_00197,1786477664.5427268,43.85,19,1,utilities,online,0.04,0.6,0.849,1.88,0.7,21821.2,0,0,183.67,1.43,0,0
00000000-0000-0000-6b54-4fed7813f149,usr_00715,1786477667.6567986,11.57,19,1,health,online,0.08,0.6,0.749,38.75,14.57,6661.3,0,0,63.59,0.73,0,0
00000000-0000-0000-22a7-73ad9100c9be,usr_00636,1786477679.9112084,28.28,19,1,grocery,online,0.05,0.6,0.85,22.79,7.32,16470.2,0,0,203.1,0.84,0,0
00000000-0000-0000-72bf-c4d894de6424,usr_00922,1786477757.5446897,33.36,19,1,jewelry,pos_chip,0.8,0.05,0.902,4.3,0.63,33409.5,0,0,118.32,0.85,0,0
00000000-0000-0000-120a-3837076326c1,usr_00342,1786477814.6256607,57.92,19,1,utilities,atm,0.04,0.25,0.804,6.68,2.39,3511.6,0,1,70.61,2.46,0,0
00000000-0000-0000-0a38-680770f9853e,usr_00955,1786477853.397567,36.62,19,1,restaurant,pos_contactless,0.1,0.1,0.952,22.8,1.27,16686.7,0,0,664.73,0.39,0,0
00000000-0000-0000-123d-8d5820e60b3d,usr_00426,1786477856.7611563,239.57,19,1,grocery,pos_contactless,0.05,0.1,0.6,4.74,4.73,44804.1,0,0,137.15,3.49,0,0
00000000-0000-0000-228f-c1a52c3524f7,usr_00557,1786477860.9025898,25.07,19,1,restaurant,pos_contactless,0.1,0.1,0.617,15.19,0.49,48117.6,0,0,78.44,1.28,0,0
00000000-0000-0000-4f13-1cf46a9082ec,usr_00812,1786477863.425855,29.28,19,1,travel,atm,0.4,0.25,0.811,2.67,8.18,16955.7,0,0,89.78,0.65,0,0
00000000-0000-0000-3f77-35ba8a5f7dd1,usr_00004,1786477866.946169,9.26,19,1,travel,pos_chip,0.4,0.05,0.601,59.7,1.55,49793.4,0,0,42.21,0.88,0,0
00000000-0000-0000-307e-0fec7fbc8640,usr_00243,1786477867.2460132,12.77,19,1,utilities,pos_chip,0.04,0.05,0.81,20.41,13.65,1590.7,0,1,73.5,0.69,0,0
00000000-0000-0000-29b8-fe334def82c2,usr_00469,1786477913.2450624,10.06,19,1,general_retail,online,0.15,0.6,0.753,69.15,18.37,77131.5,0,0,20.53,0.49,1,0
00000000-0000-0000-023d-a97a0b79212e,usr_00577,1786477943.0397987,214.75,19,1,health,online,0.08,0.6,0.824,9.38,1.83,21825.0,0,0,212.25,3.04,0,0
00000000-0000-0000-12bf-52abd0614532,usr_00717,1786477981.8329644,67.2,19,1,utilities,pos_contactless,0.04,0.1,0.92,11.36,2.24,90036.0,0,0,0.0,1.34,0,0
00000000-0000-0000-6f04-97482e3cfe54,usr_00899,1786477998.5165887,13.25,19,1,health,online,0.08,0.6,0.788,19.53,0.95,14644.0,0,0,52.4,1.26,0,0
00000000-0000-0000-37a5-83720df01241,usr_00281,1786477998.6030495,9.91,19,1,gaming,pos_chip,0.7,0.05,0.898,14.5,20.96,86400.0,0,0,0.0,0.85,0,0
00000000-0000-0000-43a8-51563c131bf0,usr_00224,1786478014.065738,40.44,19,1,restaurant,online,0.1,0.6,0.975,0.94,7.51,21487.3,0,0,115.95,1.4,0,0
00000000-0000-0000-62c5-f9a9389fdba4,usr_00658,1786478015.660648,108.01,19,1,general_retail,pos_chip,0.15,0.05,0.839,4.15,0.02,16729.5,0,0,109.62,1.97,0,0
00000000-0000-0000-5aa8-cf6ee1f56e21,usr_00708,1786478063.7946594,27.51,19,1,general_retail,atm,0.15,0.25,0.961,3.78,5.94,78997.5,0,0,87.06,0.32,0,0
00000000-0000-0000-170e-79317d5612c8,usr_00744,1786478064.5856364,27.11,19,1,restaurant,p2p,0.1,0.45,0.699,4.17,2.89,42642.5,0,0,164.21,0.5,0,0
00000000-0000-0000-3ce4-6c81c8a3a963,usr_00468,1786478074.0096736,56.01,19,1,health,pos_chip,0.08,0.05,0.929,2.08,9.61,48609.7,0,0,125.87,0.89,0,0
00000000-0000-0000-6be2-c6201959f8ea,usr_00693,1786478119.2384953,5.59,19,1,restaurant,pos_contactless,0.1,0.1,0.897,18.17,3.58,25697.5,0,0,34.66,0.65,0,0
00000000-0000-0000-0387-c5ffdf66c407,usr_00377,1786478157.4174528,6.73,19,1,electronics,online,0.65,0.6,0.668,8.05,1.94,4648.0,0,0,68.59,0.39,0,0
00000000-0000-0000-3a2a-1659991d06e4,usr_00290,1786478200.3674967,39.22,19,1,travel,online,0.4,0.6,0.74,1.98,0.64,37954.0,0,0,111.41,1.41,0,0
00000000-0000-0000-5850-f9d84a451af2,usr_00298,1786478225.3421218,8.35,19,1,restaurant,pos_contactless,0.1,0.1,0.617,1.51,0.06,7401.8,0,0,64.61,0.9,0,0
00000000-0000-0000-4ff1-150be5339c7a,usr_00924,1786478230.8472052,13.49,19,1,utilities,p2p,0.04,0.45,0.924,17.65,6.07,40607.7,0,0,47.57,0.28,0,0
00000000-0000-0000-3173-bb5a4f8fa437,usr_00314,1786478268.9102888,40.67,19,1,travel,pos_chip,0.4,0.05,0.639,11.15,2.86,11956.5,0,0,298.07,0.82,0,0
00000000-0000-0000-7dff-2a502391856a,usr_00155,1786478318.1939394,156.69,19,1,grocery,p2p,0.05,0.45,0.77,14.24,4.98,9276.2,0,0,738.73,1.48,0,0
00000000-0000-0000-4dc9-be5f12ce3f18,usr_00702,1786478368.1520424,24.43,19,1,electronics,atm,0.65,0.25,0.853,1.17,4.1,23319.4,0,0,61.94,1.18,0,0
00000000-0000-0000-3c70-16591e34a847,usr_00109,1786478408.5716267,20.44,20,1,utilities,online,0.04,0.6,0.942,5.71,11.97,980.6,0,1,69.24,1.48,0,0
00000000-0000-0000-2df9-50103f98565a,usr_00633,1786478435.3257792,10.59,20,1,electronics,pos_chip,0.65,0.05,0.711,3.5,6.71,86400.0,0,0,0.0,1.02,0,0
00000000-0000-0000-2073-a02aeb874e5a,usr_00137,1786478492.274056,65.57,20,1,utilities,online,0.04,0.6,0.907,47.78,5.77,3406.6,0,1,364.41,0.9,0,0
00000000-0000-0000-002d-f2a3db721527,usr_00008,1786478531.9110215,19.68,20,1,jewelry,online,0.8,0.6,0.738,23.49,6.32,11718.2,0,0,334.18,0.47,0,0
00000000-0000-0000-1414-7b5cb16ffabb,usr_00495,1786478533.6639943,56.13,20,1,grocery,online,0.05,0.6,0.879,5.3,8.12,14596.6,0,0,534.94,0.63,0,0
00000000-0000-0000-33d6-7566aa0f4107,usr_00584,1786478542.3647907,58.63,20,1,grocery,online,0.05,0.6,0.669,10.48,2.6,8349.2,0,0,97.58,1.2,0,0
00000000-0000-0000-3ed6-47317e794ee9,usr_00301,1786478552.948091,10.91,20,1,health,online,0.08,0.6,0.959,4.84,0.23,5509.8,0,0,48.86,0.45,1,0
00000000-0000-0000-4915-8d52c7ecaab8,usr_00656,1786478602.7050161,10.28,20,1,health,online,0.08,0.6,0.699,17.01,7.84,15131.8,0,0,69.99,0.29,0,0
00000000-0000-0000-62dd-f3a44bd9bae9,usr_00461,1786478623.260041,22.76,20,1,grocery,pos_contactless,0.05,0.1,0.719,6.56,14.37,11869.3,0,0,69.67,0.98,0,0
00000000-0000-0000-33bb-b60b27fd7fe5,usr_00627,1786478624.607147,152.8,20,1,utilities,online,0.04,0.6,0.718,6.2,0.82,1823.7,0,1,402.39,1.9,0,0
00000000-0000-0000-3712-e0ba5e5805f1,usr_00496,1786478627.3773422,8.06,20,1,health,pos_contactless,0.08,0.1,0.852,1.57,0.18,6101.5,0,0,41.54,0.78,0,0
00000000-0000-0000-2c4b-a75d6008d238,usr_00539,1786478636.7044253,33.25,20,1,grocery,online,0.05,0.6,0.989,0.77,1.52,24718.9,0,0,66.88,1.99,0,0
00000000-0000-0000-0b07-1ef0ebbfb24a,usr_00134,1786478642.8806677,6.98,20,1,travel,pos_contactless,0.4,0.1,0.93,4.08,6.1,8539.7,0,0,62.35,0.34,0,0
00000000-0000-0000-6767-691ca17319bf,usr_00162,1786478647.2941892,100.94,20,1,travel,atm,0.4,0.25,0.699,0.05,4.31,33318.8,0,0,508.45,0.79,0,0
00000000-0000-0000-7035-45768717e67b,usr_00064,1786478655.182796,16.04,20,1,health,pos_chip,0.08,0.05,0.929,12.54,3.05,60135.9,0,0,185.69,0.26,0,0
00000000-0000-0000-7461-77cf0e114144,usr_00454,1786478682.1762273,17.79,20,1,utilities,pos_chip,0.04,0.05,0.937,8.34,1.87,18455.5,0,0,203.08,0.61,0,0
00000000-0000-0000-4381-5187c2f33820,usr_00465,1786478712.8244102,35.46,20,1,electronics,online,0.65,0.6,0.782,29.61,2.29,95722.0,0,0,0.0,1.41,0,0
00000000-0000-0000-2b97-c3c3ad381bc0,usr_00258,1786478777.672048,57.3,20,1,grocery,pos_chip,0.05,0.05,0.966,1.54,1.4,6461.8,0,0,55.56,2.06,0,0
00000000-0000-0000-5c85-ee506b732ebc,usr_00945,1786478797.6863256,63.1,20,1,jewelry,pos_chip,0.8,0.05,0.558,11.86,0.03,4958.3,0,0,90.58,2.09,0,0
00000000-0000-0000-5a7f-7df40c4d8bb7,usr_00242,1786478807.621572,16.95,20,1,grocery,online,0.05,0.6,0.862,12.38,8.48,12562.6,0,0,60.28,1.41,0,0
00000000-0000-0000-7491-a1fd1436b6de,usr_00171,1786478820.9330857,66.78,20,1,grocery,pos_chip,0.05,0.05,0.784,1.77,3.34,7306.5,0,0,241.04,1.11,1,0
00000000-0000-0000-1188-f2669ed2fa47,usr_00593,1786478822.0147808,6.26,20,1,health,p2p,0.08,0.45,0.503,12.75,9.53,10835.8,0,0,62.72,0.6,0,0
00000000-0000-0000-3667-c37bf9d2ee37,usr_00303,1786478831.7442975,28.55,20,1,health,pos_chip,0.08,0.05,0.769,4.25,2.01,3562.7,0,1,188.15,0.76,0,0
00000000-0000-0000-60aa-787d91a90d89,usr_00164,1786478837.180668,53.5,20,1,grocery,pos_chip,0.05,0.05,0.938,12.07,0.28,11075.7,0,0,256.46,0.83,0,0
00000000-0000-0000-5838-85091cc6969d,usr_00887,1786478840.4397151,19.54,20,1,grocery,pos_contactless,0.05,0.1,0.828,9.67,4.35,43391.4,0,0,52.12,0.75,0,0
00000000-0000-0000-7ca3-3eb4be6de1b7,usr_00365,1786478852.2530072,118.9,20,1,travel,online,0.4,0.6,0.668,0.64,4.35,19311.4,0,0,213.67,1.11,0,0
00000000-0000-0000-1d09-549dc91f7aee,usr_00657,1786478855.7578375,41.13,20,1,restaurant,atm,0.1,0.25,0.564,5.42,8.29,28104.8,0,0,136.11,1.21,0,0
00000000-0000-0000-680d-7009e2fb6f60,usr_00730,1786478857.4991875,80.62,20,1,restaurant,pos_contactless,0.1,0.1,0.886,8.65,4.08,46293.4,0,0,80.64,2.0,0,0
00000000-0000-0000-368d-0b55b5f93fcf,usr_00555,1786478881.0881186,129.51,20,1,restaurant,pos_contactless,0.1,0.1,0.631,5.83,0.71,43973.0,0,0,87.9,4.42,0,0
00000000-0000-0000-0b85-8ec146d64761,usr_00766,1786478917.079369,34.8,20,1,restaurant,online,0.1,0.6,0.931,16.24,5.65,11659.9,0,0,275.77,0.63,0,0
00000000-0000-0000-4374-42af6ddb9a4c,usr_00821,1786478931.5424235,120.11,20,1,utilities,pos_contactless,0.04,0.1,0.808,48.68,10.76,53644.4,0,0,405.81,1.18,0,0
00000000-0000-0000-1f21-d9ee230ea1c1,usr_00886,1786478931.655207,70.46,20,1,grocery,online,0.05,0.6,0.929,31.16,3.56,11281.3,0,0,496.07,0.85,0,0
00000000-0000-0000-772c-9a2fd425751e,usr_00477,1786478943.0341141,15.92,20,1,grocery,pos_contactless,0.05,0.1,0.779,10.39,0.48,6430.0,0,0,32.13,0.99,0,0
00000000-0000-0000-44c5-1aef1ba73fb5,usr_00810,1786478944.2883031,21.52,20,1,grocery,pos_chip,0.05,0.05,0.479,12.88,15.28,17920.1,0,0,163.2,0.4,0,0
00000000-0000-0000-1b28-28ac6b099c66,usr_00702,1786478971.3242352,25.32,20,1,utilities,online,0.04,0.6,0.9,24.6,0.94,603.2,0,1,86.37,1.17,0,0
00000000-0000-0000-5486-222863bbf285,usr_00151,1786479020.725772,20.33,20,1,electronics,pos_chip,0.65,0.05,0.928,3.9,4.04,2644.2,0,1,48.9,0.83,0,0
00000000-0000-0000-1dfc-5c76a9b94006,usr_00467,1786479041.542625,164.74,20,1,general_retail,online,0.15,0.6,0.731,8.95,4.43,9114.2,0,0,129.73,1.27,0,0
00000000-0000-0000-4293-4a9e9968a447,usr_00259,1786479047.9282227,11.14,20,1,electronics,online,0.65,0.6,0.735,8.29,1.0,1651.9,0,1,65.02,0.51,0,0
00000000-0000-0000-1b9f-f2968bd4f2ac,usr_00307,1786479112.2016723,63.31,20,1,health,online,0.08,0.6,0.891,17.57,8.45,3246.2,0,1,165.5,1.15,0,0
00000000-0000-0000-573b-0baf18444ee9,usr_00429,1786479138.775557,44.07,20,1,grocery,online,0.05,0.6,0.72,27.16,2.02,32361.5,0,0,107.79,1.23,0,0
00000000-0000-0000-5eb9-bcacbd229696,usr_00534,1786479140.6883783,10.93,20,1,restaurant,online,0.1,0.6,0.796,13.63,10.3,86207.8,0,0,15.27,0.72,0,0
00000000-0000-0000-1dba-cff76fc647ee,usr_00843,1786479145.9749522,36.5,20,1,grocery,online,0.05,0.6,0.639,12.11,3.63,9837.5,0,0,143.8,1.27,0,0
00000000-0000-0000-5bab-69b72ba3e70c,usr_00944,1786479177.6552937,35.98,20,1,grocery,online,0.05,0.6,0.93,17.81,1.11,1611.0,0,1,243.83,0.74,0,0
00000000-0000-0000-49ef-4b5f42fbad3f,usr_00012,1786479183.1146138,25.58,20,1,grocery,pos_chip,0.05,0.05,0.963,14.27,5.82,75128.7,0,0,71.37,0.72,0,0
00000000-0000-0000-4d2f-39e64e30a502,usr_00478,1786479200.240762,33.61,20,1,utilities,pos_chip,0.04,0.05,0.882,1.29,6.36,24130.0,0,0,115.28,0.87,0,0
00000000-0000-0000-1ca4-6016754c024f,usr_00776,1786479211.7672112,19.08,20,1,electronics,pos_contactless,0.65,0.1,0.595,1.12,3.05,14707.3,0,0,112.62,0.68,0,0
00000000-0000-0000-2366-7ba057114b3c,usr_00858,1786479220.1777263,8.38,20,1,utilities,online,0.04,0.6,0.87,18.25,0.73,13896.2,0,0,49.54,0.68,0,0
00000000-0000-0000-686f-de38ac4591b6,usr_00846,1786479223.2495432,104.75,20,1,utilities,online,0.04,0.6,0.856,49.89,6.92,30991.0,0,0,1044.69,0.4,0,0
00000000-0000-0000-4d53-ef8a6febd9f0,usr_00130,1786479252.3386045,28.13,20,1,utilities,online,0.04,0.6,0.819,3.76,0.16,77079.9,0,0,26.76,2.1,0,0
00000000-0000-0000-22b1-11b96f5a5929,usr_00567,1786479276.077822,22.47,20,1,restaurant,online,0.1,0.6,0.867,18.34,9.61,29330.1,0,0,82.61,1.09,0,0
00000000-0000-0000-5787-e8bbc62444a4,usr_00542,1786479326.6934252,61.58,20,1,restaurant,pos_contactless,0.1,0.1,0.901,3.43,0.35,6245.3,0,0,464.1,0.8,0,0
00000000-0000-0000-3707-d21b019c1daa,usr_00052,1786479333.4429784,34.86,20,1,grocery,pos_chip,0.05,0.05,0.578,22.24,7.7,16486.6,0,0,67.94,2.05,0,0
00000000-0000-0000-0311-4eab1d592915,usr_00805,1786479334.583872,91.15,20,1,restaurant,online,0.1,0.6,0.941,3.68,6.17,18395.1,0,0,372.07,1.47,0,0
00000000-0000-0000-05eb-e063acfd5a8a,usr_00556,1786479391.6526287,33.66,20,1,travel,online,0.4,0.6,0.956,7.28,2.22,2848.5,0,1,57.71,2.33,0,0
00000000-0000-0000-5d5d-989dc04f060c,usr_00846,1786479414.507104,125.16,20,1,grocery,pos_contactless,0.05,0.1,0.723,7.89,11.16,191.3,1,1,1149.44,0.54,0,0
00000000-0000-0000-5bbd-a1058c7c1ba0,usr_00306,1786479414.6062968,16.77,20,1,utilities,pos_contactless,0.04,0.1,0.931,0.51,11.01,2525.7,0,1,126.6,0.4,0,0
00000000-0000-0000-3416-14b5254d05c7,usr_00015,1786479524.8170285,14.66,20,1,general_retail,pos_chip,0.15,0.05,0.91,2.6,1.27,2238.8,0,1,112.83,0.65,0,0
00000000-0000-0000-6b20-f949f0c5542d,usr_00312,1786479577.0151408,64.23,20,1,utilities,pos_contactless,0.04,0.1,0.932,2.17,1.49,23597.0,0,0,242.07,0.53,0,0
00000000-0000-0000-22e8-01280f707f1c,usr_00390,1786479587.5994174,19.3,20,1,grocery,atm,0.05,0.25,0.891,0.91,0.59,86400.0,0,0,0.0,2.33,0,0
00000000-0000-0000-4a90-c29a73e883be,usr_00374,1786479610.1881297,43.45,20,1,grocery,online,0.05,0.6,0.815,9.76,6.47,8267.3,0,0,451.32,0.58,0,0
00000000-0000-0000-74d3-d979b364a4c9,usr_00035,1786479618.0549383,184.13,20,1,general_retail,online,0.15,0.6,0.802,10.5,2.58,25125.3,0,0,297.65,2.47,0,0
00000000-0000-0000-4ed1-ea0fbb6b35a2,usr_00052,1786479624.781209,8.7,20,1,restaurant,pos_contactless,0.1,0.1,0.674,9.93,1.62,291.3,1,1,102.8,0.42,0,0
00000000-0000-0000-4deb-08b50cdea8c8,usr_00357,1786479638.142473,49.05,20,1,travel,pos_chip,0.4,0.05,0.913,4.55,0.13,21238.6,0,0,77.98,1.26,0,0
00000000-0000-0000-6c34-ea6e98b402a1,usr_00228,1786479646.6335294,11.78,20,1,grocery,pos_contactless,0.05,0.1,0.924,14.86,0.08,23127.4,0,0,94.49,0.62,0,0
00000000-0000-0000-1f44-2e5e49709240,usr_00555,1786479656.0276268,24.01,20,1,restaurant,online,0.1,0.6,0.878,4.66,25.12,774.9,0,1,217.41,0.44,0,0
00000000-0000-0000-73fb-0b5c7bf470b0,usr_00511,1786479657.899169,41.39,20,1,health,pos_chip,0.08,0.05,0.85,7.77,27.48,2548.9,0,1,259.19,1.28,0,0
00000000-0000-0000-5777-f180c85a04c8,usr_00684,1786479779.298992,12.93,20,1,electronics,online,0.65,0.6,0.793,6.09,3.03,6256.2,0,0,161.54,0.48,0,0
00000000-0000-0000-3947-897ee4d739fe,usr_00343,1786479803.8718967,48.77,20,1,utilities,online,0.04,0.6,0.884,9.87,0.06,5035.8,0,0,24.88,1.96,0,0
00000000-0000-0000-6b48-32b79dbc0885,usr_00308,1786479806.6977537,22.46,20,1,electronics,online,0.65,0.6,0.758,2.51,0.92,17503.6,0,0,165.79,0.27,0,0
00000000-0000-0000-5b44-409faaf3ef36,usr_00808,1786479810.2187352,19.21,20,1,utilities,pos_chip,0.04,0.05,0.804,3.08,1.33,37427.5,0,0,78.37,0.74,0,0
00000000-0000-0000-5407-a4c4b5c0182b,usr_00914,1786479843.1096017,59.07,20,1,electronics,online,0.65,0.6,0.623,14.73,2.84,4558.1,0,0,73.25,1.61,1,0
00000000-0000-0000-38ab-00225c6df002,usr_00856,1786480052.39069,47.03,20,1,gaming,pos_chip,0.7,0.05,0.91,19.52,0.15,12585.7,0,0,274.72,1.03,0,0
00000000-0000-0000-08cc-2164f84d9e29,usr_00512,1786480069.111397,24.55,20,1,restaurant,pos_chip,0.1,0.05,0.889,26.63,3.07,33345.5,0,0,92.35,0.8,0,0
00000000-0000-0000-5c14-c8ff6ea9ea0e,usr_00097,1786480074.6617072,27.18,20,1,utilities,online,0.04,0.6,0.959,4.08,1.45,74746.7,0,0,11.13,2.44,0,0
00000000-0000-0000-0772-a246cab7450d,usr_00451,1786480187.7779512,45.5,20,1,electronics,pos_chip,0.65,0.05,0.761,18.87,0.21,40420.3,0,0,328.8,0.97,0,0
00000000-0000-0000-2fa6-67c6a548d8a6,usr_00828,1786480213.0336683,89.31,20,1,restaurant,pos_contactless,0.1,0.1,0.665,8.48,14.73,26859.0,0,0,217.16,1.65,0,0
00000000-0000-0000-0d42-6ab851354597,usr_00626,1786480220.3482065,18.82,20,1,grocery,online,0.05,0.6,0.907,2.38,1.16,8528.7,0,0,192.44,0.49,1,0
00000000-0000-0000-6cdc-1d8811becd98,usr_00939,1786480239.3228214,70.16,20,1,crypto,pos_contactless,0.9,0.1,0.92,9.05,4.11,22154.5,0,0,312.24,1.12,0,0
00000000-0000-0000-273c-1c0137f945ca,usr_00486,1786480257.068753,20.61,20,1,grocery,online,0.05,0.6,0.616,24.02,0.21,5432.3,0,0,156.77,0.53,0,0
00000000-0000-0000-2be1-98ea65b3d435,usr_00337,1786480288.0321138,18.8,20,1,utilities,pos_contactless,0.04,0.1,0.676,5.67,6.48,16385.2,0,0,61.78,0.61,0,0
00000000-0000-0000-5c78-bd908042b311,usr_00063,1786480311.6914022,27.81,20,1,utilities,pos_chip,0.04,0.05,0.966,0.84,3.56,30715.7,0,0,134.98,0.62,0,0
00000000-0000-0000-434e-e8b69c609644,usr_00366,1786480379.9766946,56.31,20,1,gaming,online,0.7,0.6,0.824,33.08,2.37,5387.4,0,0,74.04,2.28,0,0
00000000-0000-0000-32c8-90d0e809d5f4,usr_00585,1786480420.8705528,84.43,20,1,health,online,0.08,0.6,0.891,49.29,1.55,12858.5,0,0,434.32,0.39,0,0
00000000-0000-0000-6be0-e834f2be12a4,usr_00579,1786480431.9603162,49.76,20,1,grocery,pos_chip,0.05,0.05,0.65,22.92,2.96,24871.8,0,0,187.32,0.8,0,0
00000000-0000-0000-6c81-a54b76ec976e,usr_00129,1786480495.685169,15.15,20,1,general_retail,p2p,0.15,0.45,0.792,7.46,10.92,12801.0,0,0,140.63,0.75,0,0
00000000-0000-0000-3b77-0f203f709396,usr_00338,1786480503.7570362,39.26,20,1,general_retail,pos_contactless,0.15,0.1,0.542,8.35,2.12,33890.4,0,0,313.16,0.38,0,0
00000000-0000-0000-3244-9b04a023de7d,usr_00314,1786480516.764393,90.09,20,1,restaurant,online,0.1,0.6,0.882,6.77,0.26,2247.9,0,1,272.38,1.98,0,0
00000000-0000-0000-3e23-c380b1bc7729,usr_00981,1786480518.0088835,32.01,20,1,utilities,pos_chip,0.04,0.05,0.727,7.26,0.43,40213.2,0,0,7.85,4.08,0,0
00000000-0000-0000-356b-50b841d11ea9,usr_00919,1786480551.2817416,7.2,20,1,electronics,pos_contactless,0.65,0.1,0.979,5.12,2.37,9237.9,0,0,59.4,0.61,0,0
00000000-0000-0000-41f5-983f6f769aab,usr_00706,1786480573.0878952,12.99,20,1,restaurant,pos_chip,0.1,0.05,0.975,4.7,9.34,23527.7,0,0,98.19,0.53,0,0
00000000-0000-0000-2883-9080a88b7822,usr_00856,1786480606.9129379,22.44,20,1,crypto,pos_chip,0.9,0.05,0.903,10.87,0.95,554.5,0,1,321.75,0.49,0,0
00000000-0000-0000-6d31-f648a6d50a11,usr_00022,1786480690.3146086,118.04,20,1,grocery,atm,0.05,0.25,0.82,10.73,15.31,7309.4,0,0,430.13,1.92,0,0
00000000-0000-0000-2a44-aac9d44c78f3,usr_00733,1786480702.77415,68.26,20,1,restaurant,online,0.1,0.6,0.394,22.16,1.51,30879.7,0,0,98.61,2.08,0,0
00000000-0000-0000-579d-471d3fd93cf5,usr_00516,1786480738.2398465,59.42,20,1,health,pos_chip,0.08,0.05,0.915,2.99,2.71,16442.8,0,0,237.98,0.5,0,0
00000000-0000-0000-1f0b-96f63d3b4c53,usr_00880,1786480765.228663,39.62,20,1,grocery,pos_contactless,0.05,0.1,0.751,1.25,2.53,12792.1,0,0,129.25,0.92,0,0
00000000-0000-0000-1393-c179f194d5bc,usr_00177,1786480821.223503,27.97,20,1,electronics,online,0.65,0.6,0.858,4.1,0.07,43496.3,0,0,94.52,0.89,0,0
00000000-0000-0000-262b-33be6f32111b,usr_00675,1786480894.1382697,41.47,20,1,electronics,online,0.65,0.6,0.747,4.2,5.44,6971.0,0,0,254.0,0.98,0,0
00000000-0000-0000-7d54-8eec88064836,usr_00561,1786480947.9830706,47.32,20,1,restaurant,pos_chip,0.1,0.05,0.908,2.41,1.15,15109.8,0,0,99.94,1.42,0,0
00000000-0000-0000-02cf-890e859d3a8a,usr_00316,1786480964.472155,49.4,20,1,utilities,pos_contactless,0.04,0.1,0.878,5.48,2.38,23653.7,0,0,136.84,1.08,0,0
00000000-0000-0000-1c69-9c3c4b021578,usr_00759,1786480969.9967306,41.24,20,1,restaurant,online,0.1,0.6,0.919,3.44,7.41,46010.6,0,0,146.9,0.84,0,0
00000000-0000-0000-2cac-a4f04d2c5c5b,usr_00436,1786480972.9434237,9.97,20,1,restaurant,pos_contactless,0.1,0.1,0.964,6.87,4.89,29878.0,0,0,69.91,0.43,0,0
00000000-0000-0000-4235-60157afe62ab,usr_00424,1786480981.0227969,16.64,20,1,grocery,p2p,0.05,0.45,0.89,0.01,3.14,19520.0,0,0,55.82,0.89,0,0
00000000-0000-0000-2eec-6a3953ca5c2f,usr_00229,1786480993.9418344,38.93,20,1,electronics,pos_contactless,0.65,0.1,0.792,2.29,16.02,15268.8,0,0,73.2,1.6,0,0
00000000-0000-0000-42d1-700a06a79b1d,usr_00038,1786481062.5319724,12.53,20,1,grocery,online,0.05,0.6,0.838,8.94,3.94,14028.0,0,0,143.93,0.35,0,0
00000000-0000-0000-4e7a-4e14afb108b1,usr_00537,1786481073.959243,79.22,20,1,utilities,atm,0.04,0.25,0.845,1.68,0.92,21527.7,0,0,366.2,1.08,0,0
00000000-0000-0000-0224-2edb91f619ec,usr_00402,1786481074.62068,23.59,20,1,restaurant,pos_contactless,0.1,0.1,0.897,6.16,9.62,17167.9,0,0,316.67,0.3,0,0
00000000-0000-0000-1605-5c8ae41bdeb6,usr_00526,1786481085.3164797,117.08,20,1,gaming,pos_contactless,0.7,0.1,0.863,6.65,3.69,35808.0,0,0,2942.19,0.16,0,0
00000000-0000-0000-63b8-3308a418ab73,usr_00314,1786481097.2021577,28.04,20,1,health,online,0.08,0.6,0.635,6.42,3.26,580.4,0,2,362.47,0.54,0,0
00000000-0000-0000-1e2b-81aaceb6e9cb,usr_00162,1786481104.2697573,30.73,20,1,grocery,p2p,0.05,0.45,0.825,17.36,3.88,2457.0,0,1,609.39,0.25,0,0
00000000-0000-0000-431a-a64085f2e4bf,usr_00244,1786481124.1155968,62.95,20,1,electronics,online,0.65,0.6,0.765,1.94,2.13,9688.1,0,0,1224.91,0.46,0,0
00000000-0000-0000-024b-8fd7fbd576e9,usr_00819,1786481137.3627114,26.26,20,1,travel,pos_chip,0.4,0.05,0.689,11.55,13.23,37813.5,0,0,76.04,1.04,0,0
00000000-0000-0000-6253-a8d51e875ddd,usr_00278,1786481139.2074242,147.78,20,1,travel,pos_chip,0.4,0.05,0.976,59.94,7.05,21398.7,0,0,526.9,1.96,0,0
00000000-0000-0000-1262-26f374b66e1d,usr_00018,1786481155.5564919,17.49,20,1,grocery,online,0.05,0.6,0.883,12.17,1.64,13341.7,0,0,255.14,0.21,0,0
00000000-0000-0000-0c61-60f468fe53e2,usr_00167,1786481192.364444,39.96,20,1,electronics,online,0.65,0.6,0.958,9.68,15.01,29318.8,0,0,262.96,0.91,0,0
00000000-0000-0000-72ce-e673e323ec04,usr_00199,1786481219.421336,16.54,20,1,utilities,pos_contactless,0.04,0.1,0.963,0.64,3.51,20173.3,0,0,187.12,0.35,0,0
00000000-0000-0000-118e-c96f15a694b6,usr_00976,1786481221.316268,36.96,20,1,grocery,pos_chip,0.05,0.05,0.864,11.17,3.92,38618.3,0,0,254.12,0.44,0,0
00000000-0000-0000-4790-b2a553ebba6b,usr_00161,1786481285.5824406,21.99,20,1,general_retail,pos_chip,0.15,0.05,0.74,6.81,2.66,16359.8,0,0,31.14,1.41,0,0
00000000-0000-0000-7b9b-cc35892d20ae,usr_00627,1786481306.146308,102.15,20,1,restaurant,pos_contactless,0.1,0.1,0.749,14.67,0.44,2681.5,0,1,555.19,1.1,0,0
00000000-0000-0000-3d3e-fb4ae2f08f98,usr_00014,1786481322.730561,54.45,20,1,utilities,pos_chip,0.04,0.05,0.498,25.81,11.73,5936.3,0,0,425.33,0.9,0,0
00000000-0000-0000-010b-41c655662c91,usr_00072,1786481329.1548834,32.31,20,1,grocery,atm,0.05,0.25,0.852,1.59,2.65,5848.7,0,0,78.55,1.23,0,0
00000000-0000-0000-028e-befd96a08720,usr_00239,1786481373.9238632,88.9,20,1,travel,pos_chip,0.4,0.05,0.758,11.25,5.98,12327.7,0,0,175.77,3.03,0,0
00000000-0000-0000-3821-54faf5a33ab2,usr_00744,1786481404.5780861,41.99,20,1,restaurant,online,0.1,0.6,0.799,6.59,5.15,3340.0,0,1,191.32,0.88,0,0
00000000-0000-0000-1a3d-a33c5a113943,usr_00131,1786481405.4337463,14.97,20,1,grocery,pos_contactless,0.05,0.1,0.837,16.39,0.39,15164.3,0,0,150.17,0.6,0,0
00000000-0000-0000-593b-cb79d9ffb81d,usr_00297,1786481408.0957289,19.97,20,1,utilities,online,0.04,0.6,0.98,31.42,2.27,7912.0,0,0,63.35,0.63,0,0
00000000-0000-0000-78d1-517299db6249,usr_00225,1786481409.4000614,43.74,20,1,travel,online,0.4,0.6,0.841,8.78,3.69,73831.0,0,0,60.16,1.45,0,0
00000000-0000-0000-4aa3-d80912e1c599,usr_00556,1786481429.074282,19.07,20,1,health,pos_contactless,0.08,0.1,0.844,4.56,4.09,2037.4,0,1,91.37,1.04,0,0
00000000-0000-0000-4e56-c68eaace3ec6,usr_00518,1786481578.276279,32.74,20,1,general_retail,online,0.15,0.6,0.938,14.01,12.36,22651.7,0,0,343.84,0.48,0,0
00000000-0000-0000-480b-0c9f7c523c7b,usr_00818,1786481642.6516967,20.57,20,1,gaming,online,0.7,0.6,0.84,35.77,9.37,60704.1,0,0,46.45,0.44,0,0
00000000-0000-0000-1d92-8d5a837bfe0b,usr_00497,1786481664.6957421,25.19,20,1,restaurant,online,0.1,0.6,0.764,9.7,2.56,24109.0,0,0,176.62,0.71,0,0
00000000-0000-0000-7a83-f1f1336ce19c,usr_00558,1786481759.2536528,8.9,20,1,electronics,online,0.65,0.6,0.627,42.62,1.46,5169.7,0,0,47.97,0.19,0,0
00000000-0000-0000-4c55-c170e0058058,usr_00741,1786481773.6811128,69.37,20,1,grocery,pos_contactless,0.05,0.1,0.873,2.42,9.39,15870.0,0,0,381.07,0.91,0,0
00000000-0000-0000-373c-c27f8328e703,usr_00177,1786481782.0870852,45.38,20,1,travel,online,0.4,0.6,0.678,0.45,1.07,960.9,0,1,122.49,1.48,0,0
00000000-0000-0000-0d85-c2afb5153cbb,usr_00126,1786481799.2442124,72.0,20,1,general_retail,pos_chip,0.15,0.05,0.784,1.92,10.16,18240.5,0,0,552.67,0.78,0,0
00000000-0000-0000-1e4a-616407892ebc,usr_00940,1786481806.1961448,135.77,20,1,electronics,online,0.65,0.6,0.195,79.71,3.24,40.3,5,7,135.85,4.0,0,1
00000000-0000-0000-37f2-c751501ad940,usr_00093,1786481815.0552194,37.75,20,1,utilities,online,0.04,0.6,0.778,25.04,9.82,8453.0,0,0,103.01,0.73,0,0
00000000-0000-0000-50db-d8d679ada919,usr_00615,1786481833.7901523,22.93,20,1,gaming,online,0.7,0.6,0.718,16.89,0.33,24277.3,0,0,20.47,2.24,0,0
00000000-0000-0000-4655-52e9c820eacc,usr_00098,1786481858.7711885,127.7,20,1,utilities,pos_contactless,0.04,0.1,0.774,23.27,3.13,17474.0,0,0,237.57,2.15,0,0
00000000-0000-0000-4166-2aab744f9a3f,usr_00897,1786481903.2052622,11.59,20,1,utilities,online,0.04,0.6,0.946,13.78,1.39,12431.6,0,0,178.29,0.46,0,0
00000000-0000-0000-738d-2024aa77cabb,usr_00179,1786481917.4165213,65.33,20,1,grocery,online,0.05,0.6,0.939,2.34,2.35,6220.9,0,0,68.4,1.91,0,0
00000000-0000-0000-3a5d-a8b1eda0c9c3,usr_00332,1786481950.3099449,13.86,20,1,electronics,pos_chip,0.65,0.05,0.711,9.31,1.06,56422.2,0,0,53.66,0.52,0,0
00000000-0000-0000-5839-ef5b1217a036,usr_00893,1786481951.2587402,21.17,20,1,general_retail,pos_contactless,0.15,0.1,0.943,4.68,7.17,16360.4,0,0,147.55,0.57,0,0
00000000-0000-0000-3c50-a7ea3629b9ab,usr_00429,1786481957.5686135,29.02,20,1,electronics,pos_chip,0.65,0.05,0.886,8.81,1.19,2818.8,0,1,151.86,0.76,0,0
00000000-0000-0000-6aca-fd19e8002033,usr_00969,1786481962.2939987,25.4,20,1,grocery,pos_chip,0.05,0.05,0.659,2.45,7.73,70530.7,0,0,93.36,0.54,0,0
00000000-0000-0000-450f-41131e576b65,usr_00538,1786481985.2373428,12.55,20,1,restaurant,p2p,0.1,0.45,0.623,17.15,7.97,4557.1,0,0,25.86,1.94,0,0
00000000-0000-0000-7483-e3910efe7e31,usr_00428,1786481988.547301,21.72,20,1,restaurant,pos_chip,0.1,0.05,0.728,20.06,4.74,29158.3,0,0,18.1,1.2,0,0
00000000-0000-0000-1c41-35f811842218,usr_00030,1786482099.6659787,238.49,21,1,grocery,pos_chip,0.05,0.05,0.48,7.31,0.05,5701.0,0,0,348.29,2.05,0,0
00000000-0000-0000-53ec-6562d8a0eb76,usr_00039,1786482119.8476593,55.67,21,1,utilities,pos_chip,0.04,0.05,0.947,12.69,11.03,11030.2,0,0,154.49,1.08,0,0
00000000-0000-0000-401b-bb17f60a2c6b,usr_00551,1786482168.0747929,76.16,21,1,gaming,pos_contactless,0.7,0.1,0.842,4.75,2.83,16038.8,0,0,291.74,1.83,0,0
00000000-0000-0000-0c6e-218739e3243c,usr_00119,1786482170.1187909,6.03,21,1,grocery,atm,0.05,0.25,0.917,2.84,1.36,86400.0,0,0,0.0,0.21,0,0
00000000-0000-0000-08f7-c5eaa8db0ba9,usr_00673,1786482194.4893591,15.92,21,1,health,p2p,0.08,0.45,0.744,27.79,14.95,66266.6,0,0,32.78,0.97,0,0
00000000-0000-0000-0fc1-87ce588edfb3,usr_00991,1786482231.46269,134.07,21,1,restaurant,pos_chip,0.1,0.05,0.967,15.32,6.53,31419.6,0,0,368.37,1.46,0,0
00000000-0000-0000-1e52-adc8167930ac,usr_00380,1786482254.055468,22.87,21,1,jewelry,pos_chip,0.8,0.05,0.755,15.58,6.38,100099.8,0,0,0.0,0.65,0,0
00000000-0000-0000-7b11-397831371fb2,usr_00551,1786482273.0020797,65.69,21,1,utilities,pos_contactless,0.04,0.1,0.908,2.53,2.51,104.9,1,1,367.9,1.43,0,0
00000000-0000-0000-502c-caf976aa8936,usr_00522,1786482305.3541944,54.88,21,1,gaming,online,0.7,0.6,0.615,7.02,1.77,30169.0,0,0,314.23,0.7,0,0
00000000-0000-0000-3709-f56822dfdf6b,usr_00750,1786482382.3815804,40.6,21,1,restaurant,atm,0.1,0.25,0.862,20.8,0.67,50933.0,0,0,43.27,1.88,0,0
00000000-0000-0000-5f0f-bcb2a01e42e4,usr_00747,1786482405.7917576,28.65,21,1,restaurant,p2p,0.1,0.45,0.842,0.69,1.18,15949.9,0,0,172.81,0.5,0,0
00000000-0000-0000-5f00-98f8c4294650,usr_00544,1786482453.2893317,25.17,21,1,restaurant,online,0.1,0.6,0.654,0.04,7.18,15403.5,0,0,125.37,1.0,0,0
00000000-0000-0000-3f5c-5c727dfe73df,usr_00974,1786482464.4695883,11.33,21,1,crypto,pos_contactless,0.9,0.1,0.691,3.36,7.04,31897.7,0,0,136.97,0.5,0,0
00000000-0000-0000-56c3-a025b6577229,usr_00031,1786482478.5589962,38.88,21,1,grocery,pos_chip,0.05,0.05,0.697,3.1,2.33,15710.8,0,0,166.9,1.63,0,0
00000000-0000-0000-1edc-7b70d2b25933,usr_00132,1786482502.1777174,85.15,21,1,restaurant,online,0.1,0.6,0.579,1.73,1.81,31580.9,0,0,188.92,1.35,0,0
00000000-0000-0000-741a-8bc08aaf8d91,usr_00436,1786482506.6998649,12.68,21,1,utilities,online,0.04,0.6,0.351,25.78,0.47,1533.8,0,1,79.88,0.63,0,0
00000000-0000-0000-48b4-ece05dc0ef10,usr_00936,1786482511.148215,39.01,21,1,grocery,pos_chip,0.05,0.05,0.764,6.96,7.51,37346.8,0,0,6.72,5.81,0,0
00000000-0000-0000-6009-ac030f652cc3,usr_00950,1786482684.3691297,7.86,21,1,gaming,atm,0.7,0.25,0.931,0.18,0.42,34941.0,0,0,24.57,0.64,0,0
00000000-0000-0000-775b-71873f0f0dcf,usr_00422,1786482741.9736843,25.62,21,1,electronics,online,0.65,0.6,0.691,11.88,4.76,44852.2,0,0,14.09,1.82,0,0
00000000-0000-0000-4dc7-9b0fd0fa8ff9,usr_00373,1786482813.2988431,47.97,21,1,travel,pos_contactless,0.4,0.1,0.81,0.88,0.07,17323.0,0,0,93.43,0.51,0,0
00000000-0000-0000-3ba3-e3d983e4969d,usr_00296,1786482862.9776018,23.0,21,1,health,online,0.08,0.6,0.64,13.28,3.06,18325.6,0,0,29.97,0.77,0,0
00000000-0000-0000-3174-fc29e409ecd2,usr_00199,1786482903.773778,24.34,21,1,restaurant,pos_chip,0.1,0.05,0.893,18.24,4.46,1684.4,0,1,203.66,0.6,0,0
00000000-0000-0000-3466-deb5685db8fa,usr_00616,1786482964.7666378,45.47,21,1,grocery,online,0.05,0.6,0.88,9.05,34.21,15010.5,0,0,336.93,1.08,0,0
00000000-0000-0000-4a04-071abf433530,usr_00569,1786482990.7066014,19.5,21,1,grocery,online,0.05,0.6,0.919,16.2,6.41,33586.9,0,0,107.44,0.54,0,0
00000000-0000-0000-5a14-1d6e596b4fa9,usr_00410,1786483000.798511,11.94,21,1,restaurant,online,0.1,0.6,0.805,5.01,0.84,7531.6,0,0,97.42,0.74,0,0
00000000-0000-0000-099a-324daa0eab39,usr_00648,1786483053.0549114,45.5,21,1,general_retail,pos_contactless,0.15,0.1,0.83,8.91,12.29,33496.1,0,0,164.57,1.11,0,0
00000000-0000-0000-6a63-e0a25f135a9e,usr_00912,1786483080.3160253,62.77,21,1,crypto,online,0.9,0.6,0.595,14.59,2.18,17628.9,0,0,130.73,1.44,0,0
00000000-0000-0000-3763-b1c022ee52c0,usr_00849,1786483086.837893,31.18,21,1,general_retail,online,0.15,0.6,0.663,1.19,14.05,25918.5,0,0,179.63,0.52,0,0
00000000-0000-0000-5fdd-c6816ac88b55,usr_00806,1786483172.9868937,52.0,21,1,gaming,online,0.7,0.6,0.727,12.4,11.87,36188.6,0,0,197.51,1.32,0,0
00000000-0000-0000-79fc-eacc4ddd15ca,usr_00327,1786483208.0263677,21.93,21,1,grocery,atm,0.05,0.25,0.771,14.06,0.48,78587.0,0,0,116.34,0.38,0,0
00000000-0000-0000-2cfc-e74c2315f551,usr_00981,1786483216.2683692,9.97,21,1,grocery,pos_chip,0.05,0.05,0.867,1.73,13.32,2698.3,0,1,39.86,0.5,0,0
00000000-0000-0000-5f5b-50b8d66144a0,usr_00324,1786483234.7745805,56.42,21,1,restaurant,pos_chip,0.1,0.05,0.838,1.62,4.01,12039.4,0,0,446.55,0.51,0,0
00000000-0000-0000-3eee-f2d1ce6c75b1,usr_00239,1786483260.4840071,42.57,21,1,utilities,pos_chip,0.04,0.05,0.835,3.45,0.58,1886.6,0,1,264.67,1.13,0,0
00000000-0000-0000-5648-b1fa9a044c3b,usr_00534,1786483276.0816138,12.87,21,1,gaming,atm,0.7,0.25,0.881,11.02,6.36,4135.4,0,0,10.93,1.18,0,0
00000000-0000-0000-5f60-6a17ef9dd929,usr_00081,1786483320.7527344,6.04,21,1,grocery,online,0.05,0.6,0.592,0.13,0.13,42475.8,0,0,79.73,0.3,0,0
00000000-0000-0000-1713-a573a767ca68,usr_00936,1786483343.7670856,6.03,21,1,general_retail,online,0.15,0.6,0.872,29.42,7.09,832.6,0,1,45.73,0.26,0,0
00000000-0000-0000-1e17-0e0b49d66886,usr_00836,1786483356.0725222,21.11,21,1,restaurant,pos_chip,0.1,0.05,0.781,1.25,5.01,13960.7,0,0,76.92,0.55,0,0
00000000-0000-0000-7826-c5056122bf4f,usr_00256,1786483383.70568,54.09,21,1,restaurant,p2p,0.1,0.45,0.694,12.64,10.42,24972.5,0,0,211.27,1.02,0,0
00000000-0000-0000-7dfd-bf4b77f1d0ab,usr_00860,1786483438.7050536,13.59,21,1,grocery,pos_contactless,0.05,0.1,0.561,9.76,2.06,18752.9,0,0,99.58,0.68,0,0
00000000-0000-0000-3b73-9ce463636d74,usr_00224,1786483440.8162575,25.91,21,1,restaurant,online,0.1,0.6,0.632,47.1,8.56,5426.8,0,0,156.39,0.83,0,0
00000000-0000-0000-4b01-56dcd99767a7,usr_00784,1786483446.3170662,18.49,21,1,restaurant,pos_chip,0.1,0.05,0.838,26.57,1.4,17542.3,0,0,88.96,0.62,0,0
00000000-0000-0000-46e8-582d4da901a1,usr_00343,1786483477.6906095,35.74,21,1,crypto,p2p,0.9,0.45,0.896,17.34,0.4,3673.8,0,0,73.65,0.97,0,0
00000000-0000-0000-4bbc-9c053c0c2f10,usr_00032,1786483519.2170918,38.55,21,1,electronics,online,0.65,0.6,0.959,6.53,3.36,27161.0,0,0,118.35,1.63,0,0
00000000-0000-0000-7ccd-29ee2cef1d96,usr_00489,1786483531.2035897,40.2,21,1,utilities,pos_chip,0.04,0.05,0.91,19.8,11.28,27618.9,0,0,76.89,1.05,0,0
00000000-0000-0000-3e47-a76d012f402a,usr_00323,1786483537.7621644,41.63,21,1,restaurant,pos_chip,0.1,0.05,0.813,25.59,11.05,86400.0,0,0,0.0,0.8,0,0
00000000-0000-0000-783c-656417a4cabb,usr_00538,1786483658.560975,6.68,21,1,restaurant,pos_contactless,0.1,0.1,0.901,1.7,9.78,1673.3,0,1,38.41,0.87,0,0
00000000-0000-0000-6b61-427657f64d1c,usr_00020,1786483669.325138,52.71,21,1,gaming,p2p,0.7,0.45,0.585,1.96,0.66,7753.9,0,0,183.72,1.72,0,0
00000000-0000-0000-0f24-e4b538fd06c4,usr_00096,1786483673.5173814,8.61,21,1,grocery,pos_contactless,0.05,0.1,0.691,26.16,1.32,16348.6,0,0,12.74,0.68,1,0
00000000-0000-0000-3988-d8c30212bbb2,usr_00409,1786483700.538116,22.27,21,1,electronics,pos_contactless,0.65,0.1,0.483,43.68,8.9,12311.1,0,0,38.79,1.72,0,0
00000000-0000-0000-781b-b92a6aa60cf6,usr_00964,1786483725.2319763,23.27,21,1,health,pos_contactless,0.08,0.1,0.637,9.85,34.17,21834.2,0,0,69.15,0.67,0,0
00000000-0000-0000-155d-5991764f2d41,usr_00100,1786483728.9521182,21.4,21,1,utilities,pos_chip,0.04,0.05,0.552,13.02,15.66,25308.7,0,0,84.1,0.76,0,0
00000000-0000-0000-60ce-61880c00e5cb,usr_00773,1786483753.1644106,175.3,21,1,utilities,pos_contactless,0.04,0.1,0.799,18.68,0.4,35716.2,0,0,72.18,2.43,0,0
00000000-0000-0000-0b7b-b2db05b6c0ab,usr_00993,1786483754.3529863,51.31,21,1,grocery,online,0.05,0.6,0.9,7.62,1.29,39471.7,0,0,66.82,1.54,0,0
00000000-0000-0000-2036-7e88a97b594f,usr_00831,1786483779.1373963,62.4,21,1,utilities,online,0.04,0.6,0.683,39.03,6.82,70106.3,0,0,62.34,1.0,0,0
00000000-0000-0000-76d8-01b73f6aa908,usr_00377,1786483787.4766328,3.94,21,1,restaurant,atm,0.1,0.25,0.882,1.03,7.17,5630.1,0,0,75.32,0.26,0,0
00000000-0000-0000-6e75-4651e98bf5c0,usr_00512,1786483798.4520361,40.79,21,1,restaurant,pos_contactless,0.1,0.1,0.531,26.54,2.28,3729.3,0,0,116.9,1.4,0,0
00000000-0000-0000-7f06-05205ad977ee,usr_00381,1786483808.147311,85.11,21,1,travel,online,0.4,0.6,0.81,10.03,6.27,9059.8,0,0,166.77,1.02,0,0
00000000-0000-0000-4950-40d6f7d0c58c,usr_00022,1786483827.1333413,103.69,21,1,restaurant,online,0.1,0.6,0.895,4.77,0.01,3136.8,0,1,548.17,1.51,0,0
00000000-0000-0000-550d-ea1f70c1bb5a,usr_00671,1786483864.2634435,16.45,21,1,grocery,pos_chip,0.05,0.05,0.675,17.02,0.61,19923.1,0,0,200.26,0.41,0,0
00000000-0000-0000-0901-d13c5f9e3cf7,usr_00270,1786483886.144842,10.58,21,1,utilities,p2p,0.04,0.45,0.788,9.89,2.26,18234.0,0,0,23.03,0.92,0,0
00000000-0000-0000-14f9-7c7afeb8ef38,usr_00909,1786483893.4941623,19.12,21,1,utilities,online,0.04,0.6,0.675,1.63,8.91,31530.1,0,0,93.47,0.61,0,0
00000000-0000-0000-2110-d442b954dd81,usr_00399,1786483897.5180967,61.29,21,1,grocery,online,0.05,0.6,0.968,17.17,4.85,13301.0,0,0,134.78,3.18,0,0
00000000-0000-0000-77e1-475b08ae8d02,usr_00012,1786483936.5278165,50.95,21,1,restaurant,p2p,0.1,0.45,0.791,20.91,13.59,4753.4,0,0,96.95,1.58,0,0
00000000-0000-0000-4373-211155842328,usr_00972,1786483949.9567022,94.49,21,1,health,online,0.08,0.6,0.891,1.93,6.88,11943.0,0,0,82.67,3.43,0,0
00000000-0000-0000-32fe-1b41af6dc14d,usr_00682,1786483972.9251735,90.22,21,1,gaming,online,0.7,0.6,0.928,5.94,8.07,23465.9,0,0,270.44,1.0,0,0
00000000-0000-0000-0d73-e5cfa674bd19,usr_00498,1786483984.9644527,17.79,21,1,health,atm,0.08,0.25,0.781,9.72,11.11,39740.3,0,0,9.31,1.91,0,0
00000000-0000-0000-4168-9612588ea833,usr_00397,1786483991.8797252,53.61,21,1,grocery,pos_chip,0.05,0.05,0.875,9.37,13.32,9349.3,0,0,141.84,1.51,0,0
00000000-0000-0000-0b6c-5afc564b0ca2,usr_00356,1786483996.4919226,112.86,21,1,grocery,online,0.05,0.6,0.637,32.76,4.27,36037.9,0,0,127.15,3.55,0,0
00000000-0000-0000-4a38-88e45386c816,usr_00178,1786484002.7518938,28.9,21,1,general_retail,online,0.15,0.6,0.922,22.06,2.86,15147.0,0,0,45.74,1.26,0,0
00000000-0000-0000-512d-3e0a7e6b31ba,usr_00800,1786484004.2873273,25.25,21,1,restaurant,online,0.1,0.6,0.81,2.46,2.47,18107.2,0,0,62.92,1.2,0,0
00000000-0000-0000-1195-5e92b4a9c6ae,usr_00071,1786484059.6396918,10.16,21,1,restaurant,online,0.1,0.6,0.938,0.7,2.79,16886.3,0,0,124.84,0.41,0,0
00000000-0000-0000-3f9d-842f1e40d737,usr_00441,1786484063.9802473,48.21,21,1,grocery,online,0.05,0.6,0.979,2.0,0.5,22584.5,0,0,164.9,1.46,0,0
00000000-0000-0000-7401-8cbeb48019b1,usr_00802,1786484082.3686826,25.38,21,1,general_retail,pos_chip,0.15,0.05,0.921,20.15,1.4,15178.2,0,0,100.47,0.51,0,0
00000000-0000-0000-0c9d-90341dee4c2c,usr_00063,1786484092.6375163,27.44,21,1,restaurant,online,0.1,0.6,0.855,1.97,13.16,3780.9,0,0,162.79,0.67,0,0
00000000-0000-0000-181a-5325eb628af1,usr_00861,1786484130.6465085,7.3,21,1,electronics,pos_chip,0.65,0.05,0.636,28.37,5.96,41638.4,0,0,84.18,0.43,0,0
00000000-0000-0000-113f-83e904b04dc3,usr_00622,1786484162.7136827,63.74,21,1,travel,online,0.4,0.6,0.61,7.73,8.08,39832.7,0,0,237.66,1.34,0,0
00000000-0000-0000-4c27-8ab56f126306,usr_00651,1786484162.8114707,20.28,21,1,grocery,pos_contactless,0.05,0.1,0.822,1.52,1.34,45287.9,0,0,56.33,0.72,0,0
00000000-0000-0000-40b0-2d78574f9ce8,usr_00050,1786484170.376829,48.77,21,1,utilities,p2p,0.04,0.45,0.883,3.02,8.48,86400.0,0,0,0.0,1.24,0,0
00000000-0000-0000-4156-5b76ba3471e5,usr_00814,1786484203.2631524,60.27,21,1,grocery,pos_contactless,0.05,0.1,0.644,19.96,0.99,9269.6,0,0,153.35,2.36,0,0
00000000-0000-0000-5ac2-f6934dbf0f5c,usr_00822,1786484220.4178512,34.02,21,1,crypto,online,0.9,0.6,0.901,26.73,11.47,10750.7,0,0,39.09,2.61,0,0
00000000-0000-0000-29f7-2a267eee8bd1,usr_00404,1786484310.438753,62.78,21,1,utilities,pos_chip,0.04,0.05,0.688,7.33,0.95,19871.2,0,0,212.73,1.48,0,0
00000000-0000-0000-7401-65417dd0a09a,usr_00792,1786484389.7862794,55.18,21,1,travel,online,0.4,0.6,0.682,4.9,21.34,7749.3,0,0,216.42,1.27,0,0
00000000-0000-0000-6a4e-81bd6a441960,usr_00023,1786484417.6191185,22.83,21,1,general_retail,online,0.15,0.6,0.894,6.8,0.47,24574.8,0,0,57.91,0.79,0,0
00000000-0000-0000-0036-cded8ea4b8e2,usr_00725,1786484421.5792444,53.56,21,1,grocery,online,0.05,0.6,0.554,4.76,1.1,12556.9,0,0,495.08,0.65,0,0
00000000-0000-0000-5ffa-adcea1ff91dd,usr_00886,1786484444.7933693,126.75,21,1,health,online,0.08,0.6,0.83,29.61,0.94,5513.1,0,0,496.77,1.53,0,0
00000000-0000-0000-2df4-392542c4ce8f,usr_00206,1786484472.4784346,27.87,21,1,health,pos_chip,0.08,0.05,0.738,9.48,7.99,16693.0,0,0,52.23,1.6,0,0
00000000-0000-0000-05ac-52c5cdc6058c,usr_00854,1786484512.3381689,20.94,21,1,health,online,0.08,0.6,0.803,24.43,0.25,9460.1,0,0,121.3,0.52,1,0
00000000-0000-0000-4ec3-643f89ed8224,usr_00951,1786484568.6473444,28.88,21,1,electronics,online,0.65,0.6,0.92,20.38,0.89,8391.6,0,0,230.63,0.5,0,0
00000000-0000-0000-0e71-9ee832d90173,usr_00434,1786484570.9757044,94.61,21,1,general_retail,pos_chip,0.15,0.05,0.678,4.23,2.01,31132.3,0,0,469.0,1.21,0,0
00000000-0000-0000-29b9-082b2c9e15f6,usr_00900,1786484663.9386027,57.43,21,1,grocery,online,0.05,0.6,0.931,3.52,0.17,19678.7,0,0,89.83,1.28,0,0
00000000-0000-0000-4283-78263a95ce69,usr_00206,1786484667.9617615,39.42,21,1,grocery,p2p,0.05,0.45,0.812,10.1,8.54,195.5,1,1,80.1,1.97,0,0
00000000-0000-0000-47f2-6307fb1be78a,usr_00544,1786484671.8585572,41.47,21,1,grocery,pos_contactless,0.05,0.1,0.749,2.24,29.98,2218.6,0,1,150.54,1.65,0,0
00000000-0000-0000-19c8-48f8192d6e74,usr_00307,1786484678.8288896,73.02,21,1,utilities,p2p,0.04,0.45,0.855,12.13,3.32,5566.6,0,0,228.81,1.28,0,0
00000000-0000-0000-42c0-3e4927d59485,usr_00214,1786484719.5635915,41.68,21,1,restaurant,pos_chip,0.1,0.05,0.626,23.5,9.6,86400.0,0,0,0.0,1.53,0,0
00000000-0000-0000-32c8-a0c315304a06,usr_00399,1786484726.5368123,30.76,21,1,grocery,pos_chip,0.05,0.05,0.82,17.73,5.79,829.0,0,1,196.07,1.26,0,0
00000000-0000-0000-237d-e748409654d4,usr_00985,1786484760.7493799,57.73,21,1,travel,online,0.4,0.6,0.809,12.23,0.66,36247.3,0,0,71.17,1.62,0,0
00000000-0000-0000-49a7-43dcc423692c,usr_00881,1786484800.2616997,28.54,21,1,restaurant,pos_chip,0.1,0.05,0.82,24.18,19.48,16557.6,0,0,318.43,0.36,0,0
00000000-0000-0000-1840-af31fd42cdff,usr_00969,1786484807.8443136,30.68,21,1,restaurant,online,0.1,0.6,0.683,15.68,1.63,2845.6,0,1,118.76,0.78,0,0
00000000-0000-0000-19c2-d5a17af3b589,usr_00087,1786484829.2415671,43.0,21,1,general_retail,online,0.15,0.6,0.96,14.37,3.67,30534.9,0,0,133.24,1.29,0,0
00000000-0000-0000-1f42-bf4c400fbd0b,usr_00468,1786484842.7614853,35.07,21,1,grocery,online,0.05,0.6,0.863,2.51,10.56,6768.8,0,0,132.47,0.53,0,0
00000000-0000-0000-3755-afd539a3479d,usr_00975,1786484918.889511,20.66,21,1,electronics,online,0.65,0.6,0.671,8.42,1.08,28299.7,0,0,72.12,0.86,0,0
00000000-0000-0000-0238-36625c5e1516,usr_00554,1786484935.2165601,16.61,21,1,health,online,0.08,0.6,0.679,8.61,7.54,23460.9,0,0,93.78,0.35,0,0
00000000-0000-0000-014f-ddcad3b2e2a5,usr_00884,1786484935.3554857,10.76,21,1,grocery,pos_contactless,0.05,0.1,0.96,11.96,15.41,9586.5,0,0,26.02,0.83,0,0
00000000-0000-0000-0095-67df9932149b,usr_00911,1786484953.6439815,28.47,21,1,grocery,online,0.05,0.6,0.879,14.06,4.3,24325.0,0,0,107.98,0.79,0,0
00000000-0000-0000-4a20-0fa0826cdd2a,usr_00796,1786484976.2124903,110.84,21,1,restaurant,atm,0.1,0.25,0.78,25.02,0.51,18893.5,0,0,382.59,1.74,0,0
00000000-0000-0000-6822-fdf410aa50cb,usr_00413,1786484987.2324378,70.95,21,1,grocery,pos_contactless,0.05,0.1,0.75,4.36,10.46,13241.6,0,0,236.0,1.2,0,0
00000000-0000-0000-5ed0-1ade144eb716,usr_00863,1786485054.6784475,52.65,21,1,grocery,pos_contactless,0.05,0.1,0.485,13.64,0.3,9146.1,0,0,82.91,1.27,0,0
00000000-0000-0000-6e9a-04f988cd0aa6,usr_00422,1786485100.0375311,7.89,21,1,grocery,atm,0.05,0.25,0.695,2.56,0.49,2358.1,0,1,39.71,0.4,1,0
00000000-0000-0000-672d-b9cfd6aa748c,usr_00454,1786485112.5167315,54.91,21,1,crypto,pos_chip,0.9,0.05,0.9,0.03,7.37,6430.3,0,0,177.37,2.17,0,0
00000000-0000-0000-74e0-a71957b5441d,usr_00877,1786485121.14688,32.0,21,1,grocery,online,0.05,0.6,0.707,0.69,0.3,50624.2,0,0,89.47,0.72,0,0
00000000-0000-0000-0538-3eb2775c1bd0,usr_00673,1786485129.2215483,18.98,21,1,grocery,online,0.05,0.6,0.84,13.3,7.75,2934.7,0,1,48.7,1.17,0,0
00000000-0000-0000-38b5-46bdf6153b20,usr_00031,1786485134.890034,54.52,21,1,restaurant,online,0.1,0.6,0.561,9.54,1.77,2656.3,0,1,205.78,2.12,0,0
00000000-0000-0000-19e8-5afaddd202a0,usr_00177,1786485193.4973085,22.48,21,1,electronics,pos_contactless,0.65,0.1,0.761,0.22,16.67,3411.4,0,1,167.87,0.67,0,0
00000000-0000-0000-000c-2fe8a735f262,usr_00462,1786485204.6448605,6.44,21,1,health,pos_chip,0.08,0.05,0.813,5.25,0.32,8159.1,0,0,100.99,0.45,0,0
00000000-0000-0000-4649-7fbaa62e3052,usr_00252,1786485207.3091273,102.1,21,1,restaurant,pos_contactless,0.1,0.1,0.872,2.36,2.32,18812.8,0,0,283.55,0.72,0,0
00000000-0000-0000-7514-3f726b5d2475,usr_00856,1786485239.6195705,33.29,21,1,utilities,pos_chip,0.04,0.05,0.882,1.35,1.5,4632.7,0,0,344.19,0.77,0,0
00000000-0000-0000-34f3-fc76dacf2aaf,usr_00609,1786485241.9594753,36.44,21,1,general_retail,p2p,0.15,0.45,0.955,33.97,2.21,13271.8,0,0,147.57,0.99,0,0
00000000-0000-0000-2dcc-439372bd6cd8,usr_00981,1786485311.20989,8.47,21,1,utilities,online,0.04,0.6,0.692,7.99,1.39,2094.9,0,1,49.83,0.51,0,0
00000000-0000-0000-1bd6-86de15df0ffd,usr_00433,1786485312.4807856,9.96,21,1,restaurant,pos_chip,0.1,0.05,0.819,4.41,4.58,47003.1,0,0,43.65,0.68,0,0
00000000-0000-0000-4ce8-2980dc4f0edc,usr_00132,1786485325.3450027,10.91,21,1,grocery,atm,0.05,0.25,0.919,23.19,0.97,2823.2,0,1,274.07,0.16,0,0
00000000-0000-0000-28ed-f364bad58329,usr_00920,1786485340.9944153,22.54,21,1,general_retail,online,0.15,0.6,0.851,9.21,13.62,66923.1,0,0,26.52,0.85,0,0
00000000-0000-0000-7e9c-313e5c965c65,usr_00632,1786485363.6237538,24.59,21,1,utilities,online,0.04,0.6,0.803,28.58,3.38,25988.1,0,0,69.52,0.71,0,0
00000000-0000-0000-3609-cd0e7a4a48d3,usr_00295,1786485365.874986,101.33,21,1,utilities,pos_chip,0.04,0.05,0.918,3.8,1.66,14827.1,0,0,142.69,2.13,0,0
00000000-0000-0000-78c3-6ff47f369ca6,usr_00386,1786485403.2809384,37.04,21,1,utilities,online,0.04,0.6,0.582,3.5,0.52,8775.7,0,0,112.23,1.32,0,0
00000000-0000-0000-7bc6-cbc9c906ff02,usr_00116,1786485413.7035255,46.94,21,1,utilities,online,0.04,0.6,0.949,1.07,3.99,92273.9,0,0,0.0,1.23,0,0
00000000-0000-0000-7c3b-beb9e7b673d8,usr_00286,1786485443.7440774,61.33,21,1,crypto,online,0.9,0.6,0.773,2.13,4.78,14876.7,0,0,81.19,1.51,0,0
00000000-0000-0000-2a05-8312b80561aa,usr_00722,1786485456.4917743,5.35,21,1,health,p2p,0.08,0.45,0.805,4.96,15.26,95723.9,0,0,0.0,0.63,1,0
00000000-0000-0000-77db-83ec1b269ff8,usr_00625,1786485476.2948186,66.02,21,1,crypto,pos_chip,0.9,0.05,0.822,20.49,9.34,10967.2,0,0,132.56,2.49,0,0
00000000-0000-0000-52af-f1385f8b5b41,usr_00183,1786485530.5942483,71.09,21,1,restaurant,pos_chip,0.1,0.05,0.781,6.92,3.47,15828.3,0,0,512.08,0.97,0,0
00000000-0000-0000-60e2-37cb774ccd87,usr_00802,1786485530.613796,40.9,21,1,electronics,online,0.65,0.6,0.655,28.36,0.27,1448.2,0,1,125.85,0.97,0,0
00000000-0000-0000-1660-63c7b189c905,usr_00266,1786485532.6616082,52.52,21,1,general_retail,online,0.15,0.6,0.929,18.81,1.93,33770.9,0,0,160.66,0.98,0,0
00000000-0000-0000-72bf-d580e460e13b,usr_00429,1786485581.3886952,45.94,21,1,utilities,pos_contactless,0.04,0.1,0.864,8.94,1.34,3623.8,0,0,160.71,1.14,0,0
00000000-0000-0000-0c26-fe5c40aa6379,usr_00729,1786485663.9065878,22.59,22,1,utilities,pos_chip,0.04,0.05,0.794,3.84,1.54,67282.9,0,0,14.74,1.53,0,0
00000000-0000-0000-2fb4-4fb6b4bbabf6,usr_00023,1786485717.317287,57.82,22,1,electronics,online,0.65,0.6,0.859,5.42,0.55,1299.7,0,1,80.74,2.15,0,0
00000000-0000-0000-50a9-f8646f510f81,usr_00201,1786485776.038925,64.86,22,1,travel,online,0.4,0.6,0.757,9.01,0.82,25414.6,0,0,362.7,0.72,0,0
00000000-0000-0000-1115-74787cae1fd4,usr_00334,1786485785.5874226,15.31,22,1,grocery,atm,0.05,0.25,0.732,38.0,3.72,22798.8,0,0,135.8,0.45,0,0
00000000-0000-0000-7983-dffea0d3e2b1,usr_00516,1786485875.1905267,28.99,22,1,restaurant,pos_contactless,0.1,0.1,0.68,18.12,4.29,5137.0,0,0,297.4,0.29,0,0
00000000-0000-0000-3441-675197bc0719,usr_00814,1786485897.507175,22.72,22,1,utilities,pos_contactless,0.04,0.1,0.95,34.57,2.09,1694.2,0,1,213.62,0.74,0,0
00000000-0000-0000-5811-b9246239136b,usr_00390,1786485902.3443344,4.12,22,1,jewelry,atm,0.8,0.25,0.869,5.36,1.71,6314.7,0,0,19.3,0.21,0,0
00000000-0000-0000-2df9-c4686971072a,usr_00194,1786485905.4940302,16.16,22,1,utilities,online,0.04,0.6,0.896,6.97,8.34,19834.1,0,0,85.65,0.75,0,0
00000000-0000-0000-7a98-3dd4ae3110f1,usr_00624,1786485912.783198,81.4,22,1,restaurant,p2p,0.1,0.45,0.702,5.68,1.43,22378.4,0,0,67.99,2.39,0,0
00000000-0000-0000-2b56-eb141da6f1ae,usr_00134,1786485943.7144454,9.67,22,1,restaurant,pos_chip,0.1,0.05,0.873,4.27,0.25,7300.8,0,0,69.33,0.56,0,0
00000000-0000-0000-1b4c-c95c3ea6410c,usr_00895,1786486015.1096168,110.04,22,1,grocery,pos_contactless,0.05,0.1,0.921,10.88,1.72,13580.9,0,0,478.77,1.38,1,0
00000000-0000-0000-2904-dc77bfa90a0d,usr_00044,1786486026.4587739,27.61,22,1,utilities,pos_chip,0.04,0.05,0.709,14.4,0.03,25250.6,0,0,86.47,0.96,0,0
00000000-0000-0000-16f2-5fcec3fe5c2c,usr_00117,1786486056.6280653,22.36,22,1,electronics,online,0.65,0.6,0.69,26.89,9.26,30028.9,0,0,137.2,0.49,0,0
00000000-0000-0000-5476-5cc8098f6173,usr_00390,1786486071.231306,5.77,22,1,utilities,online,0.04,0.6,0.611,2.12,4.93,168.9,1,1,23.42,0.49,0,0
00000000-0000-0000-528c-f6fb24b28845,usr_00775,1786486071.8970773,24.44,22,1,grocery,pos_contactless,0.05,0.1,0.964,10.32,4.58,45200.0,0,0,73.87,0.66,0,0
00000000-0000-0000-0a34-878def09c5d6,usr_00268,1786486076.989081,69.33,22,1,restaurant,pos_contactless,0.1,0.1,0.886,16.24,10.33,19804.0,0,0,163.58,1.7,0,0
00000000-0000-0000-2ea5-cd788399d583,usr_00957,1786486080.40914,128.27,22,1,utilities,online,0.04,0.6,0.648,3.53,3.57,40390.6,0,0,927.2,0.55,0,0
00000000-0000-0000-1655-017cfb052042,usr_00920,1786486103.709648,21.5,22,1,health,online,0.08,0.6,0.949,1.7,2.83,762.7,0,1,49.06,0.88,0,0
00000000-0000-0000-35a6-381a84ac55d3,usr_00174,1786486104.3089352,19.97,22,1,health,online,0.08,0.6,0.689,7.84,2.77,25237.4,0,0,60.74,0.99,0,0
00000000-0000-0000-3ac9-982f82f267f9,usr_00601,1786486116.472511,26.13,22,1,grocery,online,0.05,0.6,0.88,6.16,1.95,32227.4,0,0,41.58,1.26,0,0
00000000-0000-0000-4d07-0516fe29ed21,usr_00328,1786486196.2894552,14.09,22,1,health,atm,0.08,0.25,0.694,5.73,18.88,32928.0,0,0,88.11,0.64,0,0
00000000-0000-0000-640d-fa475107fa87,usr_00587,1786486199.793363,18.05,22,1,grocery,online,0.05,0.6,0.736,6.81,2.54,39149.1,0,0,266.09,0.34,0,0
00000000-0000-0000-3a80-f0b76796fba4,usr_00710,1786486205.4857924,44.56,22,1,travel,pos_chip,0.4,0.05,0.809,2.45,1.11,8774.0,0,0,250.86,1.24,0,0
00000000-0000-0000-7e89-7041800a1c2b,usr_00094,1786486212.592347,19.98,22,1,restaurant,pos_contactless,0.1,0.1,0.895,4.44,9.7,19144.0,0,0,22.26,1.8,0,0
00000000-0000-0000-48ef-9a5223ba50ba,usr_00694,1786486237.8313527,18.64,22,1,utilities,online,0.04,0.6,0.914,2.28,7.14,61056.9,0,0,12.96,1.44,0,0
00000000-0000-0000-5e33-f3871f4267e4,usr_00557,1786486266.0350003,17.31,22,1,restaurant,pos_chip,0.1,0.05,0.951,6.61,11.45,8405.1,0,0,80.53,0.86,0,0
00000000-0000-0000-2dd6-6a4a8bda33ce,usr_00890,1786486271.5332694,15.36,22,1,grocery,online,0.05,0.6,0.986,10.86,4.25,18717.2,0,0,44.55,0.69,0,0
00000000-0000-0000-5772-b90468a035f4,usr_00097,1786486283.4269886,23.84,22,1,health,online,0.08,0.6,0.899,0.14,3.95,6208.8,0,0,38.31,1.24,0,0
00000000-0000-0000-57ba-538f9dbdae38,usr_00882,1786486294.6680908,39.15,22,1,health,online,0.08,0.6,0.744,10.03,4.51,36293.4,0,0,16.02,4.89,0,0
00000000-0000-0000-097d-5e20fef1e336,usr_00185,1786486299.13988,40.51,22,1,grocery,online,0.05,0.6,0.79,4.78,2.41,21971.2,0,0,193.47,0.63,0,0
00000000-0000-0000-02ce-2e042b5fd744,usr_00988,1786486304.1306376,26.06,22,1,restaurant,pos_contactless,0.1,0.1,0.741,0.85,5.32,26098.4,0,0,19.43,1.34,0,0
00000000-0000-0000-0b96-4e5624437dc6,usr_00366,1786486361.552155,16.43,22,1,gaming,pos_contactless,0.7,0.1,0.887,21.16,1.22,5981.6,0,0,130.35,0.5,0,0
00000000-0000-0000-695f-72b1da553aca,usr_00374,1786486364.2761457,57.18,22,1,utilities,p2p,0.04,0.45,0.759,19.23,2.86,6754.1,0,0,494.77,0.81,0,0
00000000-0000-0000-6ba7-59a60545bfdb,usr_00955,1786486375.9886413,139.84,22,1,grocery,pos_contactless,0.05,0.1,0.957,13.41,0.5,8522.6,0,0,641.18,1.53,0,0
00000000-0000-0000-6721-cbcf4beb508d,usr_00951,1786486378.8570786,36.01,22,1,grocery,pos_chip,0.05,0.05,0.783,2.82,2.6,1810.2,0,1,259.51,0.69,0,0
00000000-0000-0000-6497-e0d58db0af14,usr_00931,1786486397.009662,35.98,22,1,health,pos_chip,0.08,0.05,0.805,4.86,15.79,45506.7,0,0,98.74,1.09,0,0
00000000-0000-0000-571d-3b67387227ac,usr_00045,1786486426.1325657,25.99,22,1,grocery,online,0.05,0.6,0.757,6.23,0.19,10851.7,0,0,109.28,0.71,0,0
00000000-0000-0000-5829-a5c59f50aecc,usr_00252,1786486441.0703666,76.31,22,1,utilities,pos_chip,0.04,0.05,0.926,23.03,6.84,1233.8,0,1,385.65,0.59,0,0
00000000-0000-0000-4826-81ffb3969c31,usr_00446,1786486449.1772358,40.76,22,1,general_retail,pos_chip,0.15,0.05,0.747,26.54,0.43,13165.4,0,0,143.42,0.57,0,0
00000000-0000-0000-4389-037b5c108b6f,usr_00382,1786486475.8519177,13.22,22,1,general_retail,pos_contactless,0.15,0.1,0.48,6.92,3.95,17341.3,0,0,74.71,1.06,0,0
00000000-0000-0000-5826-10caf012cc88,usr_00313,1786486483.143549,22.25,22,1,utilities,atm,0.04,0.25,0.774,0.25,6.36,24117.1,0,0,141.84,0.63,0,0
00000000-0000-0000-3163-8129e84ccda0,usr_00963,1786486528.0739408,30.27,22,1,general_retail,pos_chip,0.15,0.05,0.949,7.36,0.36,44071.5,0,0,39.69,0.76,0,0
00000000-0000-0000-48ff-23e609d06e65,usr_00044,1786486535.839861,23.7,22,1,restaurant,pos_chip,0.1,0.05,0.89,17.07,1.01,509.4,0,1,114.08,0.83,0,0
00000000-0000-0000-7be1-3a7e8cb908ca,usr_00614,1786486542.2586675,20.03,22,1,grocery,online,0.05,0.6,0.802,2.79,3.48,15284.8,0,0,40.92,0.98,0,0
00000000-0000-0000-44d9-226492a7e480,usr_00826,1786486609.0890212,24.86,22,1,travel,p2p,0.4,0.45,0.95,6.11,1.45,15637.0,0,0,205.85,0.6,0,0
00000000-0000-0000-6439-753c2312bec7,usr_00154,1786486679.1282022,28.0,22,1,utilities,pos_chip,0.04,0.05,0.803,58.99,7.94,15134.8,0,0,52.07,1.61,0,0
00000000-0000-0000-1e3d-0917128d1998,usr_00254,1786486686.8176591,125.85,22,1,travel,online,0.4,0.6,0.276,1191.16,1191.16,346.7,0,0,98.42,3.84,1,1
00000000-0000-0000-6d96-4c6fe43890eb,usr_00930,1786486752.1630266,59.1,22,1,grocery,atm,0.05,0.25,0.742,8.61,7.96,11553.7,0,0,271.56,1.52,0,0
00000000-0000-0000-4c6d-d8f3aa5f6b30,usr_00727,1786486821.2054067,45.7,22,1,utilities,pos_chip,0.04,0.05,0.755,8.45,2.39,9352.5,0,0,219.14,0.83,0,0
00000000-0000-0000-4ffb-4766d9837f62,usr_00870,1786486829.9030476,31.83,22,1,grocery,online,0.05,0.6,0.856,18.86,0.64,12176.8,0,0,396.67,0.56,0,0
00000000-0000-0000-063a-fd90704ecd54,usr_00108,1786486881.7050686,46.1,22,1,restaurant,pos_contactless,0.1,0.1,0.945,12.47,21.94,11297.3,0,0,138.56,1.0,0,0
00000000-0000-0000-6013-2fa19fb0a98b,usr_00240,1786487045.2467673,14.23,22,1,grocery,pos_chip,0.05,0.05,0.704,44.22,21.86,24839.5,0,0,58.77,0.73,0,0
00000000-0000-0000-7363-46b6e58d9d90,usr_00937,1786487045.722266,25.09,22,1,gaming,online,0.7,0.6,0.641,10.6,0.9,31865.5,0,0,43.17,0.58,0,0
00000000-0000-0000-305a-138d5859157a,usr_00091,1786487088.6130135,18.2,22,1,grocery,pos_chip,0.05,0.05,0.513,25.07,4.91,30569.8,0,0,34.7,0.52,0,0
00000000-0000-0000-1648-8fa7adcbd41d,usr_00854,1786487088.6467946,29.91,22,1,utilities,pos_chip,0.04,0.05,0.859,26.97,9.18,2576.3,0,1,142.24,0.84,0,0
00000000-0000-0000-704b-b399ca5d8fca,usr_00748,1786487145.7875497,10.42,22,1,electronics,atm,0.65,0.25,0.938,0.46,5.65,12050.1,0,0,113.57,0.37,0,0
00000000-0000-0000-24d1-2ba1b8ee3cdd,usr_00906,1786487150.017398,27.85,22,1,grocery,pos_chip,0.05,0.05,0.835,16.39,0.92,12241.7,0,0,129.7,1.29,0,0
00000000-0000-0000-49b4-b8e601caa9f4,usr_00197,1786487192.2626302,37.28,22,1,jewelry,online,0.8,0.6,0.718,2.44,1.28,9527.7,0,0,227.52,1.15,0,0
00000000-0000-0000-6cc8-1ba14322c2b5,usr_00701,1786487198.2797613,29.35,22,1,utilities,pos_chip,0.04,0.05,0.622,3.36,1.73,15073.4,0,0,70.42,0.83,1,0
00000000-0000-0000-2a48-306e0572a554,usr_00923,1786487208.3697522,30.01,22,1,gaming,pos_contactless,0.7,0.1,0.763,13.86,1.45,11241.1,0,0,109.98,0.82,0,0
00000000-0000-0000-0d61-c2a0eb2a4f70,usr_00192,1786487217.6036737,23.0,22,1,restaurant,pos_chip,0.1,0.05,0.855,2.86,8.77,86400.0,0,0,0.0,0.87,0,0
00000000-0000-0000-5f41-aeedf43ea52b,usr_00915,1786487228.3718429,52.65,22,1,gaming,p2p,0.7,0.45,0.758,6.85,6.82,9962.9,0,0,895.91,0.41,0,0
00000000-0000-0000-24b2-38cdf35a069e,usr_00492,1786487280.954279,48.27,22,1,grocery,online,0.05,0.6,0.814,16.04,8.12,11406.9,0,0,210.53,1.38,0,0
00000000-0000-0000-07d0-f7b036a7f0d5,usr_00097,1786487293.5788498,16.48,22,1,health,pos_chip,0.08,0.05,0.801,12.04,0.58,1010.2,0,1,62.15,0.8,0,0
00000000-0000-0000-35f0-162ec4030c8e,usr_00355,1786487309.227348,54.09,22,1,utilities,online,0.04,0.6,0.908,14.31,1.24,11314.3,0,0,211.44,1.02,0,0
00000000-0000-0000-5ef6-2120364bcd42,usr_00622,1786487310.6693606,45.67,22,1,restaurant,online,0.1,0.6,0.874,0.35,1.17,3148.0,0,1,301.4,0.91,0,0
00000000-0000-0000-486d-f8ace770588a,usr_00154,1786487326.3048267,20.84,22,1,general_retail,online,0.15,0.6,0.653,6.32,12.99,647.2,0,1,80.07,1.04,0,0
00000000-0000-0000-52fc-46328122892e,usr_00039,1786487333.5487592,52.88,22,1,electronics,pos_contactless,0.65,0.1,0.708,12.95,0.72,5213.7,0,0,210.16,1.01,0,0
00000000-0000-0000-4d03-58b2629a2a57,usr_00339,1786487343.5985346,98.66,22,1,utilities,pos_chip,0.04,0.05,0.946,0.92,3.15,66352.9,0,0,56.18,1.76,0,0
00000000-0000-0000-796f-1da5ea9393ee,usr_00736,1786487374.5400183,149.29,22,1,grocery,pos_chip,0.05,0.05,0.854,1.9,2.93,11276.2,0,0,241.35,3.09,0,0
00000000-0000-0000-59f6-e09d0232d50a,usr_00918,1786487383.1886063,37.22,22,1,gaming,pos_contactless,0.7,0.1,0.929,10.73,0.14,69987.4,0,0,187.09,0.4,0,0
00000000-0000-0000-250c-79f3d7c8750c,usr_00953,1786487394.4348538,13.79,22,1,grocery,pos_chip,0.05,0.05,0.947,13.82,2.31,17082.1,0,0,219.96,0.63,0,0
00000000-0000-0000-462a-6fbdc7748b35,usr_00762,1786487420.3796964,59.13,22,1,grocery,pos_chip,0.05,0.05,0.579,13.52,3.73,15132.8,0,0,325.66,0.91,0,0
00000000-0000-0000-20ba-9fd25105144a,usr_00227,1786487430.4952097,269.03,22,1,restaurant,pos_chip,0.1,0.05,0.974,15.27,5.28,38140.1,0,0,333.3,1.61,0,0
00000000-0000-0000-0609-f8e3a74b9601,usr_00530,1786487459.3181298,16.6,22,1,grocery,pos_chip,0.05,0.05,0.882,55.13,6.8,23738.9,0,0,93.6,0.35,0,0
00000000-0000-0000-6eae-039838149e22,usr_00887,1786487464.2920983,36.27,22,1,health,atm,0.08,0.25,0.72,7.89,6.04,8623.9,0,0,71.66,1.52,0,0
00000000-0000-0000-7323-636e40f446b7,usr_00333,1786487466.3962445,14.42,22,1,utilities,online,0.04,0.6,0.653,32.87,8.24,21457.0,0,0,137.96,0.52,0,0
00000000-0000-0000-22af-a8a9d6da4340,usr_00233,1786487473.8561018,129.61,22,1,restaurant,pos_contactless,0.1,0.1,0.522,2.95,3.8,30059.5,0,0,94.9,2.73,0,0
00000000-0000-0000-31e2-918a4b8515bd,usr_00527,1786487494.7582421,52.32,22,1,restaurant,pos_chip,0.1,0.05,0.467,11.54,2.72,10183.3,0,0,207.22,1.01,0,0
00000000-0000-0000-0a33-c59baef323d3,usr_00791,1786487501.0887456,17.83,22,1,health,pos_chip,0.08,0.05,0.77,7.42,1.36,56259.1,0,0,53.75,1.33,0,0
00000000-0000-0000-05ea-5608ffd99b44,usr_00991,1786487628.527765,136.49,22,1,crypto,pos_chip,0.9,0.05,0.683,0.95,6.48,5397.1,0,0,502.44,1.36,0,0
00000000-0000-0000-2167-1e1e545863ca,usr_00497,1786487655.6264668,31.83,22,1,grocery,p2p,0.05,0.45,0.78,62.71,2.96,5990.9,0,0,201.81,0.95,0,0
00000000-0000-0000-7a9f-613739299b50,usr_00194,1786487666.412904,15.62,22,1,jewelry,pos_chip,0.8,0.05,0.735,9.57,12.15,1760.9,0,1,101.81,0.77,0,0
00000000-0000-0000-48cf-3bc2a06334e2,usr_00818,1786487790.9660137,43.65,22,1,gaming,pos_chip,0.7,0.05,0.709,6.46,2.66,6148.3,0,0,67.02,1.3,0,0
00000000-0000-0000-35a0-ce69787f184a,usr_00221,1786487802.675639,60.18,22,1,travel,pos_chip,0.4,0.05,0.832,1.86,2.02,21300.0,0,0,147.71,1.63,0,0
00000000-0000-0000-0d08-16b3d81db324,usr_00828,1786487802.9490824,49.79,22,1,gaming,online,0.7,0.6,0.783,17.34,1.56,7589.9,0,0,306.47,0.81,0,0
00000000-0000-0000-0aa8-bb81973fe451,usr_00817,1786487819.322624,30.54,22,1,health,pos_chip,0.08,0.05,0.83,2.37,0.79,11697.5,0,0,68.07,0.9,0,0
00000000-0000-0000-67e9-bc654ab2404f,usr_00720,1786487850.6832142,23.79,22,1,utilities,pos_chip,0.04,0.05,0.472,8.99,4.67,14097.4,0,0,78.8,0.91,0,0
00000000-0000-0000-5434-1d80cab1fa09,usr_00519,1786487859.208397,133.4,22,1,electronics,pos_chip,0.65,0.05,0.896,6.3,4.6,29557.2,0,0,260.78,2.56,0,0
00000000-0000-0000-3124-ad2ec1b12961,usr_00430,1786487861.9770372,19.83,22,1,restaurant,online,0.1,0.6,0.764,24.49,3.98,57593.7,0,0,19.01,2.09,0,0
00000000-0000-0000-2133-685b0fa9d33b,usr_00625,1786487934.9402804,20.92,22,1,utilities,online,0.04,0.6,0.683,10.95,6.59,2458.6,0,1,198.58,0.63,0,0
00000000-0000-0000-70ed-25cd91fc58be,usr_00740,1786487948.6435225,59.49,22,1,crypto,online,0.9,0.6,0.843,13.26,1.21,51032.2,0,0,224.52,0.79,0,0
00000000-0000-0000-7cfa-e6c98e992f08,usr_00442,1786487981.8221688,28.17,22,1,restaurant,pos_contactless,0.1,0.1,0.984,10.93,26.41,90494.6,0,0,0.0,0.68,0,0
00000000-0000-0000-0bde-fb3b6f920754,usr_00346,1786488028.9427056,28.51,22,1,utilities,atm,0.04,0.25,0.54,7.43,0.51,14731.4,0,0,96.87,1.47,0,0
00000000-0000-0000-6094-96887914be4f,usr_00028,1786488050.404896,73.28,22,1,utilities,online,0.04,0.6,0.698,18.89,5.87,27693.7,0,0,211.57,1.39,1,0
00000000-0000-0000-3a0d-14ca364da90c,usr_00561,1786488069.6998382,27.77,22,1,general_retail,pos_contactless,0.15,0.1,0.811,3.94,1.54,7121.7,0,0,147.26,0.75,0,0
00000000-0000-0000-160e-18440fc0d065,usr_00165,1786488086.8235834,27.28,22,1,electronics,online,0.65,0.6,0.724,24.52,0.66,69570.7,0,0,114.52,0.48,0,0
00000000-0000-0000-05a3-9869fd57bb00,usr_00769,1786488159.025052,64.46,22,1,restaurant,pos_chip,0.1,0.05,0.915,21.48,2.13,24446.7,0,0,104.51,1.23,0,0
00000000-0000-0000-26a6-585440694ff7,usr_00636,1786488168.8228793,40.33,22,1,electronics,pos_chip,0.65,0.05,0.827,17.11,6.49,10488.9,0,0,231.38,1.22,0,0
00000000-0000-0000-73b3-7c0d896f1ae7,usr_00076,1786488204.7663574,42.12,22,1,general_retail,online,0.15,0.6,0.828,10.39,0.67,14739.8,0,0,54.46,2.32,0,0
00000000-0000-0000-2726-e6296f822514,usr_00408,1786488225.1093562,10.02,22,1,travel,pos_chip,0.4,0.05,0.648,7.12,1.4,14958.1,0,0,37.9,1.32,0,0
00000000-0000-0000-76da-8e0ff5291446,usr_00408,1786488228.0645142,14.77,22,1,restaurant,online,0.1,0.6,0.827,0.76,0.32,3.0,1,1,47.92,1.85,0,0
00000000-0000-0000-350d-68b63d9f960f,usr_00061,1786488258.9697447,13.76,22,1,general_retail,online,0.15,0.6,0.677,3.34,4.84,86400.0,0,0,0.0,0.51,0,0
00000000-0000-0000-6760-ca281dba34a1,usr_00829,1786488304.958128,8.34,22,1,jewelry,pos_chip,0.8,0.05,0.803,1.13,8.04,31565.6,0,0,21.28,0.78,0,0
00000000-0000-0000-0e29-470204cd2835,usr_00890,1786488316.8037002,17.62,22,1,health,pos_contactless,0.08,0.1,0.974,18.45,3.44,2045.3,0,1,59.91,0.88,0,0
00000000-0000-0000-7741-0b5f7d3fee16,usr_00097,1786488341.9901004,11.71,22,1,crypto,online,0.9,0.6,0.797,6.91,30.09,1048.4,0,2,78.63,0.6,0,0
00000000-0000-0000-0c30-566924872333,usr_00677,1786488356.4979556,41.19,22,1,utilities,pos_chip,0.04,0.05,0.801,31.37,28.94,39255.8,0,0,124.74,0.99,0,0
00000000-0000-0000-7831-22e00cd4db35,usr_00200,1786488357.0982769,26.38,22,1,utilities,online,0.04,0.6,0.897,41.36,7.48,14464.8,0,0,408.64,0.58,0,0
00000000-0000-0000-58c2-3a66ca0e7f19,usr_00879,1786488369.100677,41.26,22,1,utilities,pos_contactless,0.04,0.1,0.93,1.01,3.37,34055.7,0,0,125.99,0.98,0,0
00000000-0000-0000-3eb2-0adf92f0cf49,usr_00372,1786488382.7881758,78.08,22,1,health,pos_chip,0.08,0.05,0.779,9.74,0.55,40789.1,0,0,131.69,1.19,0,0
00000000-0000-0000-3bff-1a347bd43048,usr_00587,1786488558.91001,15.42,22,1,health,atm,0.08,0.25,0.881,4.86,1.08,2359.1,0,1,284.14,0.33,0,0
00000000-0000-0000-0037-a1547ba525fe,usr_00321,1786488585.1274664,22.74,22,1,restaurant,online,0.1,0.6,0.812,50.01,0.99,12404.2,0,0,109.3,0.83,0,0
00000000-0000-0000-6557-6ab80bf1e138,usr_00721,1786488590.5529685,89.18,22,1,grocery,pos_contactless,0.05,0.1,0.626,1.38,1.51,33701.9,0,0,97.57,1.83,0,0
00000000-0000-0000-1c45-4391496e86eb,usr_00391,1786488605.1684508,148.43,22,1,general_retail,online,0.15,0.6,0.604,2.5,3.79,20515.0,0,0,117.4,3.79,0,0
00000000-0000-0000-6f62-c9b93d9fad40,usr_00623,1786488608.4011405,31.7,22,1,general_retail,atm,0.15,0.25,0.97,4.17,12.71,68887.9,0,0,23.86,1.33,0,0
00000000-0000-0000-1035-b3c3285b7186,usr_00595,1786488662.516247,35.54,22,1,health,p2p,0.08,0.45,0.901,13.51,0.88,32134.9,0,0,101.36,1.05,0,0
00000000-0000-0000-242b-0b9cb5b803c9,usr_00102,1786488717.4231427,24.53,22,1,restaurant,online,0.1,0.6,0.921,10.31,3.7,34477.0,0,0,113.2,0.65,0,0
00000000-0000-0000-72a4-a8f1ac398f27,usr_00481,1786488757.4387052,134.66,22,1,general_retail,pos_chip,0.15,0.05,0.722,1.19,1.88,14874.7,0,0,347.02,1.55,0,0
00000000-0000-0000-22a1-3b05a868d001,usr_00210,1786488766.3749826,63.06,22,1,restaurant,online,0.1,0.6,0.822,16.01,14.84,79126.1,0,0,43.19,1.46,0,0
00000000-0000-0000-25e2-759907823d14,usr_00692,1786488767.7571945,83.94,22,1,utilities,pos_chip,0.04,0.05,0.837,3.86,1.73,16704.6,0,0,153.04,2.19,0,0
00000000-0000-0000-661b-8749f608d36e,usr_00065,1786488778.7140799,67.37,22,1,restaurant,online,0.1,0.6,0.806,14.37,0.79,14819.2,0,0,180.47,1.12,0,0
00000000-0000-0000-7cdd-eeda74c09a1c,usr_00118,1786488835.8244252,143.39,22,1,grocery,pos_chip,0.05,0.05,0.669,1.46,1.55,86400.0,0,0,0.0,1.66,0,0
00000000-0000-0000-08c0-1b93be485cea,usr_00556,1786488885.4653563,9.16,22,1,grocery,online,0.05,0.6,0.69,10.63,0.82,7456.4,0,0,110.44,0.5,0,0
00000000-0000-0000-6f51-c014d85595d7,usr_00239,1786488889.4954183,16.73,22,1,restaurant,online,0.1,0.6,0.722,11.78,3.31,5629.0,0,0,307.24,0.44,0,0
00000000-0000-0000-5f7d-94a52602e3a0,usr_00408,1786488915.3365734,9.18,22,1,grocery,pos_chip,0.05,0.05,0.86,4.27,9.01,687.3,0,2,62.69,1.03,0,0
00000000-0000-0000-6528-293efb405797,usr_00466,1786488929.836082,26.74,22,1,travel,pos_chip,0.4,0.05,0.794,35.07,4.44,20466.3,0,0,30.25,0.88,0,0
00000000-0000-0000-7521-5a8d7d856040,usr_00245,1786488956.2426364,31.01,22,1,electronics,online,0.65,0.6,0.672,2.88,3.43,13677.0,0,0,58.34,2.13,0,0
00000000-0000-0000-5baf-118efba3e3b5,usr_00943,1786488983.6267765,129.34,22,1,restaurant,pos_chip,0.1,0.05,0.574,4.46,2.12,44586.4,0,0,90.18,1.43,0,0
00000000-0000-0000-2117-b32ac9dd1b35,usr_00476,1786488986.062736,48.05,22,1,utilities,pos_chip,0.04,0.05,0.733,8.23,6.36,54533.1,0,0,30.66,1.57,0,0
00000000-0000-0000-4b02-1cfe464a58e6,usr_00557,1786488998.4076195,15.99,22,1,electronics,pos_contactless,0.65,0.1,0.813,6.67,0.52,2732.4,0,1,97.84,0.82,0,0
00000000-0000-0000-1b3c-4fc71c7c5773,usr_00346,1786489004.1006465,28.27,22,1,grocery,pos_contactless,0.05,0.1,0.805,12.26,0.16,975.2,0,1,125.38,1.35,0,0
00000000-0000-0000-7c2c-547603868e0b,usr_00444,1786489022.7149923,12.25,22,1,grocery,online,0.05,0.6,0.872,13.1,3.32,16247.1,0,0,225.33,0.49,0,0
00000000-0000-0000-2252-8f108bc7461c,usr_00990,1786489026.6493008,39.59,22,1,restaurant,pos_chip,0.1,0.05,0.728,6.66,0.38,19102.5,0,0,32.73,1.21,0,0
00000000-0000-0000-423c-47b7e4d6754e,usr_00177,1786489035.738151,67.7,22,1,restaurant,pos_contactless,0.1,0.1,0.915,1.83,5.69,3842.2,0,0,190.35,2.13,0,0
00000000-0000-0000-3b5d-4b135653af50,usr_00805,1786489047.0712137,88.81,22,1,travel,pos_chip,0.4,0.05,0.83,3.72,3.69,9712.5,0,0,382.81,1.16,0,0
00000000-0000-0000-684b-96d341fd7d4a,usr_00166,1786489060.586042,71.13,22,1,grocery,pos_contactless,0.05,0.1,0.957,6.0,0.73,21824.3,0,0,372.69,0.95,0,0
00000000-0000-0000-2fc3-53d2b4555e68,usr_00970,1786489100.9266186,41.64,22,1,restaurant,atm,0.1,0.25,0.846,0.34,7.15,54982.6,0,0,13.42,3.1,0,0
00000000-0000-0000-23c7-3a4caccc774b,usr_00446,1786489101.162421,27.62,22,1,utilities,pos_chip,0.04,0.05,0.85,7.4,4.24,2652.0,0,1,184.18,0.45,1,0
00000000-0000-0000-7e54-08fcf607e1e1,usr_00938,1786489157.2405794,73.52,22,1,utilities,online,0.04,0.6,0.769,16.5,2.71,12757.2,0,0,256.22,1.43,0,0
00000000-0000-0000-1866-5112832d88c8,usr_00155,1786489175.476726,47.48,22,1,general_retail,pos_chip,0.15,0.05,0.909,5.01,9.05,10857.3,0,0,895.42,0.42,0,0
00000000-0000-0000-70e3-bd39315161de,usr_00787,1786489199.3159256,44.77,22,1,general_retail,pos_contactless,0.15,0.1,0.686,22.79,0.16,58892.2,0,0,25.55,3.5,0,0
00000000-0000-0000-4875-87c6abe6a746,usr_00159,1786489202.6914654,26.94,23,1,grocery,pos_chip,0.05,0.05,0.773,4.18,1.57,45803.4,0,0,60.6,0.89,0,0
00000000-0000-0000-3c8c-3e3f8348d978,usr_00270,1786489225.4459796,31.23,23,1,grocery,pos_chip,0.05,0.05,0.985,18.58,3.17,5339.3,0,0,33.61,2.79,0,0
00000000-0000-0000-6584-a0ade9b99090,usr_00144,1786489238.0503511,23.19,23,1,crypto,pos_contactless,0.9,0.1,0.675,8.85,3.19,12563.5,0,0,15.22,1.52,0,0
00000000-0000-0000-3c6e-2045fdec1910,usr_00841,1786489241.6905382,30.77,23,1,travel,pos_chip,0.4,0.05,0.778,24.55,0.03,22690.2,0,0,147.02,0.84,0,0
00000000-0000-0000-3f20-bdc83b09dc9e,usr_00359,1786489265.9509668,51.83,23,1,grocery,p2p,0.05,0.45,0.882,7.01,3.0,20656.3,0,0,78.73,1.97,0,0
00000000-0000-0000-1819-b8d34a7f4aab,usr_00638,1786489269.7062979,38.77,23,1,grocery,pos_chip,0.05,0.05,0.716,12.92,15.1,28429.3,0,0,39.76,0.98,0,0
00000000-0000-0000-1653-25f23d131a7f,usr_00459,1786489273.6593451,20.27,23,1,electronics,pos_chip,0.65,0.05,0.804,1.38,4.22,24072.5,0,0,247.12,0.49,0,0
00000000-0000-0000-7690-e7d55813b8fe,usr_00527,1786489365.3188512,140.25,23,1,electronics,online,0.65,0.6,0.079,1363.69,117.83,1870.6,0,1,259.54,2.7,1,1
00000000-0000-0000-36b7-27b518c30849,usr_00524,1786489383.4028678,29.1,23,1,grocery,atm,0.05,0.25,0.931,6.75,2.7,29616.9,0,0,506.13,0.29,0,0
00000000-0000-0000-5c41-4705ad176f7e,usr_00746,1786489424.4240737,56.46,23,1,grocery,pos_chip,0.05,0.05,0.745,0.46,3.47,17234.6,0,0,457.74,0.37,0,0
00000000-0000-0000-6ffe-772c16f314bd,usr_00637,1786489426.1450882,21.17,23,1,grocery,pos_chip,0.05,0.05,0.649,19.62,2.67,71773.9,0,0,23.89,1.77,0,0
00000000-0000-0000-7b5e-729c544da5e7,usr_00619,1786489438.9057596,62.96,23,1,grocery,pos_chip,0.05,0.05,0.754,6.33,1.78,58088.3,0,0,108.76,1.16,0,0
00000000-0000-0000-6435-d2becd54332f,usr_00435,1786489441.9182796,23.12,23,1,utilities,atm,0.04,0.25,0.973,40.24,0.8,14654.8,0,0,24.39,0.95,0,0
00000000-0000-0000-0fa4-66aec0bb83c6,usr_00586,1786489446.9722412,31.53,23,1,utilities,online,0.04,0.6,0.926,8.74,4.75,26920.0,0,0,74.36,2.54,0,0
00000000-0000-0000-0874-0e32f2bd8e24,usr_00365,1786489483.543965,97.13,23,1,restaurant,atm,0.1,0.25,0.858,25.76,5.21,10631.3,0,0,332.57,0.88,0,0
00000000-0000-0000-52ec-9774f9399a09,usr_00605,1786489495.5002277,24.46,23,1,general_retail,pos_chip,0.15,0.05,0.498,4.68,4.83,34217.0,0,0,525.86,0.33,0,0
00000000-0000-0000-7021-01b81ea544e9,usr_00698,1786489630.895651,17.74,23,1,grocery,online,0.05,0.6,0.86,11.08,3.16,86400.0,0,0,0.0,0.93,0,0
00000000-0000-0000-1d4a-80178e2de55b,usr_00768,1786489633.1780496,9.19,23,1,gaming,pos_chip,0.7,0.05,0.626,0.83,0.97,20863.7,0,0,62.1,0.74,0,0
00000000-0000-0000-4a28-a50e2d161b04,usr_00425,1786489646.3401978,35.45,23,1,grocery,atm,0.05,0.25,0.961,7.97,22.65,28478.4,0,0,45.24,1.57,0,0
00000000-0000-0000-5347-92cf224a8866,usr_00638,1786489654.1122098,77.71,23,1,utilities,pos_chip,0.04,0.05,0.9,24.23,10.45,384.4,0,1,78.53,1.98,0,0
00000000-0000-0000-1939-488cc7089180,usr_00765,1786489661.0903895,15.78,23,1,utilities,atm,0.04,0.25,0.644,7.88,3.47,26885.8,0,0,39.42,1.6,0,0
00000000-0000-0000-36ac-0a5af5b6c41c,usr_00736,1786489667.2124548,46.05,23,1,grocery,pos_chip,0.05,0.05,0.718,16.33,4.03,2292.7,0,1,390.64,0.71,0,0
00000000-0000-0000-6a6b-ba24652a378b,usr_00411,1786489690.0781898,23.91,23,1,restaurant,online,0.1,0.6,0.738,19.05,2.1,41913.5,0,0,23.03,2.08,0,0
00000000-0000-0000-70cd-41054c35ac35,usr_00664,1786489696.2967978,27.51,23,1,utilities,online,0.04,0.6,0.902,18.78,5.21,42164.6,0,0,147.31,0.75,0,0
00000000-0000-0000-2164-dda53289434e,usr_00294,1786489722.4773967,20.51,23,1,travel,pos_chip,0.4,0.05,0.849,1.31,1.72,48578.2,0,0,57.09,0.72,1,0
00000000-0000-0000-2aa0-1c82a09a3ff5,usr_00140,1786489734.9579482,24.88,23,1,grocery,pos_contactless,0.05,0.1,0.874,16.72,0.77,25901.0,0,0,84.18,0.89,0,0
00000000-0000-0000-5f1c-b8cfa9bbcabf,usr_00887,1786489759.400133,40.26,23,1,grocery,pos_contactless,0.05,0.1,0.948,1.66,2.44,2295.1,0,1,107.93,1.49,0,0
00000000-0000-0000-1be5-565d5961ff12,usr_00670,1786489764.5441778,96.72,23,1,grocery,online,0.05,0.6,0.727,16.44,0.31,85139.0,0,0,93.62,1.03,0,0
00000000-0000-0000-44e3-d097709355c6,usr_00340,1786489824.8751967,10.27,23,1,grocery,p2p,0.05,0.45,0.654,0.97,2.46,13962.4,0,0,37.75,1.36,0,0
00000000-0000-0000-3fb0-d2e3f42995ca,usr_00999,1786489864.9872282,108.54,23,1,travel,online,0.4,0.6,0.687,0.61,3.98,20747.2,0,0,421.97,0.77,0,0
00000000-0000-0000-2ce2-a57586ce5ff4,usr_00013,1786489885.4566886,135.28,23,1,general_retail,pos_contactless,0.15,0.1,0.954,18.54,11.43,59620.5,0,0,266.57,1.52,0,0
00000000-0000-0000-365f-6fc0f8edc417,usr_00218,1786489929.1602395,25.61,23,1,restaurant,online,0.1,0.6,0.813,18.25,0.64,15413.4,0,0,1244.1,0.16,0,0
00000000-0000-0000-5aa5-7d899915e043,usr_00991,1786489948.121518,100.28,23,1,restaurant,online,0.1,0.6,0.838,5.27,2.52,2319.6,0,1,638.93,0.94,0,0
00000000-0000-0000-4fe6-07d5a3439f4e,usr_00521,1786489948.292162,21.67,23,1,utilities,online,0.04,0.6,0.803,5.07,8.23,20626.4,0,0,133.77,0.81,0,0
00000000-0000-0000-5dee-f5bda68092c8,usr_00850,1786489966.2914755,36.41,23,1,restaurant,pos_chip,0.1,0.05,0.739,12.5,0.63,34139.1,0,0,166.49,0.87,0,0
00000000-0000-0000-7ee6-14d8a3581752,usr_00440,1786489978.7288876,31.03,23,1,general_retail,atm,0.15,0.25,0.889,6.87,19.95,13818.0,0,0,119.49,1.04,1,0
00000000-0000-0000-02e5-3a5eba4da5ee,usr_00357,1786489990.3951604,43.08,23,1,restaurant,pos_contactless,0.1,0.1,0.862,0.79,18.35,10352.3,0,0,99.28,0.87,0,0
00000000-0000-0000-410e-215f49f011ff,usr_00451,1786490021.0140185,26.57,23,1,electronics,online,0.65,0.6,0.513,5.4,4.08,9833.2,0,0,296.35,0.45,0,0
00000000-0000-0000-1940-79c587ab1f25,usr_00130,1786490025.0680857,34.72,23,1,general_retail,online,0.15,0.6,0.748,11.09,4.32,10772.7,0,0,28.13,1.23,0,0
00000000-0000-0000-0e18-e177fb291918,usr_00751,1786490090.1876593,24.59,23,1,jewelry,pos_chip,0.8,0.05,0.699,2.32,11.47,29419.5,0,0,27.72,0.89,0,0
00000000-0000-0000-4efa-e8aacfa37df3,usr_00396,1786490120.3999212,38.47,23,1,restaurant,online,0.1,0.6,0.728,14.76,15.33,15694.0,0,0,366.4,0.52,0,0
00000000-0000-0000-046a-4733167c008e,usr_00219,1786490137.252782,23.58,23,1,restaurant,p2p,0.1,0.45,0.829,16.92,0.35,18979.9,0,0,67.73,1.04,0,0
00000000-0000-0000-0836-3f4b4636f175,usr_00637,1786490147.484709,12.63,23,1,restaurant,online,0.1,0.6,0.896,3.75,1.12,721.3,0,1,45.06,0.84,0,0
00000000-0000-0000-409a-ffef0fdc9f84,usr_00943,1786490203.6289837,86.08,23,1,restaurant,pos_contactless,0.1,0.1,0.304,28.82,0.48,1220.0,0,1,219.52,0.78,0,0
00000000-0000-0000-23cc-a59504e94906,usr_00155,1786490212.4114673,62.17,23,1,electronics,online,0.65,0.6,0.881,27.83,0.81,1036.9,0,1,942.9,0.59,0,0
00000000-0000-0000-4807-b46d7f6f56b1,usr_00477,1786490318.0814555,47.55,23,1,utilities,pos_contactless,0.04,0.1,0.977,0.97,0.17,11375.0,0,0,30.23,3.15,0,0
00000000-0000-0000-4727-fe27e11ff4c8,usr_00364,1786490340.7754862,47.94,23,1,utilities,pos_chip,0.04,0.05,0.951,10.85,9.11,38619.7,0,0,81.37,1.18,0,0
00000000-0000-0000-60f1-aa877b4a73bd,usr_00761,1786490410.9636254,50.29,23,1,utilities,pos_chip,0.04,0.05,0.434,0.76,4.25,55210.7,0,0,222.96,0.9,0,0
00000000-0000-0000-03b9-24631a52a1e8,usr_00998,1786490419.059499,43.62,23,1,utilities,pos_contactless,0.04,0.1,0.854,5.11,4.24,34973.0,0,0,279.32,0.78,0,0
00000000-0000-0000-7c22-c2c7476e16ff,usr_00208,1786490492.1016455,18.01,23,1,general_retail,pos_chip,0.15,0.05,0.81,14.92,7.75,58037.0,0,0,30.71,1.17,0,0
00000000-0000-0000-063c-301971ec2d68,usr_00361,1786490538.6482406,57.84,23,1,grocery,pos_contactless,0.05,0.1,0.779,9.35,24.74,27690.2,0,0,124.86,1.39,0,0
00000000-0000-0000-509b-98a19f33d9dc,usr_00855,1786490542.6220562,56.99,23,1,restaurant,online,0.1,0.6,0.781,2.66,5.4,94703.5,0,0,0.0,1.71,0,0
00000000-0000-0000-1da0-7b3f547265d5,usr_00971,1786490584.9039185,23.12,23,1,grocery,pos_chip,0.05,0.05,0.208,35.49,1.05,39807.2,0,0,10.15,2.28,0,0
00000000-0000-0000-6cae-839096ba7730,usr_00432,1786490611.2361994,71.67,23,1,utilities,pos_chip,0.04,0.05,0.834,11.98,0.69,43039.9,0,0,84.09,2.56,0,0
00000000-0000-0000-3ea9-80b7d2dd29fc,usr_00461,1786490611.951651,17.71,23,1,utilities,online,0.04,0.6,0.854,6.01,5.68,11988.7,0,0,92.43,0.77,0,0
00000000-0000-0000-3e12-728daeeae5d1,usr_00420,1786490676.2741768,16.91,23,1,utilities,online,0.04,0.6,0.889,5.71,1.19,38887.1,0,0,32.94,0.51,0,0
00000000-0000-0000-4726-993bcb7169f1,usr_00411,1786490681.356757,5.78,23,1,grocery,pos_chip,0.05,0.05,0.907,7.48,16.39,991.3,0,1,46.94,0.37,0,0
00000000-0000-0000-607f-b41be23e8eed,usr_00199,1786490682.9298217,16.07,23,1,electronics,pos_contactless,0.65,0.1,0.876,4.73,0.81,7779.2,0,0,228.0,0.42,0,0
00000000-0000-0000-192a-bd6c092643e4,usr_00803,1786490684.70024,23.54,23,1,grocery,pos_chip,0.05,0.05,0.649,42.61,1.41,15623.4,0,0,192.84,0.37,0,0
00000000-0000-0000-5ef4-bfc58a8422bf,usr_00859,1786490688.059306,71.08,23,1,electronics,pos_chip,0.65,0.05,0.823,15.43,2.21,16637.4,0,0,60.15,1.18,0,0
00000000-0000-0000-79a2-7d667d174300,usr_00869,1786490731.1276066,45.3,23,1,restaurant,online,0.1,0.6,0.858,30.19,0.14,49724.0,0,0,52.33,1.73,0,0
00000000-0000-0000-7bc7-7e652ab0d0c1,usr_00886,1786490754.4558547,67.11,23,1,utilities,pos_chip,0.04,0.05,0.591,1.03,5.62,6309.7,0,0,623.52,0.75,0,0
00000000-0000-0000-2409-1a045d8d9a08,usr_00808,1786490777.5844054,35.64,23,1,grocery,online,0.05,0.6,0.787,2.56,3.34,10967.4,0,0,97.58,1.46,0,0
00000000-0000-0000-3400-3e532b45b382,usr_00670,1786490777.75292,38.06,23,1,crypto,online,0.9,0.6,0.943,10.68,19.4,1013.2,0,1,190.34,0.4,0,0
00000000-0000-0000-51ea-ea8d420a2f8c,usr_00709,1786490794.6110399,48.01,23,1,health,pos_chip,0.08,0.05,0.903,9.74,5.23,33608.5,0,0,171.69,0.84,0,0
00000000-0000-0000-7db8-d19105c7374d,usr_00675,1786490830.0885408,22.36,23,1,general_retail,pos_contactless,0.15,0.1,0.843,9.09,2.15,9936.0,0,0,295.47,0.53,0,0
00000000-0000-0000-5b48-88f2ceadfc66,usr_00133,1786490843.180075,36.17,23,1,restaurant,atm,0.1,0.25,0.82,7.09,3.71,25523.6,0,0,157.23,0.92,0,0
00000000-0000-0000-2bba-b1cc00fe177e,usr_00579,1786490849.5331929,32.49,23,1,grocery,online,0.05,0.6,0.837,15.84,3.56,10417.6,0,0,237.08,0.55,0,0
00000000-0000-0000-52a8-f1c41441a476,usr_00274,1786490860.9991407,215.83,23,1,grocery,online,0.05,0.6,0.863,2.84,17.45,86400.0,0,0,0.0,2.54,0,0
00000000-0000-0000-62a3-dc72b1d5c9f5,usr_00433,1786490892.7916932,7.01,23,1,utilities,atm,0.04,0.25,0.607,5.03,1.76,5580.3,0,0,53.61,0.52,0,0
00000000-0000-0000-5b0b-eca42639ead4,usr_00971,1786490894.8386528,15.59,23,1,restaurant,online,0.1,0.6,0.788,2.12,0.56,309.9,0,1,33.27,0.94,0,0
00000000-0000-0000-4e0e-e4d46cc38d44,usr_00730,1786490898.238938,28.3,23,1,grocery,online,0.05,0.6,0.808,20.18,0.22,12040.7,0,0,161.26,0.53,0,0
00000000-0000-0000-077d-d918f46d0a64,usr_00060,1786490902.9081697,24.68,23,1,grocery,pos_contactless,0.05,0.1,0.676,0.57,0.57,23165.6,0,0,32.34,1.53,0,0
00000000-0000-0000-656a-a9280a7a7207,usr_00127,1786490905.4723694,12.79,23,1,restaurant,atm,0.1,0.25,0.614,0.63,7.79,18372.8,0,0,33.33,0.77,1,0
00000000-0000-0000-76c3-2c74bb768c1f,usr_00166,1786490934.3807704,58.67,23,1,gaming,online,0.7,0.6,0.966,11.6,8.0,1873.8,0,1,443.82,0.79,0,0
00000000-0000-0000-6ed5-87124168ac37,usr_00462,1786490935.7864206,12.46,23,1,gaming,online,0.7,0.6,0.913,1.0,0.26,5731.1,0,0,107.43,0.93,0,0
00000000-0000-0000-3774-6af71b52a090,usr_00513,1786490948.9839118,17.91,23,1,health,pos_chip,0.08,0.05,0.843,4.95,9.21,21671.2,0,0,135.75,0.53,0,0
00000000-0000-0000-5727-1da2a5957c09,usr_00815,1786490966.2967167,27.72,23,1,grocery,pos_contactless,0.05,0.1,0.835,0.4,5.96,70502.5,0,0,124.23,0.67,0,0
00000000-0000-0000-5002-d3903fe5901c,usr_00070,1786490984.8795161,9.06,23,1,health,online,0.08,0.6,0.838,11.71,0.93,48045.7,0,0,11.72,0.77,0,0
00000000-0000-0000-39d7-f00c70ff6816,usr_00475,1786490989.1599717,31.14,23,1,restaurant,online,0.1,0.6,0.828,21.45,5.35,15827.9,0,0,104.25,0.9,0,0
00000000-0000-0000-1092-16edcc36666c,usr_00163,1786491016.8672135,29.47,23,1,travel,online,0.4,0.6,0.524,22.43,4.21,18597.5,0,0,5.69,5.18,0,0
00000000-0000-0000-43d7-b1715a9ed91b,usr_00909,1786491086.534012,5.56,23,1,utilities,p2p,0.04,0.45,0.88,8.6,0.08,7193.0,0,0,112.59,0.2,0,0
00000000-0000-0000-4391-ce86e8c5ac6d,usr_00430,1786491125.3948667,27.09,23,1,crypto,pos_contactless,0.9,0.1,0.968,0.02,5.67,3263.4,0,1,38.84,2.09,0,0
00000000-0000-0000-7ce1-f39a8429c34a,usr_00700,1786491215.074348,107.64,23,1,travel,pos_contactless,0.4,0.1,0.96,1.0,4.22,34011.9,0,0,120.77,1.78,0,0
00000000-0000-0000-6ad0-60c5ef4ff19e,usr_00217,1786491296.2893891,77.08,23,1,restaurant,p2p,0.1,0.45,0.867,4.92,6.64,15397.4,0,0,412.64,0.75,0,0
00000000-0000-0000-1d9e-8451084b6363,usr_00326,1786491299.0407407,14.07,23,1,utilities,pos_chip,0.04,0.05,0.72,26.08,4.12,21880.6,0,0,41.03,1.03,0,0
00000000-0000-0000-25a7-01ac7834ba48,usr_00673,1786491312.587532,10.58,23,1,restaurant,pos_chip,0.1,0.05,0.794,0.45,6.01,6183.4,0,0,67.68,0.63,0,0
00000000-0000-0000-62ab-3925c4f1d82a,usr_00522,1786491369.493117,79.77,23,1,grocery,pos_contactless,0.05,0.1,0.897,1.61,0.03,9064.1,0,0,369.11,1.08,0,0
00000000-0000-0000-2853-2fd659d9d9a7,usr_00209,1786491371.045554,20.42,23,1,grocery,online,0.05,0.6,0.765,1.27,3.14,22568.2,0,0,104.07,0.98,0,0
00000000-0000-0000-5efc-41eee330cfae,usr_00535,1786491377.847328,33.59,23,1,restaurant,atm,0.1,0.25,0.907,2.81,1.76,31085.9,0,0,26.3,1.28,0,0
00000000-0000-0000-1944-a10a95add7a8,usr_00983,1786491384.241901,32.77,23,1,crypto,pos_chip,0.9,0.05,0.725,9.3,2.15,19957.0,0,0,563.27,0.47,0,0
00000000-0000-0000-47ae-facdca421c0c,usr_00316,1786491386.1266503,29.26,23,1,grocery,pos_chip,0.05,0.05,0.979,2.33,2.44,10421.7,0,0,186.24,0.63,0,0
00000000-0000-0000-04d0-e14963f46623,usr_00819,1786491419.4726489,11.7,23,1,grocery,online,0.05,0.6,0.686,21.48,1.43,10282.1,0,0,102.3,0.46,0,0
00000000-0000-0000-103d-2300b65b9664,usr_00728,1786491451.9062052,16.7,23,1,utilities,pos_chip,0.04,0.05,0.873,10.06,8.83,20115.7,0,0,66.17,0.76,0,0
00000000-0000-0000-53f9-63ff194923cc,usr_00434,1786491491.5526757,81.54,23,1,grocery,online,0.05,0.6,0.832,30.08,8.66,6920.6,0,0,563.61,1.01,0,0
00000000-0000-0000-2f1e-09a2c8fbcdb6,usr_00722,1786491507.6959205,8.34,23,1,travel,pos_contactless,0.4,0.1,0.667,2.36,0.05,6051.2,0,0,5.35,1.56,0,0
00000000-0000-0000-1900-9ad42cf5b502,usr_00239,1786491522.9636025,36.92,23,1,travel,pos_contactless,0.4,0.1,0.86,0.77,1.75,2633.5,0,1,323.97,1.03,0,0
00000000-0000-0000-695b-b62f31a0d095,usr_00705,1786491592.7130175,9.81,23,1,grocery,pos_chip,0.05,0.05,0.485,9.29,0.29,25428.8,0,0,74.56,0.39,0,0
00000000-0000-0000-35da-7893152c7034,usr_00155,1786491594.74817,67.88,23,1,grocery,pos_contactless,0.05,0.1,0.784,14.64,5.67,1382.3,0,2,799.11,0.68,0,0
00000000-0000-0000-686a-325fb18ab8ba,usr_00560,1786491615.9513478,15.67,23,1,grocery,pos_chip,0.05,0.05,0.769,0.81,3.19,15115.7,0,0,83.7,0.56,0,0
00000000-0000-0000-7276-6913a66ab7af,usr_00026,1786491635.099915,32.2,23,1,gaming,pos_chip,0.7,0.05,0.682,1.13,9.55,20749.0,0,0,252.14,0.51,0,0
00000000-0000-0000-0305-31a21f8009c6,usr_00819,1786491712.7092152,22.05,23,1,electronics,online,0.65,0.6,0.812,13.71,3.06,293.2,1,1,114.0,0.97,0,0
00000000-0000-0000-145c-df47ad52f32f,usr_00758,1786491783.5580719,115.1,23,1,gaming,atm,0.7,0.25,0.683,20.3,2.21,14244.1,0,0,243.26,1.42,0,0
00000000-0000-0000-5aa2-07549f40aaaf,usr_00378,1786491792.5476787,52.99,23,1,general_retail,pos_contactless,0.15,0.1,0.634,12.12,23.68,41990.2,0,0,71.8,0.74,0,0
00000000-0000-0000-6160-695614316dc2,usr_00514,1786491876.5953915,60.03,23,1,crypto,online,0.9,0.6,0.915,1.56,1.11,44046.7,0,0,43.88,1.37,0,0
00000000-0000-0000-11c2-221a623a47a9,usr_00721,1786491893.6044722,70.6,23,1,grocery,pos_contactless,0.05,0.1,0.867,10.92,2.94,3303.1,0,1,146.82,0.96,0,0
00000000-0000-0000-610c-1cd0e4f2bc14,usr_00024,1786491926.1613731,41.26,23,1,grocery,online,0.05,0.6,0.955,1.52,11.2,14937.8,0,0,151.87,1.36,0,0
00000000-0000-0000-379a-da46993f4b93,usr_00710,1786491992.8998218,57.53,23,1,general_retail,pos_chip,0.15,0.05,0.845,5.85,5.86,5787.4,0,0,246.52,1.4,0,0
00000000-0000-0000-0e8a-66356a401911,usr_00092,1786492016.5714185,13.63,23,1,utilities,online,0.04,0.6,0.812,23.37,1.51,18703.6,0,0,125.02,0.65,0,0
00000000-0000-0000-333d-ad4ccd9e7d7b,usr_00287,1786492043.5679328,77.07,23,1,grocery,pos_contactless,0.05,0.1,0.762,5.64,2.63,28597.6,0,0,92.54,2.5,0,0
00000000-0000-0000-0f98-b34ead5ecbfb,usr_00061,1786492120.9361236,10.59,23,1,general_retail,pos_chip,0.15,0.05,0.815,0.93,0.56,3862.0,0,0,13.76,0.77,0,0
00000000-0000-0000-33a5-781f68940fa8,usr_00670,1786492139.6435802,57.92,23,1,restaurant,p2p,0.1,0.45,0.913,3.92,6.6,1361.9,0,2,134.78,0.86,0,0
00000000-0000-0000-4193-f2b77be99aec,usr_00473,1786492180.2790194,22.81,23,1,utilities,p2p,0.04,0.45,0.697,12.5,1.9,36962.1,0,0,70.22,0.65,0,0
00000000-0000-0000-0567-ef7393e0577d,usr_00184,1786492228.6884875,71.33,23,1,restaurant,online,0.1,0.6,0.741,6.08,5.99,22296.1,0,0,121.61,1.17,0,0
00000000-0000-0000-430d-75f98d7dbf95,usr_00681,1786492234.0388665,73.75,23,1,grocery,online,0.05,0.6,0.547,18.14,0.98,18840.0,0,0,300.37,1.23,0,0
00000000-0000-0000-7e3c-dfa2b640445a,usr_00327,1786492240.7492373,20.02,23,1,restaurant,pos_contactless,0.1,0.1,0.494,23.78,3.53,9032.7,0,0,21.93,0.91,0,0
00000000-0000-0000-31a5-93d663eb6247,usr_00902,1786492256.8882482,17.88,23,1,general_retail,online,0.15,0.6,0.833,3.68,2.27,15651.1,0,0,222.88,0.32,0,0
00000000-0000-0000-081d-9f9fc1b7846c,usr_00580,1786492285.6069088,3.9,23,1,utilities,pos_contactless,0.04,0.1,0.761,17.44,0.87,42654.2,0,0,28.18,0.55,0,0
00000000-0000-0000-2a00-4d0e57074a83,usr_00633,1786492328.163443,6.51,23,1,health,online,0.08,0.6,0.787,0.57,13.81,13892.8,0,0,10.59,0.61,0,0
00000000-0000-0000-6f2b-e37f2aaf628a,usr_00456,1786492329.4798894,59.66,23,1,travel,pos_contactless,0.4,0.1,0.85,3.14,1.14,53197.2,0,0,41.85,1.43,1,0
00000000-0000-0000-4e16-a157a6514d89,usr_00843,1786492375.6886132,54.17,23,1,utilities,p2p,0.04,0.45,0.758,12.02,5.49,13229.7,0,0,127.84,1.69,0,0
00000000-0000-0000-1be3-58397d015279,usr_00621,1786492419.4929907,57.4,23,1,general_retail,p2p,0.15,0.45,0.731,11.96,10.7,30275.2,0,0,144.48,1.99,0,0
00000000-0000-0000-35b1-2d05239ea108,usr_00537,1786492453.8530638,18.61,23,1,utilities,online,0.04,0.6,0.966,9.48,5.01,11379.9,0,0,396.71,0.23,0,0
00000000-0000-0000-214a-6b5f61656e1b,usr_00788,1786492459.7219577,36.49,23,1,utilities,atm,0.04,0.25,0.739,11.48,1.2,46231.8,0,0,111.41,0.98,0,0
00000000-0000-0000-5068-46d597c1bc17,usr_00737,1786492513.5141654,57.7,23,1,grocery,online,0.05,0.6,0.824,26.66,1.14,22308.2,0,0,338.26,1.02,0,0
00000000-0000-0000-31fc-cdd140e5903f,usr_00697,1786492514.673299,20.07,23,1,utilities,online,0.04,0.6,0.906,0.53,0.68,22186.8,0,0,42.19,0.48,0,0
00000000-0000-0000-22c9-9cd2b8c7c74d,usr_00257,1786492515.9659824,11.42,23,1,utilities,pos_contactless,0.04,0.1,0.855,18.49,8.65,63783.2,0,0,26.1,0.88,0,0
00000000-0000-0000-28ea-399478dd067a,usr_00227,1786492525.1709766,88.47,23,1,utilities,online,0.04,0.6,0.768,3.89,3.41,5094.7,0,0,602.33,0.44,0,0
00000000-0000-0000-255f-b8bb93d22cb0,usr_00005,1786492528.1470225,5.75,23,1,grocery,online,0.05,0.6,0.632,2.09,0.64,30028.7,0,0,41.12,0.42,0,0
00000000-0000-0000-217a-e96ee46bab5d,usr_00306,1786492529.0877295,17.0,23,1,health,pos_contactless,0.08,0.1,0.896,35.94,2.13,13114.5,0,0,105.38,0.48,0,0
00000000-0000-0000-2efd-ecbe8cde243e,usr_00499,1786492553.8842843,11.15,23,1,health,pos_chip,0.08,0.05,0.746,3.09,1.68,69634.4,0,0,26.74,0.83,0,0
00000000-0000-0000-1915-7a60f7d1de2b,usr_00554,1786492603.9423587,37.56,23,1,grocery,pos_contactless,0.05,0.1,0.921,12.53,0.27,7668.7,0,0,110.39,1.02,0,0
00000000-0000-0000-313d-adcc586c4f6a,usr_00267,1786492650.6952703,27.28,23,1,grocery,online,0.05,0.6,0.881,2.95,0.35,28869.3,0,0,128.59,0.64,0,0
00000000-0000-0000-2145-bec69e10753f,usr_00931,1786492681.0655947,41.58,23,1,travel,pos_chip,0.4,0.05,0.926,1.75,0.21,6284.1,0,0,81.93,1.52,0,0
00000000-0000-0000-5ca5-38e3246a0bdf,usr_00760,1786492686.457874,70.13,23,1,grocery,online,0.05,0.6,0.86,0.33,2.73,23242.3,0,0,510.57,0.69,0,0
00000000-0000-0000-0b34-9a75207608aa,usr_00034,1786492691.1340592,72.53,23,1,electronics,online,0.65,0.6,0.83,1.41,3.83,25986.6,0,0,71.62,1.01,0,0
00000000-0000-0000-136e-25c91e7588be,usr_00304,1786492775.6126692,84.62,23,1,general_retail,online,0.15,0.6,0.86,8.53,2.04,25612.4,0,0,130.23,2.6,0,0
00000000-0000-0000-4c17-17b7e21993d0,usr_00449,1786492779.6282406,12.27,23,1,health,pos_chip,0.08,0.05,0.57,6.16,13.08,41749.1,0,0,72.44,0.51,0,0
00000000-0000-0000-24ad-973f473e807f,usr_00324,1786492909.125931,77.26,0,2,restaurant,online,0.1,0.6,0.866,6.98,0.84,9674.4,0,0,502.97,0.77,0,0
00000000-0000-0000-5563-78d5885b3b89,usr_00111,1786492977.6535542,28.26,0,2,travel,online,0.4,0.6,0.938,4.07,1.76,63914.0,0,0,109.5,0.52,0,0
00000000-0000-0000-2c65-67ef592fe1a4,usr_00307,1786492993.4583907,42.96,0,2,general_retail,online,0.15,0.6,0.6,45.24,4.52,8314.6,0,0,301.83,0.71,0,0
00000000-0000-0000-00aa-6ac17406828d,usr_00173,1786493009.271244,22.36,0,2,general_retail,pos_chip,0.15,0.05,0.921,4.95,2.92,21000.8,0,0,73.6,1.52,0,0
00000000-0000-0000-7fbd-2d2cfc69904e,usr_00734,1786493015.8114302,35.93,0,2,health,pos_contactless,0.08,0.1,0.969,5.71,0.95,22115.5,0,0,215.66,0.83,0,0
00000000-0000-0000-7b99-aa7ab05be9bf,usr_00690,1786493032.7032707,56.75,0,2,health,online,0.08,0.6,0.853,2.06,2.88,32235.7,0,0,133.54,1.7,0,0
00000000-0000-0000-0719-24de777467ca,usr_00159,1786493035.44534,32.29,0,2,electronics,online,0.65,0.6,0.996,5.03,6.24,3832.8,0,0,87.54,1.11,0,0
00000000-0000-0000-1c0d-37baa45adf8d,usr_00548,1786493053.0108461,65.33,0,2,electronics,online,0.65,0.6,0.945,9.64,0.1,79993.0,0,0,72.89,0.9,0,0
00000000-0000-0000-3900-7b6038323632,usr_00230,1786493106.8530424,3.9,0,2,restaurant,pos_chip,0.1,0.05,0.876,18.17,0.3,69425.2,0,0,16.66,0.23,0,0
00000000-0000-0000-3480-c9c864964cfa,usr_00600,1786493123.07571,62.1,0,2,restaurant,online,0.1,0.6,0.954,2.82,3.37,26463.3,0,0,1738.42,0.14,0,0
00000000-0000-0000-10cd-b818bd64add5,usr_00648,1786493126.90186,29.66,0,2,gaming,pos_chip,0.7,0.05,0.698,11.29,19.9,10073.8,0,0,123.02,0.72,0,0
00000000-0000-0000-5d12-259efd698363,usr_00138,1786493137.6959333,148.44,0,2,restaurant,online,0.1,0.6,0.654,1.5,4.22,86400.0,0,0,0.0,1.35,0,0
00000000-0000-0000-6a95-62267f9d4051,usr_00338,1786493169.9340556,53.83,0,2,electronics,online,0.65,0.6,0.917,3.19,5.29,12666.2,0,0,352.42,0.61,1,0
00000000-0000-0000-24cd-53d3f822c3c8,usr_00034,1786493178.094519,113.53,0,2,utilities,online,0.04,0.6,0.735,7.56,17.56,487.0,0,1,144.15,1.58,0,0
00000000-0000-0000-42f7-d0b82e15ab3b,usr_00787,1786493193.2299778,30.97,0,2,health,atm,0.08,0.25,0.715,23.91,0.69,3993.9,0,0,70.32,1.32,0,0
00000000-0000-0000-1963-6792fca77b88,usr_00353,1786493199.9963453,90.93,0,2,health,atm,0.08,0.25,0.931,0.16,2.06,18946.8,0,0,560.57,0.97,0,0
00000000-0000-0000-78cb-7b0a21c6c259,usr_00162,1786493211.981482,264.13,0,2,restaurant,online,0.1,0.6,0.849,10.49,6.21,12107.7,0,0,487.85,2.71,0,0
00000000-0000-0000-2e24-82719a9883f5,usr_00723,1786493216.7741282,3.78,0,2,gaming,pos_chip,0.7,0.05,0.749,10.5,1.79,20555.7,0,0,12.51,0.6,0,0
00000000-0000-0000-2b59-ab198e95df01,usr_00308,1786493284.516082,47.87,0,2,general_retail,online,0.15,0.6,0.682,4.31,4.43,13477.8,0,0,188.25,0.76,0,0
00000000-0000-0000-6f84-5efade61f763,usr_00056,1786493307.4998221,57.86,0,2,restaurant,online,0.1,0.6,0.95,14.01,7.47,44549.2,0,0,72.75,1.59,0,0
00000000-0000-0000-3819-3cf9c122d809,usr_00506,1786493323.1513371,202.29,0,2,electronics,pos_contactless,0.65,0.1,0.637,17.3,1.78,80869.8,0,0,154.78,1.31,0,0
00000000-0000-0000-4134-775418ff53df,usr_00234,1786493420.6892662,15.36,0,2,restaurant,pos_chip,0.1,0.05,0.901,16.44,11.44,19770.7,0,0,42.37,0.73,0,0
00000000-0000-0000-0714-933ce2702b1a,usr_00495,1786493472.0819645,70.2,0,2,utilities,pos_contactless,0.04,0.1,0.739,26.04,6.32,14938.4,0,0,591.07,0.83,0,0
00000000-0000-0000-65e3-5a3be238b873,usr_00168,1786493475.1175942,33.67,0,2,electronics,online,0.65,0.6,0.906,8.6,1.34,47662.8,0,0,106.14,0.63,0,0
00000000-0000-0000-069c-921ad6a3b090,usr_00198,1786493517.133648,83.1,0,2,general_retail,atm,0.15,0.25,0.813,1.37,1.97,38036.3,0,0,64.91,2.56,0,0
00000000-0000-0000-2b6c-f958d394423c,usr_00578,1786493545.5115666,13.27,0,2,utilities,pos_chip,0.04,0.05,0.784,7.08,3.28,69202.8,0,0,105.07,0.38,0,0
00000000-0000-0000-25d5-b80d2b7ca2fe,usr_00541,1786493589.8820992,22.96,0,2,restaurant,online,0.1,0.6,0.991,41.95,0.58,35257.7,0,0,59.51,1.54,1,0
00000000-0000-0000-3748-93a222da89e2,usr_00877,1786493600.264808,26.26,0,2,utilities,pos_chip,0.04,0.05,0.571,3.01,6.91,8479.1,0,0,121.47,0.65,0,0
00000000-0000-0000-4f31-af912eb94e1c,usr_00697,1786493616.092908,14.45,0,2,grocery,online,0.05,0.6,0.886,6.79,3.33,1101.4,0,1,62.26,0.46,0,0
00000000-0000-0000-09dc-7a7386a69b35,usr_00507,1786493658.9692745,74.45,0,2,restaurant,atm,0.1,0.25,0.555,14.37,0.97,19706.5,0,0,237.34,1.25,0,0
00000000-0000-0000-18cd-23547edcb38c,usr_00639,1786493697.2131855,26.17,0,2,gaming,online,0.7,0.6,0.669,6.9,10.67,20131.3,0,0,120.61,0.43,0,0
00000000-0000-0000-0428-c8f1e52ab06b,usr_00715,1786493717.9842696,15.77,0,2,general_retail,online,0.15,0.6,0.793,1.16,1.42,16050.3,0,0,75.16,1.05,0,0
00000000-0000-0000-4a5d-564f9b031c9d,usr_00630,1786493757.2113914,105.44,0,2,general_retail,online,0.15,0.6,0.966,3.57,5.12,45633.7,0,0,91.13,1.16,0,0
00000000-0000-0000-2f84-b082796ec29b,usr_00376,1786493759.6323,14.68,0,2,grocery,online,0.05,0.6,0.914,2.94,0.28,27023.1,0,0,80.08,0.37,0,0
00000000-0000-0000-758d-70e9f7865940,usr_00769,1786493787.452045,56.0,0,2,grocery,online,0.05,0.6,0.875,27.52,9.17,5628.4,0,0,168.97,0.99,0,0
00000000-0000-0000-71c3-20552dc56db9,usr_00986,1786493787.6667616,12.88,0,2,grocery,pos_chip,0.05,0.05,0.752,3.74,6.54,20459.5,0,0,27.38,1.41,0,0
00000000-0000-0000-78b0-43ed28faa29e,usr_00290,1786493789.645463,14.81,0,2,restaurant,pos_contactless,0.1,0.1,0.837,3.86,4.93,15589.3,0,0,150.63,0.49,0,0
00000000-0000-0000-6cda-30cf84330568,usr_00378,1786493790.779223,70.6,0,2,restaurant,pos_chip,0.1,0.05,0.854,3.12,1.63,1998.2,0,1,124.79,1.13,0,0
00000000-0000-0000-09f0-4356bede9fc6,usr_00270,1786493859.1590729,36.93,0,2,health,online,0.08,0.6,0.534,14.58,4.76,4633.7,0,0,64.84,2.28,0,0
00000000-0000-0000-45af-7dfa516c9481,usr_00022,1786493905.1019125,98.07,0,2,restaurant,online,0.1,0.6,0.901,18.26,3.11,10078.0,0,0,578.01,1.36,0,0
00000000-0000-0000-540e-bfb169281853,usr_00365,1786493931.183847,52.12,0,2,restaurant,online,0.1,0.6,0.713,5.6,3.44,4447.6,0,0,429.7,0.49,0,0
00000000-0000-0000-7f4a-6f9e70530a94,usr_00856,1786493950.4589977,23.26,0,2,utilities,online,0.04,0.6,0.793,11.11,7.4,8710.8,0,0,246.42,0.66,0,0
00000000-0000-0000-682f-9775b2bb48dd,usr_00591,1786493954.281246,21.49,0,2,grocery,atm,0.05,0.25,0.651,2.2,4.65,38854.2,0,0,166.12,0.39,0,0
00000000-0000-0000-5c11-74858e85882e,usr_00918,1786493957.523149,98.96,0,2,restaurant,online,0.1,0.6,0.683,3.1,0.67,6574.3,0,0,224.31,1.32,0,0
00000000-0000-0000-3df2-a24642385352,usr_00527,1786493987.5174637,26.94,0,2,gaming,online,0.7,0.6,0.833,6.59,16.14,4622.2,0,0,399.79,0.4,0,0
00000000-0000-0000-762e-d2e19680f6bb,usr_00515,1786494030.6067374,33.53,0,2,restaurant,online,0.1,0.6,0.924,7.8,1.26,29727.5,0,0,105.46,0.64,0,0
00000000-0000-0000-2f38-55338fdc4145,usr_00554,1786494071.9516332,34.17,0,2,general_retail,online,0.15,0.6,0.921,28.71,5.24,1468.0,0,1,147.95,0.92,0,0
00000000-0000-0000-57ca-fdf28d2e302a,usr_00034,1786494159.5124278,76.85,0,2,utilities,online,0.04,0.6,0.728,0.55,2.87,981.4,0,2,257.68,0.89,0,0
00000000-0000-0000-5d5d-c13d30a36469,usr_00797,1786494175.4740877,49.11,0,2,restaurant,pos_chip,0.1,0.05,0.765,3.67,0.67,99496.3,0,0,0.0,0.79,0,0
00000000-0000-0000-1b1a-aaf2812f2a9e,usr_00302,1786494179.6059232,114.24,0,2,restaurant,pos_chip,0.1,0.05,0.942,16.22,0.97,68731.0,0,0,148.71,2.3,0,0
00000000-0000-0000-4ea4-bbc923873a62,usr_00122,1786494182.8689153,33.19,0,2,general_retail,atm,0.15,0.25,0.954,19.03,1.14,82930.1,0,0,45.36,0.73,0,0
00000000-0000-0000-5953-d7ea9cbd4d39,usr_00502,1786494187.7381496,9.5,0,2,grocery,online,0.05,0.6,0.775,7.16,0.27,19375.6,0,0,32.24,0.29,0,0
00000000-0000-0000-4373-bbb34a399203,usr_00835,1786494270.7105665,16.84,0,2,grocery,online,0.05,0.6,0.902,4.89,3.87,34540.8,0,0,160.71,0.63,0,0
00000000-0000-0000-0865-30fa904dbaed,usr_00194,1786494273.5452282,19.04,0,2,grocery,pos_chip,0.05,0.05,0.952,7.72,5.6,6607.1,0,0,93.43,1.02,0,0
00000000-0000-0000-4645-d2dbc6f6c978,usr_00177,1786494293.4110649,57.11,0,2,restaurant,pos_chip,0.1,0.05,0.763,6.6,1.21,5257.7,0,0,229.15,1.5,0,0
00000000-0000-0000-1754-8740d0532f9d,usr_00528,1786494367.3388507,47.32,0,2,restaurant,pos_chip,0.1,0.05,0.561,0.72,3.68,39341.1,0,0,174.04,1.09,0,0
00000000-0000-0000-2174-2ac6669a2543,usr_00918,1786494383.2722356,86.93,0,2,restaurant,pos_chip,0.1,0.05,0.843,5.51,5.03,425.7,0,1,323.27,1.08,0,0
00000000-0000-0000-281b-026c955e2d52,usr_00520,1786494386.4763541,11.54,0,2,grocery,online,0.05,0.6,0.874,17.73,12.16,28779.1,0,0,59.09,0.59,0,0
00000000-0000-0000-60fe-3b19fd4986aa,usr_00153,1786494416.1749358,45.69,0,2,general_retail,pos_contactless,0.15,0.1,0.922,30.39,3.1,48463.8,0,0,69.43,0.66,0,0
00000000-0000-0000-18b9-2c6a6adc1418,usr_00037,1786494420.3182187,26.53,0,2,general_retail,pos_contactless,0.15,0.1,0.75,7.94,7.3,68597.2,0,0,15.77,1.68,0,0
00000000-0000-0000-7f88-73c288bf888c,usr_00684,1786494473.526171,44.09,0,2,grocery,pos_contactless,0.05,0.1,0.706,0.09,2.08,14694.2,0,0,137.26,1.93,0,0
00000000-0000-0000-3251-991c039a379a,usr_00113,1786494475.045898,15.93,0,2,health,pos_contactless,0.08,0.1,0.705,8.69,19.82,22100.5,0,0,33.0,1.45,0,0
00000000-0000-0000-19c2-7841549fee11,usr_00729,1786494493.217993,14.12,0,2,gaming,pos_chip,0.7,0.05,0.871,8.28,3.98,8829.3,0,0,37.33,0.76,0,0
00000000-0000-0000-74a2-93c86c184d12,usr_00407,1786494527.133382,33.94,0,2,electronics,online,0.65,0.6,0.7,19.46,0.28,49287.1,0,0,29.54,1.15,0,0
00000000-0000-0000-4151-4c91e37a73b9,usr_00883,1786494531.351026,31.29,0,2,restaurant,online,0.1,0.6,0.592,16.1,1.46,23775.8,0,0,107.14,1.75,0,0
00000000-0000-0000-5dc8-357ea26c9fd9,usr_00805,1786494532.4060857,65.82,0,2,restaurant,p2p,0.1,0.45,0.724,4.16,9.05,5485.3,0,0,392.76,0.84,0,0
00000000-0000-0000-5882-7f9aba71d7f5,usr_00234,1786494549.4855578,12.84,0,2,health,pos_chip,0.08,0.05,0.815,0.18,6.82,1128.8,0,1,57.73,0.67,0,0
00000000-0000-0000-0008-aedf7cf12c58,usr_00541,1786494561.6804578,20.52,0,2,restaurant,pos_contactless,0.1,0.1,0.881,9.33,2.88,971.8,0,1,82.47,1.24,0,0
00000000-0000-0000-765f-8637924d9202,usr_00142,1786494568.9779432,10.94,0,2,health,atm,0.08,0.25,0.624,25.58,7.89,21742.0,0,0,49.34,0.67,0,0
00000000-0000-0000-7eef-bcc74e612211,usr_00668,1786494596.6306837,15.81,0,2,general_retail,pos_chip,0.15,0.05,0.774,12.27,4.19,43836.4,0,0,15.29,1.03,0,0
00000000-0000-0000-4c82-1549c7b4d51d,usr_00053,1786494627.9571905,22.52,0,2,utilities,pos_chip,0.04,0.05,0.748,57.37,0.9,22075.4,0,0,182.35,0.49,0,0
00000000-0000-0000-5d5c-5df8da685390,usr_00163,1786494695.178257,30.04,0,2,health,online,0.08,0.6,0.746,6.88,1.06,3678.3,0,0,35.16,1.71,0,0
00000000-0000-0000-2a24-90e9dc8bb69d,usr_00650,1786494798.850533,57.8,0,2,utilities,online,0.04,0.6,0.877,5.85,7.13,56131.5,0,0,227.46,0.51,0,0
00000000-0000-0000-6253-58a66031f714,usr_00319,1786494814.6052356,18.64,0,2,restaurant,pos_chip,0.1,0.05,0.587,6.26,0.14,48126.3,0,0,64.23,0.87,0,0
00000000-0000-0000-5694-47b167f21616,usr_00296,1786494816.0950263,101.58,0,2,grocery,p2p,0.05,0.45,0.793,4.03,15.97,11953.1,0,0,52.97,3.84,0,0
00000000-0000-0000-0801-dbc30d229980,usr_00929,1786494822.4666488,27.16,0,2,gaming,pos_chip,0.7,0.05,0.543,2.54,2.9,36402.8,0,0,90.66,0.6,0,0
00000000-0000-0000-733f-c52b532bb324,usr_00452,1786494823.3075893,100.67,0,2,grocery,pos_chip,0.05,0.05,0.912,6.22,9.97,50488.2,0,0,190.77,1.06,0,0
00000000-0000-0000-6f5f-31dc84d55e6f,usr_00740,1786494836.867001,54.95,0,2,grocery,pos_chip,0.05,0.05,0.841,4.82,1.44,6888.2,0,0,284.01,0.77,0,0
00000000-0000-0000-352d-faa3467308c6,usr_00299,1786494839.3662107,27.7,0,2,utilities,pos_chip,0.04,0.05,0.694,1.71,3.73,17249.0,0,0,105.85,0.79,0,0
00000000-0000-0000-273e-4c8c40ca2482,usr_00894,1786494905.5226612,50.03,0,2,general_retail,pos_chip,0.15,0.05,0.794,2.36,1.04,30300.0,0,0,200.36,1.25,0,0
00000000-0000-0000-2804-12e6d1da184b,usr_00864,1786494907.0465071,12.86,0,2,general_retail,online,0.15,0.6,0.734,5.11,5.82,19231.1,0,0,114.75,0.67,0,0
00000000-0000-0000-036d-757ccabc781f,usr_00618,1786494945.5417871,17.58,0,2,restaurant,pos_chip,0.1,0.05,0.807,14.53,0.69,40591.0,0,0,27.65,0.64,0,0
00000000-0000-0000-2a77-c8c35d419bc3,usr_00472,1786494951.8748085,40.35,0,2,general_retail,p2p,0.15,0.45,0.806,7.56,8.35,24867.8,0,0,22.68,1.78,0,0
00000000-0000-0000-5e10-57e804bcf16c,usr_00221,1786494962.736158,53.95,0,2,crypto,online,0.9,0.6,0.53,14.14,4.59,7160.1,0,0,207.89,1.3,0,0
00000000-0000-0000-4805-c555e86106bf,usr_00339,1786495003.180691,91.65,0,2,grocery,pos_chip,0.05,0.05,0.862,8.64,0.05,7659.6,0,0,154.84,1.18,0,0
00000000-0000-0000-3624-76433b6a025b,usr_00779,1786495003.9171605,10.5,0,2,electronics,pos_contactless,0.65,0.1,0.772,0.48,3.45,31159.0,0,0,72.16,0.58,0,0
00000000-0000-0000-6f7b-4f8676f9df02,usr_00360,1786495008.3183284,21.48,0,2,health,online,0.08,0.6,0.683,6.75,2.34,28221.6,0,0,188.71,0.57,0,0
00000000-0000-0000-5d18-e11a543a9b19,usr_00523,1786495023.9859502,14.56,0,2,grocery,online,0.05,0.6,0.902,5.69,7.88,30259.2,0,0,42.71,1.02,0,0
00000000-0000-0000-3274-4c038e76148b,usr_00417,1786495048.2563212,35.11,0,2,utilities,pos_chip,0.04,0.05,0.813,18.19,4.26,29108.3,0,0,182.67,0.58,0,0
00000000-0000-0000-7d74-e565fc4f5f48,usr_00368,1786495064.2082968,39.38,0,2,restaurant,pos_chip,0.1,0.05,0.87,3.0,2.96,20714.4,0,0,67.14,1.76,0,0
00000000-0000-0000-33eb-6a0631ba9435,usr_00819,1786495082.5023663,9.34,0,2,grocery,pos_contactless,0.05,0.1,0.928,0.48,2.39,3369.8,0,1,136.05,0.41,0,0
00000000-0000-0000-655f-45390630167f,usr_00780,1786495112.1592116,77.77,0,2,crypto,p2p,0.9,0.45,0.758,14.3,1.6,36462.8,0,0,24.24,3.21,0,0
00000000-0000-0000-5dce-dd8bab90df6e,usr_00110,1786495113.0910604,46.84,0,2,crypto,pos_chip,0.9,0.05,0.607,8.77,0.43,51283.2,0,0,257.51,0.91,0,0
00000000-0000-0000-43b8-1a4ce2655c4e,usr_00578,1786495123.098068,19.55,0,2,travel,pos_chip,0.4,0.05,0.778,1.64,1.72,1577.6,0,1,118.34,0.66,0,0
00000000-0000-0000-28fa-06a27be34ca0,usr_00572,1786495138.2280416,30.95,0,2,grocery,pos_chip,0.05,0.05,0.745,0.78,0.13,55842.3,0,0,54.6,0.57,0,0
00000000-0000-0000-465d-5f804a263f35,usr_00399,1786495166.6129813,26.62,0,2,electronics,online,0.65,0.6,0.881,10.31,1.42,10440.1,0,0,213.5,1.0,0,0
00000000-0000-0000-6a0d-ddbce2ee09ab,usr_00594,1786495181.7041948,10.4,0,2,restaurant,pos_contactless,0.1,0.1,0.717,40.27,1.76,18193.5,0,0,107.87,0.58,0,0
00000000-0000-0000-7b18-0bd28f8ad993,usr_00350,1786495194.3149798,32.57,0,2,general_retail,pos_contactless,0.15,0.1,0.627,6.4,1.44,26891.8,0,0,149.09,0.87,0,0
00000000-0000-0000-5043-f0d139461854,usr_00172,1786495202.5643923,17.98,0,2,electronics,atm,0.65,0.25,0.589,23.12,8.02,22655.7,0,0,103.27,0.87,0,0
00000000-0000-0000-1f8c-84afcd09c0f2,usr_00202,1786495221.487194,39.71,0,2,grocery,pos_chip,0.05,0.05,0.803,9.64,0.18,38065.8,0,0,58.41,0.68,0,0
00000000-0000-0000-3b74-f72583f5fb53,usr_00244,1786495226.4150505,98.01,0,2,restaurant,pos_chip,0.1,0.05,0.956,4.76,4.34,14102.3,0,0,1067.39,0.73,0,0
00000000-0000-0000-754f-f790eba76d7c,usr_00267,1786495228.4299476,39.97,0,2,restaurant,pos_chip,0.1,0.05,0.627,10.18,2.68,2577.7,0,1,155.87,1.03,0,0
00000000-0000-0000-2cc0-3d2f14e0e4a4,usr_00293,1786495283.7622395,2.65,0,2,grocery,pos_chip,0.05,0.05,0.835,1.54,4.9,29893.3,0,0,24.04,0.33,0,0
00000000-0000-0000-3967-2e7b2659c2e6,usr_00373,1786495307.7940748,54.53,0,2,general_retail,p2p,0.15,0.45,0.881,0.49,0.69,12494.5,0,0,141.4,0.77,0,0
00000000-0000-0000-296b-a3bf18122e83,usr_00825,1786495310.3218172,45.59,0,2,grocery,pos_chip,0.05,0.05,0.784,6.28,2.43,32403.9,0,0,49.09,0.93,0,0
00000000-0000-0000-3a96-bd2b419ee5d6,usr_00849,1786495310.9075985,53.65,0,2,utilities,online,0.04,0.6,0.951,6.4,11.59,12224.1,0,0,175.95,0.91,0,0
00000000-0000-0000-221b-7cf4dd4f3e45,usr_00427,1786495336.1221771,62.16,0,2,utilities,pos_chip,0.04,0.05,0.97,33.04,1.62,41059.1,0,0,754.43,0.33,1,0
00000000-0000-0000-47b9-698e1e04e345,usr_00767,1786495375.3083146,22.7,0,2,utilities,online,0.04,0.6,0.929,2.83,1.8,32569.9,0,0,63.79,1.07,0,0
00000000-0000-0000-6c10-4d280b66a90b,usr_00332,1786495393.6411018,26.41,0,2,restaurant,online,0.1,0.6,0.865,11.76,2.09,13443.3,0,0,25.07,2.11,0,0
00000000-0000-0000-3711-8c1e13e883e4,usr_00297,1786495394.5716913,23.28,0,2,utilities,online,0.04,0.6,0.845,41.61,0.49,13986.5,0,0,83.32,0.84,1,0
00000000-0000-0000-45be-9079355b1ec6,usr_00686,1786495399.6343224,47.99,0,2,gaming,online,0.7,0.6,0.828,23.92,2.88,69313.4,0,0,82.0,1.17,0,0
00000000-0000-0000-5c84-10b915aad824,usr_00993,1786495401.0425496,28.03,0,2,health,pos_contactless,0.08,0.1,0.737,26.33,9.54,11646.7,0,0,118.13,0.71,0,0
00000000-0000-0000-1a24-f555017ad604,usr_00879,1786495436.2352483,38.71,0,2,general_retail,online,0.15,0.6,0.773,0.83,0.94,7067.1,0,0,167.25,0.93,0,0
00000000-0000-0000-6ecd-d53da7f83226,usr_00818,1786495440.2813036,33.53,0,2,travel,online,0.4,0.6,0.869,35.98,0.14,7649.3,0,0,110.67,0.91,0,0
00000000-0000-0000-31a4-b1b0cb3bfa26,usr_00609,1786495485.6982403,29.32,0,2,restaurant,online,0.1,0.6,0.838,1.28,3.55,10243.7,0,0,143.72,0.82,0,0
00000000-0000-0000-2bbb-da0bcced2af3,usr_00800,1786495519.1340446,15.29,0,2,travel,online,0.4,0.6,0.913,0.96,0.44,11514.8,0,0,88.17,0.69,0,0
00000000-0000-0000-670c-9651a57ae178,usr_00596,1786495533.9239576,10.97,0,2,grocery,online,0.05,0.6,0.862,16.31,7.94,72528.2,0,0,17.79,0.62,0,0
00000000-0000-0000-6b2d-7d1444959a96,usr_00303,1786495548.2590873,11.03,0,2,utilities,pos_chip,0.04,0.05,0.93,2.99,3.76,16716.5,0,0,201.53,0.27,0,0
00000000-0000-0000-6c60-11a64303510c,usr_00504,1786495550.8618355,2.82,0,2,restaurant,pos_contactless,0.1,0.1,0.608,10.4,1.56,18012.2,0,0,54.97,0.46,0,0
00000000-0000-0000-24cc-fbd6bf247c55,usr_00355,1786495558.083375,83.1,0,2,general_retail,online,0.15,0.6,0.795,6.98,13.58,8248.9,0,0,132.24,1.89,0,0
00000000-0000-0000-2eb2-b34ede4be6f5,usr_00394,1786495560.821303,66.53,0,2,restaurant,pos_contactless,0.1,0.1,0.893,7.18,10.8,30788.0,0,0,209.89,1.27,0,0
00000000-0000-0000-0fcf-a803ff2c0f98,usr_00819,1786495604.8883793,15.42,0,2,restaurant,pos_chip,0.1,0.05,0.966,1.04,4.3,522.4,0,1,145.39,0.74,0,0
00000000-0000-0000-0e3d-06884db73503,usr_00340,1786495621.4438837,4.78,0,2,grocery,pos_chip,0.05,0.05,0.918,0.57,6.74,5796.6,0,0,48.02,0.6,0,0
00000000-0000-0000-5a0b-429f304766ea,usr_00146,1786495623.5956767,37.39,0,2,restaurant,pos_chip,0.1,0.05,0.421,14.91,12.13,30995.9,0,0,79.36,1.41,0,0
00000000-0000-0000-042d-aa2bea825696,usr_00192,1786495666.9509966,15.45,0,2,grocery,atm,0.05,0.25,0.884,9.4,7.92,8449.3,0,0,23.0,0.67,0,0
00000000-0000-0000-3178-f42eb9d8d961,usr_00657,1786495668.585944,47.8,0,2,utilities,pos_chip,0.04,0.05,0.923,12.76,9.63,16812.8,0,0,177.24,1.35,0,0
00000000-0000-0000-65b8-b43e747e0688,usr_00374,1786495674.808878,58.4,0,2,restaurant,atm,0.1,0.25,0.355,20.69,12.47,9310.5,0,0,428.33,0.95,0,0
00000000-0000-0000-483c-3c0849c936ce,usr_00461,1786495720.4731998,7.75,0,2,restaurant,pos_chip,0.1,0.05,0.858,36.34,2.34,5108.5,0,0,110.14,0.35,0,0
00000000-0000-0000-2185-ef360217ffd6,usr_00499,1786495744.139069,38.73,0,2,utilities,online,0.04,0.6,0.758,5.57,4.5,3190.3,0,1,37.89,3.07,0,0
00000000-0000-0000-039f-e31c470f4fe3,usr_00888,1786495763.17937,8.77,0,2,grocery,online,0.05,0.6,0.882,25.12,6.33,18465.8,0,0,17.97,1.46,0,0
00000000-0000-0000-463a-bbc07d9b947f,usr_00445,1786495813.9145515,10.52,0,2,restaurant,online,0.1,0.6,0.784,11.82,13.29,33692.3,0,0,23.5,1.34,0,0
00000000-0000-0000-0363-c13b432c5e0f,usr_00742,1786495818.4433649,31.16,0,2,grocery,online,0.05,0.6,0.946,23.72,2.05,53253.4,0,0,82.23,1.89,0,0
00000000-0000-0000-2d25-8098cdf7bc5c,usr_00860,1786495826.8702965,28.64,0,2,health,online,0.08,0.6,0.943,3.11,4.64,12388.2,0,0,113.17,1.52,0,0
00000000-0000-0000-1555-5d9dbd28fbd5,usr_00625,1786495839.3511407,12.13,0,2,restaurant,pos_contactless,0.1,0.1,0.779,1.97,0.26,7904.4,0,0,161.59,0.38,0,0
00000000-0000-0000-1d95-6e23511f0027,usr_00841,1786495884.8494892,13.58,0,2,grocery,pos_chip,0.05,0.05,0.922,6.6,6.56,6643.2,0,0,177.79,0.38,0,0
00000000-0000-0000-66ea-0ed78b9d1b62,usr_00887,1786495888.2147577,26.14,0,2,electronics,online,0.65,0.6,0.67,4.18,16.83,6128.8,0,0,148.19,0.88,0,0
00000000-0000-0000-2749-ae162f5ed9d2,usr_00079,1786495927.5113547,32.03,0,2,travel,pos_chip,0.4,0.05,0.876,28.62,2.82,20652.7,0,0,121.98,1.05,0,0
00000000-0000-0000-1109-d2f276be0d3d,usr_00874,1786495928.2257469,21.83,0,2,restaurant,pos_chip,0.1,0.05,0.738,2.92,2.55,20282.9,0,0,59.16,1.48,0,0
00000000-0000-0000-0f54-e34f8e30501a,usr_00301,1786495935.558015,5.1,0,2,grocery,online,0.05,0.6,0.708,1.92,3.51,17382.6,0,0,59.77,0.26,0,0
00000000-0000-0000-0cc8-d5f2940b7060,usr_00944,1786495941.9430377,62.19,0,2,gaming,pos_contactless,0.7,0.1,0.759,23.39,0.39,16764.3,0,0,279.81,1.33,0,0
00000000-0000-0000-07d4-5cb166cfb25e,usr_00265,1786495957.4461918,95.77,0,2,gaming,online,0.7,0.6,0.69,13.04,1.82,33959.7,0,0,349.09,1.1,0,0
00000000-0000-0000-3ded-fa7a9d4e6175,usr_00136,1786495971.4705915,79.83,0,2,restaurant,p2p,0.1,0.45,0.924,16.92,4.21,21282.5,0,0,191.04,1.67,0,0
00000000-0000-0000-713c-63053b6b3487,usr_00936,1786496070.5082731,13.67,0,2,utilities,pos_chip,0.04,0.05,0.717,5.95,1.17,12726.7,0,0,51.76,0.79,0,0
00000000-0000-0000-2749-f85110abdff6,usr_00501,1786496082.6480873,102.24,0,2,grocery,online,0.05,0.6,0.866,8.19,0.89,61162.6,0,0,132.91,1.54,0,0
00000000-0000-0000-6dbb-b0dc7a9567e0,usr_00500,1786496107.5992792,42.4,0,2,restaurant,online,0.1,0.6,0.745,1.95,9.54,29599.7,0,0,146.16,0.58,0,0
00000000-0000-0000-7d7e-5f9ed76eabc0,usr_00710,1786496108.470785,26.29,0,2,utilities,pos_chip,0.04,0.05,0.801,2.7,1.14,4115.6,0,0,304.05,0.61,0,0
00000000-0000-0000-2040-93f938da2441,usr_00857,1786496144.6052651,28.91,0,2,general_retail,online,0.15,0.6,0.705,7.37,11.46,24073.5,0,0,101.97,0.57,0,0
00000000-0000-0000-0be3-137f8b9e4686,usr_00474,1786496158.3027332,52.51,0,2,utilities,online,0.04,0.6,0.65,11.49,13.51,69725.1,0,0,207.8,0.25,0,0
00000000-0000-0000-33c4-0dc4b3a757f2,usr_00999,1786496169.9773464,78.78,0,2,health,pos_contactless,0.08,0.1,0.688,53.91,9.34,6305.0,0,0,530.51,0.59,0,0
00000000-0000-0000-57ff-195fa0b2e8d8,usr_00746,1786496173.6346753,150.69,0,2,restaurant,pos_contactless,0.1,0.1,0.884,1.55,12.06,6749.2,0,0,514.2,1.17,0,0
00000000-0000-0000-45fc-6476031a4bd3,usr_00593,1786496244.4376106,30.88,0,2,restaurant,online,0.1,0.6,0.957,12.87,2.47,17422.4,0,0,68.98,3.13,0,0
00000000-0000-0000-5ee6-046508120383,usr_00432,1786496269.1124868,37.75,0,2,grocery,p2p,0.05,0.45,0.799,10.81,8.37,5657.9,0,0,155.76,0.97,0,0
00000000-0000-0000-018f-655ad7db4122,usr_00915,1786496276.930587,69.77,0,2,utilities,p2p,0.04,0.45,0.586,35.17,9.99,9048.6,0,0,433.71,0.97,0,0
00000000-0000-0000-1bb4-f3ef01d635dc,usr_00126,1786496277.7337525,188.39,0,2,grocery,pos_chip,0.05,0.05,0.588,26.55,0.19,14478.5,0,0,572.79,1.97,0,0
00000000-0000-0000-0a94-debd470695b7,usr_00930,1786496322.040482,42.52,0,2,general_retail,online,0.15,0.6,0.826,7.89,3.1,9569.9,0,0,330.66,1.03,0,0
00000000-0000-0000-64a3-66129834bad9,usr_00526,1786496346.034311,77.21,0,2,general_retail,online,0.15,0.6,0.888,6.77,4.84,15260.7,0,0,3059.27,0.13,0,0
00000000-0000-0000-514c-571f449fb05a,usr_00219,1786496359.3472466,38.03,0,2,restaurant,pos_chip,0.1,0.05,0.602,21.24,4.67,6222.1,0,0,91.31,1.67,0,0
00000000-0000-0000-4a3a-573af89e7d52,usr_00061,1786496367.0794334,25.73,0,2,utilities,pos_chip,0.04,0.05,0.753,0.09,0.4,4246.1,0,0,24.35,2.11,0,0
00000000-0000-0000-6b7b-be028967bd8e,usr_00554,1786496399.4036686,31.61,0,2,travel,online,0.4,0.6,0.873,19.36,0.26,2327.5,0,1,113.51,1.11,0,0
00000000-0000-0000-5636-43ccfc8a8fee,usr_00834,1786496436.8552642,19.72,1,2,utilities,online,0.04,0.6,0.766,31.6,13.56,68744.6,0,0,65.84,0.9,0,0
00000000-0000-0000-7e93-0c6598255f81,usr_00577,1786496449.8916593,60.66,1,2,health,pos_contactless,0.08,0.1,0.764,5.84,5.33,18506.9,0,0,394.05,0.46,0,0
00000000-0000-0000-6db3-2fc2ed2ab9b4,usr_00050,1786496470.3803275,49.42,1,2,gaming,pos_chip,0.7,0.05,0.747,12.2,7.05,12300.0,0,0,48.77,1.01,0,0
00000000-0000-0000-2aa2-2c6905b561c7,usr_00577,1786496553.2209475,50.97,1,2,restaurant,online,0.1,0.6,0.743,2.24,7.7,103.3,1,1,454.71,0.45,0,0
00000000-0000-0000-4913-bed1758677dc,usr_00928,1786496664.4770262,40.03,1,2,grocery,online,0.05,0.6,0.717,6.81,1.6,20104.9,0,0,173.15,1.39,0,0
00000000-0000-0000-59d5-f5c3338dc3c5,usr_00217,1786496715.4924915,55.05,1,2,grocery,pos_contactless,0.05,0.1,0.802,1.12,2.08,5419.2,0,0,302.85,0.55,0,0
00000000-0000-0000-183d-7cd7387b0e98,usr_00213,1786496731.9902713,29.59,1,2,travel,online,0.4,0.6,0.892,6.61,0.07,37026.9,0,0,126.0,0.7,0,0
00000000-0000-0000-468b-0f4dec9ad0c3,usr_00824,1786496734.9816186,9.9,1,2,general_retail,pos_chip,0.15,0.05,0.824,10.93,0.39,31195.3,0,0,25.52,0.78,0,0
00000000-0000-0000-4994-32d529739599,usr_00651,1786496778.7024915,17.22,1,2,grocery,online,0.05,0.6,0.868,11.31,0.44,12615.9,0,0,57.7,0.6,0,0
00000000-0000-0000-2d55-84697cbcf410,usr_00309,1786496779.5777266,255.82,1,2,restaurant,p2p,0.1,0.45,0.874,2.13,0.09,35259.5,0,0,343.73,2.23,0,0
00000000-0000-0000-0357-7158937c5177,usr_00840,1786496789.0288088,247.77,1,2,restaurant,pos_contactless,0.1,0.1,0.864,31.72,2.41,43543.9,0,0,358.47,2.07,0,0
00000000-0000-0000-65cc-0e0fe8297ae9,usr_00585,1786496790.0424762,200.63,1,2,restaurant,pos_chip,0.1,0.05,0.675,15.34,6.87,16369.2,0,0,518.75,1.16,0,0
00000000-0000-0000-2564-ab577d8befea,usr_00901,1786496817.705119,27.15,1,2,restaurant,online,0.1,0.6,0.737,0.69,2.25,89927.3,0,0,0.0,0.77,0,0
00000000-0000-0000-354a-75dfe0d901ac,usr_00902,1786496828.726665,27.13,1,2,restaurant,pos_contactless,0.1,0.1,0.948,17.5,1.12,4571.8,0,0,240.76,0.56,0,0
00000000-0000-0000-5751-6c4a7541dd73,usr_00469,1786496848.5908852,41.53,1,2,restaurant,pos_chip,0.1,0.05,0.846,2.02,0.49,18935.3,0,0,10.06,4.13,0,0
00000000-0000-0000-24cb-65e48e4f0e73,usr_00047,1786496863.4107964,54.81,1,2,restaurant,pos_chip,0.1,0.05,0.83,2.4,2.0,21175.2,0,0,129.31,1.7,0,0
00000000-0000-0000-3dc9-4c38a21a3d59,usr_00080,1786496884.2098136,30.94,1,2,grocery,pos_contactless,0.05,0.1,0.804,1.68,15.57,53618.8,0,0,93.76,0.33,0,0
00000000-0000-0000-4156-0609f6e65e82,usr_00408,1786496887.329824,9.37,1,2,general_retail,pos_chip,0.15,0.05,0.837,4.82,0.96,7972.0,0,0,71.87,1.04,0,0
00000000-0000-0000-2457-8791e75e7587,usr_00598,1786496889.8815005,16.58,1,2,utilities,online,0.04,0.6,0.796,2.38,3.84,27430.7,0,0,160.51,0.41,0,0
00000000-0000-0000-2f79-478cb7f03754,usr_00896,1786496919.0361893,23.14,1,2,grocery,pos_contactless,0.05,0.1,0.97,12.32,4.01,46756.9,0,0,22.63,1.02,0,0
00000000-0000-0000-3090-7dcd547b27b9,usr_00537,1786496932.884856,170.43,1,2,utilities,pos_chip,0.04,0.05,0.723,3.51,0.89,4479.0,0,0,322.73,2.64,0,0
00000000-0000-0000-0fe1-4349f5c19abe,usr_00806,1786496947.1649883,17.58,1,2,restaurant,p2p,0.1,0.45,0.849,30.65,9.15,13774.2,0,0,161.7,0.54,0,0
00000000-0000-0000-3aee-fd625dbd4515,usr_00159,1786496948.972933,12.8,1,2,grocery,online,0.05,0.6,0.827,1.51,1.63,3913.5,0,0,119.83,0.43,0,0
00000000-0000-0000-5412-a62189e4016c,usr_00727,1786496972.10869,37.88,1,2,travel,online,0.4,0.6,0.903,33.25,7.43,10150.9,0,0,264.84,0.72,0,0
00000000-0000-0000-1296-ead9d823fdaa,usr_00255,1786496992.54359,59.64,1,2,utilities,online,0.04,0.6,0.712,3.43,0.35,49163.3,0,0,151.15,1.18,0,0
00000000-0000-0000-0522-786ea8b5a0b9,usr_00809,1786496993.1975498,21.12,1,2,utilities,pos_chip,0.04,0.05,0.749,6.97,2.91,22956.0,0,0,83.84,0.76,0,0
00000000-0000-0000-5016-bf833052fc83,usr_00854,1786496995.6958542,25.36,1,2,jewelry,pos_contactless,0.8,0.1,0.658,9.48,0.81,9907.0,0,0,172.15,0.74,0,0
00000000-0000-0000-01db-ff165c52fd0d,usr_00643,1786497014.9527016,44.7,1,2,restaurant,atm,0.1,0.25,0.904,0.38,1.97,46599.8,0,0,45.23,0.99,0,0
00000000-0000-0000-5c6f-c8a4747e00cb,usr_00536,1786497016.7669256,53.86,1,2,restaurant,online,0.1,0.6,0.84,1.16,9.33,31709.3,0,0,59.46,1.81,0,0
00000000-0000-0000-2758-72da0efbcae1,usr_00149,1786497024.223626,25.05,1,2,grocery,p2p,0.05,0.45,0.773,0.66,6.03,50816.5,0,0,105.77,0.71,0,0
00000000-0000-0000-43df-4384e54596c4,usr_00397,1786497027.6605625,35.15,1,2,electronics,pos_chip,0.65,0.05,0.894,6.89,1.26,13035.8,0,0,195.45,0.9,0,0
00000000-0000-0000-5e3a-c96d45ab89fd,usr_00450,1786497044.5630612,38.82,1,2,grocery,p2p,0.05,0.45,0.906,23.64,7.48,21527.9,0,0,149.1,1.04,0,0
00000000-0000-0000-611a-212be864fefa,usr_00779,1786497062.2380161,29.37,1,2,grocery,pos_chip,0.05,0.05,0.626,5.81,8.56,2058.3,0,1,82.66,1.78,0,0
00000000-0000-0000-39c1-c47ff40d3199,usr_00747,1786497083.7394354,38.63,1,2,utilities,atm,0.04,0.25,0.735,4.99,0.9,14677.9,0,0,201.46,0.77,0,0
00000000-0000-0000-6dfb-166129096277,usr_00633,1786497117.3644679,11.64,1,2,utilities,pos_contactless,0.04,0.1,0.675,8.22,9.71,4789.2,0,0,17.1,1.36,0,0
00000000-0000-0000-2c24-3f5da4ecdb4e,usr_00268,1786497129.4267561,46.6,1,2,jewelry,pos_contactless,0.8,0.1,0.825,2.26,3.24,11052.4,0,0,232.91,1.0,0,0
00000000-0000-0000-22da-c249ea701712,usr_00265,1786497130.4504678,56.87,1,2,grocery,online,0.05,0.6,0.943,4.15,0.39,1173.0,0,1,444.86,0.64,0,0
00000000-0000-0000-3e8e-6686efdc0ee2,usr_00723,1786497179.2991028,15.83,1,2,restaurant,pos_chip,0.1,0.05,0.68,32.52,6.31,3962.5,0,0,16.29,2.92,0,0
00000000-0000-0000-1655-57235c021f95,usr_00622,1786497200.7018845,29.47,1,2,restaurant,online,0.1,0.6,0.618,4.74,11.53,9890.0,0,0,317.5,0.56,0,0
00000000-0000-0000-37d6-adc23accc4e8,usr_00915,1786497212.6160953,93.06,1,2,restaurant,online,0.1,0.6,0.902,3.92,3.86,935.7,0,1,503.48,1.29,1,0
00000000-0000-0000-3b74-fec3759b2e3c,usr_00364,1786497233.8987958,25.85,1,2,grocery,pos_contactless,0.05,0.1,0.67,17.35,9.45,6893.1,0,0,129.31,0.6,0,0
00000000-0000-0000-1e38-e8e06f5fc402,usr_00774,1786497240.197942,83.01,1,2,jewelry,online,0.8,0.6,0.723,5.25,3.14,23849.5,0,0,33.39,4.97,0,0
00000000-0000-0000-3815-96f605013409,usr_00785,1786497250.890134,19.07,1,2,general_retail,pos_contactless,0.15,0.1,0.951,9.32,6.6,53460.1,0,0,110.98,0.69,0,0
00000000-0000-0000-08c4-1c13bf939dfa,usr_00373,1786497280.8707478,220.11,1,2,restaurant,online,0.1,0.6,0.571,11.59,1.83,1973.1,0,1,195.93,3.37,0,0
00000000-0000-0000-0735-4ccecf7bf282,usr_00573,1786497306.0261164,17.44,1,2,electronics,atm,0.65,0.25,0.973,10.04,8.21,59994.6,0,0,83.32,0.63,0,0
00000000-0000-0000-4d50-bd16a7eca408,usr_00833,1786497376.7836688,46.75,1,2,health,p2p,0.08,0.45,0.921,0.25,2.46,37285.3,0,0,98.45,1.42,0,0
00000000-0000-0000-0c88-04753b48e1ee,usr_00020,1786497385.4049742,20.38,1,2,grocery,pos_contactless,0.05,0.1,0.639,0.92,14.11,13716.1,0,0,195.77,0.62,0,0
00000000-0000-0000-34e8-58ee01fd025c,usr_00359,1786497406.642507,30.63,1,2,utilities,atm,0.04,0.25,0.756,93.84,9.07,8140.7,0,0,130.56,0.94,0,0
00000000-0000-0000-4028-7190c9408354,usr_00287,1786497423.8506844,46.8,1,2,health,atm,0.08,0.25,0.809,4.58,6.15,5380.3,0,0,169.61,1.1,0,0
00000000-0000-0000-258b-165656df63e6,usr_00672,1786497425.0711482,26.49,1,2,grocery,pos_contactless,0.05,0.1,0.744,0.91,10.61,86400.0,0,0,0.0,1.23,0,0
00000000-0000-0000-4b4f-c960e5cc4673,usr_00719,1786497432.3117452,15.19,1,2,utilities,pos_chip,0.04,0.05,0.781,7.19,1.67,77914.4,0,0,18.69,0.81,0,0
00000000-0000-0000-4816-bf2952d254c5,usr_00689,1786497506.769244,41.21,1,2,electronics,pos_chip,0.65,0.05,0.865,11.06,2.3,27976.6,0,0,138.6,1.19,0,0
00000000-0000-0000-2986-488c1c43177e,usr_00325,1786497519.5365436,40.45,1,2,health,pos_contactless,0.08,0.1,0.801,11.32,1.35,36429.2,0,0,355.35,0.57,0,0
00000000-0000-0000-0121-eec0a4750e86,usr_00967,1786497522.1935115,13.15,1,2,restaurant,online,0.1,0.6,0.883,1.89,5.51,29697.8,0,0,68.33,0.77,0,0
00000000-0000-0000-7584-8041e63e095c,usr_00218,1786497538.1600838,42.87,1,2,general_retail,pos_chip,0.15,0.05,0.881,8.77,6.75,7609.0,0,0,1269.71,0.3,0,0
00000000-0000-0000-2481-39e77d3c1835,usr_00535,1786497571.7970328,58.48,1,2,restaurant,p2p,0.1,0.45,0.668,7.83,5.09,6193.9,0,0,59.89,1.95,0,0
00000000-0000-0000-4ded-2a33c348cc4d,usr_00800,1786497622.252515,6.46,1,2,general_retail,online,0.15,0.6,0.953,2.76,1.35,2103.1,0,1,80.3,0.32,0,0
00000000-0000-0000-5728-bf208e1fc6b3,usr_00703,1786497648.3555655,32.39,1,2,general_retail,p2p,0.15,0.45,0.8,7.5,3.53,20786.5,0,0,69.76,0.93,0,0
00000000-0000-0000-4029-169a040f7c81,usr_00978,1786497656.4842136,10.82,1,2,general_retail,pos_contactless,0.15,0.1,0.917,10.13,5.61,56222.3,0,0,11.81,0.92,0,0
00000000-0000-0000-48fe-fef1c778c430,usr_00691,1786497684.5785718,27.77,1,2,utilities,pos_chip,0.04,0.05,0.683,33.17,1.91,37061.8,0,0,58.32,0.95,0,0
00000000-0000-0000-4fc4-8975ea2ee9e5,usr_00051,1786497710.1053243,49.89,1,2,health,online,0.08,0.6,0.913,11.93,0.8,23683.9,0,0,141.2,1.06,0,0
00000000-0000-0000-0fba-151603147e46,usr_00301,1786497774.0807848,18.77,1,2,grocery,p2p,0.05,0.45,0.86,13.76,1.63,1838.5,0,1,64.87,1.16,0,0
00000000-0000-0000-428a-c9944aa70af6,usr_00109,1786497799.2499619,11.02,1,2,utilities,atm,0.04,0.25,0.844,1.25,17.13,19390.7,0,0,80.68,0.68,0,0
00000000-0000-0000-19e4-0a7280100478,usr_00457,1786497816.2045896,10.92,1,2,utilities,atm,0.04,0.25,0.868,2.16,3.28,34872.7,0,0,76.68,0.57,0,0
00000000-0000-0000-63f3-c702c6095ccb,usr_00161,1786497821.1679506,9.96,1,2,utilities,online,0.04,0.6,0.91,3.35,9.69,16535.6,0,0,33.82,0.59,0,0
00000000-0000-0000-0076-4a5422c44a69,usr_00316,1786497840.237403,34.41,1,2,electronics,online,0.65,0.6,0.819,20.67,2.04,6454.1,0,0,215.5,0.8,0,0
00000000-0000-0000-09b0-f0a1ea453341,usr_00109,1786497847.916661,8.39,1,2,crypto,pos_chip,0.9,0.05,0.893,2.97,1.19,48.7,1,1,91.7,0.55,0,0
00000000-0000-0000-5bca-63e8896af1e7,usr_00510,1786497851.379946,60.23,1,2,general_retail,online,0.15,0.6,0.689,0.09,0.46,32624.5,0,0,53.94,2.23,0,0
00000000-0000-0000-6cfd-cab00216bc8c,usr_00139,1786497909.2814138,139.75,1,2,grocery,pos_chip,0.05,0.05,0.901,12.44,1.0,23859.6,0,0,1505.99,0.56,0,0
00000000-0000-0000-284f-4275bcee8baa,usr_00338,1786497920.7400038,42.11,1,2,travel,atm,0.4,0.25,0.785,7.49,2.81,4750.8,0,0,406.25,0.52,0,0
00000000-0000-0000-5f93-0fa66e0f795c,usr_00013,1786497961.1721802,71.82,1,2,health,pos_chip,0.08,0.05,0.883,9.32,1.63,8075.7,0,0,324.88,0.66,0,0
00000000-0000-0000-1375-686454603891,usr_00949,1786497998.7726467,4.3,1,2,restaurant,online,0.1,0.6,0.885,6.36,0.45,82035.0,0,0,4.22,0.86,0,0
00000000-0000-0000-32cd-6127c91800c0,usr_00257,1786498010.225763,36.42,1,2,restaurant,pos_contactless,0.1,0.1,0.907,2.94,11.14,5494.3,0,0,37.52,2.91,0,0
00000000-0000-0000-3ec5-1aafb5e8b15e,usr_00021,1786498020.1424763,19.54,1,2,jewelry,online,0.8,0.6,0.822,10.25,2.65,30060.6,0,0,91.39,1.28,0,0
00000000-0000-0000-01b2-877761f31754,usr_00300,1786498049.5088737,144.1,1,2,grocery,pos_chip,0.05,0.05,0.766,4.65,3.45,24655.1,0,0,529.19,0.82,1,0
00000000-0000-0000-30e3-29ab6309a4da,usr_00229,1786498050.0212228,31.24,1,2,utilities,pos_chip,0.04,0.05,0.898,0.52,7.9,17056.1,0,0,112.13,1.11,0,0
00000000-0000-0000-0919-d875b971c4c1,usr_00462,1786498082.3622375,6.89,1,2,general_retail,online,0.15,0.6,0.934,2.19,7.59,7146.6,0,0,119.89,0.52,1,0
00000000-0000-0000-7157-588f8bf73014,usr_00308,1786498089.30948,116.75,1,2,gaming,p2p,0.7,0.45,0.602,14.4,6.06,4804.8,0,0,236.12,1.98,0,0
00000000-0000-0000-72f5-d4967998bfc0,usr_00247,1786498094.3266172,85.13,1,2,utilities,pos_contactless,0.04,0.1,0.915,13.72,20.21,35981.2,0,0,159.48,1.07,0,0
00000000-0000-0000-29d1-6d807493a788,usr_00187,1786498100.427006,13.73,1,2,jewelry,pos_chip,0.8,0.05,0.637,20.05,0.75,46897.6,0,0,6.58,2.09,0,0
00000000-0000-0000-09bd-b52802c2bd91,usr_00293,1786498146.5161958,5.12,1,2,general_retail,online,0.15,0.6,0.884,7.71,0.13,2862.8,0,1,26.69,0.77,0,0
00000000-0000-0000-04b5-9414cf1cbb2b,usr_00839,1786498201.7717044,18.26,1,2,electronics,pos_contactless,0.65,0.1,0.979,7.81,1.28,62346.1,0,0,79.35,0.46,0,0
00000000-0000-0000-4a47-b31d299ef8fc,usr_00055,1786498213.2376544,11.29,1,2,restaurant,pos_contactless,0.1,0.1,0.977,13.15,0.31,38399.0,0,0,126.94,0.44,0,0
00000000-0000-0000-3d2f-8abc5e8fdd99,usr_00530,1786498239.6252544,25.91,1,2,crypto,pos_chip,0.9,0.05,0.853,7.16,0.35,10780.3,0,0,110.2,0.71,0,0
00000000-0000-0000-29ad-65a6fe28bd28,usr_00917,1786498376.837352,32.34,1,2,grocery,pos_contactless,0.05,0.1,0.939,7.64,1.57,51080.7,0,0,28.9,1.12,0,0
00000000-0000-0000-7e8d-a68d90652abb,usr_00560,1786498381.2536752,29.77,1,2,crypto,pos_chip,0.9,0.05,0.912,10.0,3.65,6765.3,0,0,99.37,1.2,0,0
00000000-0000-0000-740c-05325c2f523a,usr_00116,1786498400.701716,79.19,1,2,general_retail,online,0.15,0.6,0.569,2.38,7.02,12987.0,0,0,46.94,1.69,0,0
00000000-0000-0000-52eb-ef4076f11957,usr_00086,1786498406.0198991,25.45,1,2,gaming,online,0.7,0.6,0.813,5.45,2.39,63770.6,0,0,58.46,0.87,0,0
00000000-0000-0000-13dc-7fcb7469554f,usr_00224,1786498473.6681888,21.3,1,2,grocery,p2p,0.05,0.45,0.913,17.99,3.27,15032.9,0,0,182.3,0.7,0,0
00000000-0000-0000-5c28-c82c847cbf17,usr_00090,1786498475.2970798,38.5,1,2,gaming,online,0.7,0.6,0.689,0.99,7.69,24386.3,0,0,126.12,0.92,0,0
00000000-0000-0000-64bb-f287a975fe66,usr_00264,1786498476.7838748,52.79,1,2,utilities,online,0.04,0.6,0.891,41.46,0.16,35277.3,0,0,339.97,0.93,0,0
00000000-0000-0000-22d4-d6b90057303d,usr_00818,1786498489.1263742,30.63,1,2,grocery,pos_chip,0.05,0.05,0.964,1.77,3.54,3048.8,0,1,144.2,0.85,0,0
00000000-0000-0000-77fc-be234ab64398,usr_00848,1786498491.7648726,42.03,1,2,health,p2p,0.08,0.45,0.829,5.75,1.79,41792.0,0,0,35.27,1.19,0,0
00000000-0000-0000-38d1-9ce9fa2e6b50,usr_00722,1786498500.9126484,17.8,1,2,electronics,pos_chip,0.65,0.05,0.817,19.49,8.32,6993.2,0,0,13.69,2.6,0,0
00000000-0000-0000-1c92-382965adc4d6,usr_00466,1786498540.7296748,58.71,1,2,health,online,0.08,0.6,0.761,16.04,0.41,9610.9,0,0,56.99,2.06,0,0
00000000-0000-0000-299d-852d3da95479,usr_00039,1786498550.9547818,35.41,1,2,utilities,pos_contactless,0.04,0.1,0.946,16.02,0.11,11217.4,0,0,209.86,0.67,0,0
00000000-0000-0000-047d-55e90347218c,usr_00339,1786498551.7108345,53.31,1,2,restaurant,pos_contactless,0.1,0.1,0.918,4.78,1.81,3548.5,0,1,246.49,0.65,0,0
00000000-0000-0000-1864-c480e17da937,usr_00829,1786498635.9014034,6.23,1,2,restaurant,pos_chip,0.1,0.05,0.943,14.16,3.68,10330.9,0,0,29.62,0.63,0,0
00000000-0000-0000-1af0-5a6e829c60d3,usr_00311,1786498639.432746,74.8,1,2,gaming,pos_contactless,0.7,0.1,0.829,5.02,1.52,21229.1,0,0,203.04,1.84,0,0
00000000-0000-0000-0bf3-3a6db9f97035,usr_00421,1786498658.0645392,4.98,1,2,restaurant,pos_chip,0.1,0.05,0.798,2.38,5.08,86400.0,0,0,0.0,0.25,0,0
00000000-0000-0000-7639-732d2e708a42,usr_00515,1786498676.798419,89.54,1,2,restaurant,online,0.1,0.6,0.87,18.85,2.95,4646.2,0,0,138.99,1.93,0,0
00000000-0000-0000-48c7-1d48fbffc4cf,usr_00649,1786498687.8059907,27.15,1,2,grocery,online,0.05,0.6,0.946,10.33,7.67,110248.9,0,0,0.0,1.04,0,0
00000000-0000-0000-4348-41881a8a5d63,usr_00103,1786498688.0541341,91.89,1,2,electronics,atm,0.65,0.25,0.932,17.93,0.79,42819.7,0,0,31.75,2.89,0,0
00000000-0000-0000-5e28-a1faeed67860,usr_00503,1786498702.5496392,9.38,1,2,health,online,0.08,0.6,0.904,6.8,7.41,41460.1,0,0,62.6,0.6,0,0
00000000-0000-0000-13da-73b77fd80e56,usr_00918,1786498709.9864442,107.85,1,2,gaming,online,0.7,0.6,0.847,19.62,1.41,4326.7,0,0,410.2,1.31,0,0
00000000-0000-0000-5cf1-b12f1be7186e,usr_00097,1786498737.4834402,21.26,1,2,restaurant,atm,0.1,0.25,0.79,6.69,4.22,10395.5,0,0,79.21,1.07,0,0
00000000-0000-0000-6935-3ea9bee28ffe,usr_00398,1786498738.7369704,30.26,1,2,utilities,pos_chip,0.04,0.05,0.729,14.08,1.49,69733.7,0,0,121.07,0.25,0,0
00000000-0000-0000-7eb7-2861e6e605ec,usr_00177,1786498771.5998178,63.48,1,2,grocery,online,0.05,0.6,0.791,0.29,6.53,4478.2,0,0,286.26,1.55,0,0
00000000-0000-0000-72fb-3a8342835afa,usr_00354,1786498797.9177296,51.46,1,2,restaurant,online,0.1,0.6,0.869,14.1,0.97,103491.8,0,0,0.0,0.82,0,0
00000000-0000-0000-6948-132dae8bd81f,usr_00328,1786498824.765929,16.66,1,2,restaurant,pos_chip,0.1,0.05,0.807,7.67,9.96,12628.5,0,0,93.44,0.71,0,0
00000000-0000-0000-66f5-4b499d4001e0,usr_00644,1786498851.7175252,25.11,1,2,grocery,atm,0.05,0.25,0.854,18.75,8.32,76243.3,0,0,40.79,1.23,0,0
00000000-0000-0000-2146-26f1df7af872,usr_00253,1786498918.8797505,28.62,1,2,restaurant,online,0.1,0.6,0.886,1.71,9.12,41444.7,0,0,26.61,3.23,0,0
00000000-0000-0000-4278-812c9086bf0d,usr_00236,1786498921.67494,14.09,1,2,grocery,pos_contactless,0.05,0.1,0.9,4.69,7.42,21687.1,0,0,21.6,1.96,0,0
00000000-0000-0000-6921-f4b17d9c5c28,usr_00639,1786498923.61174,36.56,1,2,general_retail,online,0.15,0.6,0.735,9.59,2.04,5226.4,0,0,146.78,0.75,0,0
00000000-0000-0000-0c18-384bfb539d5a,usr_00603,1786498925.4746695,17.68,1,2,general_retail,pos_chip,0.15,0.05,0.864,0.96,5.73,45129.3,0,0,64.35,0.82,0,0
00000000-0000-0000-536c-1e71aeded6e0,usr_00297,1786498943.3294868,40.43,1,2,grocery,p2p,0.05,0.45,0.866,0.16,7.68,3548.8,0,1,106.6,1.52,0,0
00000000-0000-0000-12ae-35c9b027b1c9,usr_00782,1786498946.0386918,130.54,1,2,gaming,pos_chip,0.7,0.05,0.816,4.83,0.98,23310.9,0,0,226.63,1.73,0,0
00000000-0000-0000-0493-11afccdc74dc,usr_00008,1786498964.352903,29.49,1,2,restaurant,pos_contactless,0.1,0.1,0.922,49.05,3.82,20432.4,0,0,311.13,0.76,0,0
00000000-0000-0000-3e26-ff252ee26368,usr_00733,1786498984.2880616,44.35,1,2,utilities,pos_contactless,0.04,0.1,0.867,13.15,13.02,18281.5,0,0,115.75,1.15,0,0
00000000-0000-0000-621d-3d776d91f770,usr_00515,1786498987.0330582,13.72,1,2,grocery,pos_chip,0.05,0.05,0.852,4.73,1.6,310.2,0,1,228.53,0.24,0,0
00000000-0000-0000-6b75-7b8f6e93b18b,usr_00491,1786499026.9200523,45.46,1,2,restaurant,online,0.1,0.6,0.799,18.14,5.32,22619.2,0,0,208.91,0.87,0,0
00000000-0000-0000-792f-209e80152ca0,usr_00699,1786499037.4111814,16.77,1,2,restaurant,pos_chip,0.1,0.05,0.612,63.59,1.33,25185.7,0,0,225.81,0.22,0,0
00000000-0000-0000-1f4c-2e07e8703532,usr_00361,1786499065.1092,41.78,1,2,health,pos_contactless,0.08,0.1,0.943,2.3,8.36,8526.5,0,0,150.36,0.83,0,0
00000000-0000-0000-24fb-0ceae0bd1aad,usr_00342,1786499093.1744962,55.17,1,2,electronics,atm,0.65,0.25,0.749,2.79,10.82,21278.5,0,0,128.53,1.72,0,0
00000000-0000-0000-243d-a7e7affcdb8e,usr_00589,1786499097.5692823,92.66,1,2,grocery,pos_contactless,0.05,0.1,0.747,20.41,2.7,75899.2,0,0,105.53,0.88,0,0
00000000-0000-0000-1164-42f675e044fc,usr_00292,1786499153.1426759,94.57,1,2,health,pos_contactless,0.08,0.1,0.96,5.77,9.6,42085.7,0,0,306.25,0.62,0,0
00000000-0000-0000-0baa-e0d6834b472b,usr_00756,1786499160.7824903,16.69,1,2,gaming,online,0.7,0.6,0.782,0.12,8.06,31626.0,0,0,17.41,0.96,0,0
00000000-0000-0000-4a27-93d2a4431556,usr_00072,1786499240.9942362,11.59,1,2,grocery,pos_chip,0.05,0.05,0.871,15.89,2.56,17911.8,0,0,110.86,0.42,0,0
00000000-0000-0000-7d13-2be00673736f,usr_00277,1786499243.3257947,14.4,1,2,health,pos_chip,0.08,0.05,0.893,11.72,0.3,33147.6,0,0,93.0,0.77,0,0
00000000-0000-0000-79b2-6369aeb88333,usr_00387,1786499243.6927645,71.97,1,2,utilities,p2p,0.04,0.45,0.605,9.16,0.07,36054.1,0,0,93.39,1.54,0,0
00000000-0000-0000-3f92-0816144f4b8f,usr_00133,1786499248.4293115,22.45,1,2,jewelry,online,0.8,0.6,0.896,1.61,0.75,8405.2,0,0,193.4,0.58,0,0
00000000-0000-0000-6251-7c4177eb3b85,usr_00778,1786499263.5130222,36.22,1,2,general_retail,pos_chip,0.15,0.05,0.892,3.88,2.56,59568.5,0,0,20.59,1.76,0,0
00000000-0000-0000-2403-211c00fe4bad,usr_00653,1786499282.089086,13.55,1,2,health,pos_chip,0.08,0.05,0.952,1.81,2.87,23162.4,0,0,41.63,0.65,0,0
00000000-0000-0000-3362-ba4e4d83238a,usr_00836,1786499308.0281446,28.9,1,2,general_retail,pos_chip,0.15,0.05,0.872,19.53,6.44,15952.0,0,0,98.03,0.88,0,0
00000000-0000-0000-2182-e4e6ca71ef12,usr_00167,1786499330.099331,84.32,1,2,travel,p2p,0.4,0.45,0.758,1.59,4.98,18137.7,0,0,193.22,2.18,0,0
00000000-0000-0000-5a32-132d760f916c,usr_00330,1786499339.5131779,86.99,1,2,restaurant,pos_chip,0.1,0.05,0.858,22.72,1.39,31254.9,0,0,241.62,1.8,0,0
00000000-0000-0000-2bf4-f37010ce3315,usr_00368,1786499370.1410224,37.59,1,2,grocery,pos_contactless,0.05,0.1,0.687,23.17,5.58,4305.9,0,0,106.52,1.41,0,0
00000000-0000-0000-0c94-588e12a705c5,usr_00758,1786499371.8507993,29.96,1,2,restaurant,pos_chip,0.1,0.05,0.769,14.54,8.01,7588.3,0,0,358.36,0.33,0,0
00000000-0000-0000-25a6-a53959967bc4,usr_00202,1786499372.6800277,78.91,1,2,utilities,pos_chip,0.04,0.05,0.711,10.02,9.53,4151.2,0,0,98.12,1.61,0,0
00000000-0000-0000-6c93-9d1bbec466d6,usr_00928,1786499376.027347,24.6,1,2,restaurant,online,0.1,0.6,0.855,5.94,9.94,2711.6,0,1,213.18,0.81,0,0
00000000-0000-0000-2853-99b0ac74c591,usr_00457,1786499379.4535272,14.94,1,2,grocery,online,0.05,0.6,0.797,1.23,8.49,1563.2,0,1,87.6,0.85,0,0
00000000-0000-0000-0466-e8209ef841b1,usr_00030,1786499391.5537279,176.62,1,2,general_retail,online,0.15,0.6,0.759,0.02,8.14,17291.9,0,0,586.78,1.2,0,0
00000000-0000-0000-7ddb-924b65523b26,usr_00609,1786499414.417543,84.97,1,2,grocery,atm,0.05,0.25,0.847,10.06,4.39,3928.7,0,0,173.04,2.46,0,0
00000000-0000-0000-6b40-6bd67a0c8d14,usr_00344,1786499509.0169618,29.35,1,2,general_retail,pos_chip,0.15,0.05,0.864,1.27,9.7,36134.7,0,0,24.06,1.22,0,0
00000000-0000-0000-48ab-ad4621f61f23,usr_00440,1786499515.4619844,18.74,1,2,restaurant,pos_contactless,0.1,0.1,0.645,33.45,6.87,9536.7,0,0,150.52,0.62,0,0
00000000-0000-0000-2b9c-4c1382a32e2a,usr_00688,1786499537.9899087,39.92,1,2,restaurant,pos_chip,0.1,0.05,0.995,18.78,2.03,24487.1,0,0,81.66,1.96,0,0
00000000-0000-0000-3dca-3dbf82731c16,usr_00132,1786499541.8671281,46.08,1,2,utilities,atm,0.04,0.25,0.66,1.23,13.22,14216.5,0,0,117.96,1.17,0,0
00000000-0000-0000-75ee-577306c3dbbf,usr_00290,1786499543.1926453,19.81,1,2,health,pos_chip,0.08,0.05,0.79,4.29,2.34,5753.5,0,0,165.44,0.72,0,0
00000000-0000-0000-5c62-a7d2af29ace4,usr_00054,1786499543.9313025,38.17,1,2,general_retail,pos_contactless,0.15,0.1,0.922,5.38,3.02,26269.2,0,0,99.47,1.53,0,0
00000000-0000-0000-0367-04c0a5d0b0ab,usr_00689,1786499576.2309856,25.04,1,2,restaurant,pos_chip,0.1,0.05,0.842,2.35,1.52,2069.5,0,1,179.81,0.7,0,0
00000000-0000-0000-26f0-07408a33b59d,usr_00260,1786499674.5358014,36.78,1,2,grocery,pos_contactless,0.05,0.1,0.615,5.27,0.33,38489.6,0,0,63.18,1.75,0,0
00000000-0000-0000-70f0-7a2404842ed7,usr_00830,1786499742.0612936,25.76,1,2,general_retail,online,0.15,0.6,0.831,23.01,5.49,50999.7,0,0,51.41,1.0,0,0
00000000-0000-0000-2629-65516182b276,usr_00207,1786499756.3344467,16.15,1,2,utilities,pos_contactless,0.04,0.1,0.776,0.31,2.09,22331.6,0,0,22.29,1.45,0,0
00000000-0000-0000-78cb-bfae59435cd3,usr_00683,1786499757.4722679,27.01,1,2,restaurant,pos_chip,0.1,0.05,0.928,1.4,2.81,30373.9,0,0,74.13,1.46,0,0
00000000-0000-0000-7a23-38bfec5832b5,usr_00752,1786499762.0506957,23.1,1,2,grocery,pos_contactless,0.05,0.1,0.834,1.69,5.08,30656.8,0,0,81.61,1.13,0,0
00000000-0000-0000-2976-bdd9a16308f0,usr_00560,1786499801.737026,28.77,1,2,grocery,online,0.05,0.6,0.978,12.99,2.36,1420.5,0,1,129.14,1.11,0,0
00000000-0000-0000-3668-cd97a00b0d09,usr_00286,1786499807.9236321,60.12,1,2,restaurant,online,0.1,0.6,0.702,14.05,7.85,14364.2,0,0,142.52,1.27,0,0
00000000-0000-0000-43f6-1dad03d84760,usr_00693,1786499829.8196068,16.19,1,2,grocery,pos_chip,0.05,0.05,0.836,2.25,0.26,21710.6,0,0,31.78,2.04,0,0
00000000-0000-0000-6021-93c58c20bc5e,usr_00359,1786499838.8452687,16.39,1,2,health,online,0.08,0.6,0.791,16.4,0.56,2432.2,0,1,161.19,0.51,0,0
00000000-0000-0000-66dc-40d5d23622a4,usr_00354,1786499856.637614,85.9,1,2,general_retail,online,0.15,0.6,0.887,1.97,5.37,1058.7,0,1,51.46,1.67,0,0
00000000-0000-0000-35fc-d8971b4e00cf,usr_00394,1786499897.3394759,64.55,1,2,general_retail,pos_contactless,0.15,0.1,0.898,8.43,12.41,4336.5,0,0,276.42,1.17,0,0
00000000-0000-0000-5211-ccf70d3a3a1a,usr_00241,1786499911.854247,26.93,1,2,crypto,online,0.9,0.6,0.89,0.89,8.55,33984.6,0,0,68.93,0.78,0,0
00000000-0000-0000-4229-3865f62a33ce,usr_00702,1786500034.0092218,17.66,2,2,jewelry,pos_contactless,0.8,0.1,0.64,3.26,9.89,21062.7,0,0,83.63,0.63,0,0
00000000-0000-0000-61b6-bc5125f61b4a,usr_00595,1786500045.5274255,29.07,2,2,utilities,pos_chip,0.04,0.05,0.596,9.69,6.68,11383.0,0,0,136.9,0.85,0,0
00000000-0000-0000-7bfe-f95695489825,usr_00488,1786500056.629348,15.85,2,2,general_retail,online,0.15,0.6,0.941,0.23,7.65,49671.9,0,0,37.78,0.84,0,0
00000000-0000-0000-3bc7-79c502554761,usr_00430,1786500073.2936432,11.02,2,2,health,pos_contactless,0.08,0.1,0.858,27.43,0.36,8947.9,0,0,65.93,0.67,0,0
00000000-0000-0000-0909-2c5ac9c7b10c,usr_00199,1786500074.7769527,31.94,2,2,travel,pos_contactless,0.4,0.1,0.88,0.36,1.42,9391.8,0,0,244.07,0.92,0,0
00000000-0000-0000-1b22-77c07979bfd0,usr_00930,1786500115.5990484,71.2,2,2,utilities,pos_contactless,0.04,0.1,0.758,6.87,1.88,3793.6,0,0,359.31,1.59,0,0
00000000-0000-0000-381e-4a9bc1b25fa3,usr_00178,1786500127.518375,50.93,2,2,general_retail,p2p,0.15,0.45,0.911,16.16,0.71,16124.8,0,0,74.64,2.05,0,0
00000000-0000-0000-7a5e-4b4ec7b4432e,usr_00844,1786500157.3036735,53.52,2,2,gaming,p2p,0.7,0.45,0.853,7.64,7.78,77957.4,0,0,21.15,2.53,0,0
00000000-0000-0000-26b3-6fd4e2f7df62,usr_00312,1786500176.504353,154.9,2,2,utilities,pos_chip,0.04,0.05,0.867,30.19,0.72,20599.5,0,0,154.09,2.01,0,0
00000000-0000-0000-0692-11b6b26c815a,usr_00968,1786500198.4968343,72.84,2,2,grocery,online,0.05,0.6,0.898,3.28,9.8,32984.0,0,0,246.72,1.18,0,0
00000000-0000-0000-62c1-cd92bf57adce,usr_00429,1786500223.0998669,26.08,2,2,general_retail,pos_chip,0.15,0.05,0.978,12.48,1.49,14641.7,0,0,206.65,0.63,0,0
00000000-0000-0000-4185-9bde13c7543b,usr_00772,1786500230.3180244,51.88,2,2,health,pos_chip,0.08,0.05,0.558,1.38,0.05,47208.6,0,0,121.71,1.28,0,0
00000000-0000-0000-7340-809a864133c0,usr_00364,1786500270.2912948,20.07,2,2,grocery,online,0.05,0.6,0.818,0.44,7.35,3036.4,0,1,155.16,0.52,0,0
00000000-0000-0000-5181-67984316f8cb,usr_00544,1786500270.3097708,14.67,2,2,utilities,p2p,0.04,0.45,0.555,25.21,8.42,15598.5,0,0,167.1,0.53,0,0
00000000-0000-0000-68ba-c1ec405fdb70,usr_00587,1786500272.1840007,13.22,2,2,utilities,online,0.04,0.6,0.938,21.98,0.23,11713.3,0,0,234.47,0.28,0,0
00000000-0000-0000-26ef-7fa6acef3e01,usr_00417,1786500305.4267492,58.98,2,2,general_retail,p2p,0.15,0.45,0.852,65.54,4.53,5257.2,0,0,179.7,0.98,0,0
00000000-0000-0000-4432-c84fdeea78c0,usr_00718,1786500373.6804986,32.37,2,2,grocery,online,0.05,0.6,0.728,6.65,1.28,30448.0,0,0,40.92,1.58,0,0
00000000-0000-0000-2cf9-eaf8dd97ad05,usr_00080,1786500380.8777337,42.21,2,2,gaming,online,0.7,0.6,0.741,13.4,1.75,3496.7,0,1,124.7,0.68,0,0
00000000-0000-0000-4733-4a629a9fb899,usr_00750,1786500384.7300076,33.94,2,2,utilities,online,0.04,0.6,0.923,3.44,1.81,18002.3,0,0,83.87,1.21,0,0
00000000-0000-0000-3456-748eefcf1f6f,usr_00095,1786500401.2678275,15.5,2,2,utilities,online,0.04,0.6,0.803,2.14,10.34,37946.9,0,0,18.43,0.84,0,0
00000000-0000-0000-2a9e-a61a171c2e31,usr_00396,1786500404.913685,53.92,2,2,gaming,pos_chip,0.7,0.05,0.913,8.33,7.42,10284.5,0,0,404.87,0.8,0,0
00000000-0000-0000-74e5-23c1c5ce7410,usr_00874,1786500405.555287,31.42,2,2,general_retail,pos_chip,0.15,0.05,0.815,38.38,7.41,4477.3,0,0,80.99,1.94,0,0
00000000-0000-0000-3e77-86e274c08c57,usr_00458,1786500422.433808,27.23,2,2,jewelry,online,0.8,0.6,0.917,26.44,1.57,93521.5,0,0,0.0,0.67,0,0
00000000-0000-0000-7af6-fa33ac8a85cc,usr_00858,1786500425.110293,6.33,2,2,utilities,pos_contactless,0.04,0.1,0.32,27.57,11.01,21204.9,0,0,57.92,0.55,0,0
00000000-0000-0000-5d2e-252c8f7fb9b2,usr_00952,1786500448.5056434,74.66,2,2,utilities,pos_chip,0.04,0.05,0.809,12.0,7.0,37194.0,0,0,388.41,1.15,0,0
00000000-0000-0000-3e52-0595694678c7,usr_00805,1786500459.8965578,105.43,2,2,restaurant,online,0.1,0.6,0.913,1.6,0.65,5927.5,0,0,396.09,1.33,0,0
00000000-0000-0000-7598-7dd56d33ab0d,usr_00620,1786500526.048781,16.22,2,2,health,atm,0.08,0.25,0.751,6.23,0.15,48896.7,0,0,137.57,0.35,0,0
00000000-0000-0000-0d8f-f4f7afadb44e,usr_00231,1786500546.696713,27.26,2,2,restaurant,pos_contactless,0.1,0.1,0.901,1.72,1.99,31955.3,0,0,7.52,3.63,0,0
00000000-0000-0000-3592-f10f8243c268,usr_00602,1786500577.431295,62.35,2,2,utilities,online,0.04,0.6,0.85,3.09,2.04,74203.6,0,0,18.54,3.36,0,0
00000000-0000-0000-0161-1b67197c4b18,usr_00858,1786500593.1401954,10.84,2,2,grocery,online,0.05,0.6,0.924,25.56,6.53,168.0,1,1,64.25,1.01,0,0
00000000-0000-0000-6ea2-6659592b2fa2,usr_00579,1786500619.1888552,20.94,2,2,utilities,pos_chip,0.04,0.05,0.685,17.27,12.27,9769.7,0,0,269.57,0.39,0,0
00000000-0000-0000-42ba-7354ad85e384,usr_00773,1786500660.6131663,60.06,2,2,grocery,online,0.05,0.6,0.877,11.18,3.19,16907.4,0,0,247.48,0.49,0,0
00000000-0000-0000-0469-d6a83389a4be,usr_00053,1786500677.5170774,16.62,2,2,restaurant,pos_chip,0.1,0.05,0.699,15.69,3.19,6049.6,0,0,204.87,0.41,0,0
00000000-0000-0000-193a-509181de8ab4,usr_00371,1786500694.3446724,66.72,2,2,grocery,online,0.05,0.6,0.935,35.66,3.58,23477.3,0,0,499.82,0.53,0,0
00000000-0000-0000-633c-6a45f3d88f3f,usr_00101,1786500698.7390542,37.3,2,2,grocery,pos_contactless,0.05,0.1,0.983,36.2,1.16,41300.0,0,0,165.43,0.45,0,0
00000000-0000-0000-1c88-8e61dca4169e,usr_00604,1786500699.3859766,46.66,2,2,grocery,online,0.05,0.6,0.663,3.99,3.18,38392.1,0,0,61.4,2.28,0,0
00000000-0000-0000-7149-8e8920be413c,usr_00276,1786500707.4210389,50.14,2,2,general_retail,pos_chip,0.15,0.05,0.905,4.88,4.34,71318.4,0,0,41.44,2.42,0,0
00000000-0000-0000-3230-7fb195883e2d,usr_00187,1786500725.7083666,15.86,2,2,general_retail,pos_contactless,0.15,0.1,0.719,10.36,8.09,2625.3,0,1,20.31,1.56,0,0
00000000-0000-0000-06c8-11f6d718d2a8,usr_00833,1786500762.0717163,16.81,2,2,utilities,pos_chip,0.04,0.05,0.681,3.19,1.26,3385.3,0,1,145.2,0.46,0,0
00000000-0000-0000-52e5-a81417187078,usr_00169,1786500778.900751,26.3,2,2,electronics,atm,0.65,0.25,0.524,1.47,5.49,63300.6,0,0,60.71,1.3,0,0
00000000-0000-0000-48a8-e76bd31e20ed,usr_00459,1786500848.6607018,26.74,2,2,general_retail,p2p,0.15,0.45,0.868,15.27,4.97,11575.0,0,0,235.72,0.68,0,0
00000000-0000-0000-0afb-af9d4ff7c054,usr_00092,1786500873.1162004,19.33,2,2,health,atm,0.08,0.25,0.574,17.52,9.78,8856.5,0,0,96.65,1.0,0,0
00000000-0000-0000-157b-5c32908ef845,usr_00674,1786500917.2291186,66.68,2,2,grocery,atm,0.05,0.25,0.859,10.59,0.26,84416.0,0,0,71.54,1.86,0,0
00000000-0000-0000-0450-89b787c912a1,usr_00422,1786501058.318169,34.33,2,2,utilities,online,0.04,0.6,0.851,10.45,0.15,15958.3,0,0,47.6,2.16,0,0
00000000-0000-0000-2f81-33d740e49845,usr_00171,1786501117.0724838,29.85,2,2,general_retail,pos_contactless,0.15,0.1,0.516,38.06,3.42,22296.1,0,0,307.82,0.48,0,0
00000000-0000-0000-70da-6fbdf8a61e7c,usr_00478,1786501191.7342596,36.91,2,2,gaming,pos_chip,0.7,0.05,0.685,3.78,2.08,21991.5,0,0,148.89,0.99,0,0
00000000-0000-0000-647c-466e07b9aab8,usr_00488,1786501205.0773928,48.79,2,2,grocery,pos_contactless,0.05,0.1,0.552,7.47,5.81,1148.4,0,1,53.63,2.73,0,0
00000000-0000-0000-1e00-095d404717a0,usr_00958,1786501209.456871,54.66,2,2,grocery,pos_chip,0.05,0.05,0.763,0.08,2.18,54966.4,0,0,30.52,1.79,0,0
00000000-0000-0000-13cb-4ccf3db92ffb,usr_00817,1786501220.2805738,33.84,2,2,grocery,pos_chip,0.05,0.05,0.907,1.36,6.28,13401.0,0,0,98.61,1.03,0,0
00000000-0000-0000-7ba9-b5ad5a0cafb4,usr_00668,1786501222.4028096,25.33,2,2,gaming,pos_contactless,0.7,0.1,0.743,17.07,2.68,6625.8,0,0,31.1,1.63,0,0
00000000-0000-0000-0183-391df2f2177f,usr_00964,1786501225.4773066,41.89,2,2,restaurant,pos_chip,0.1,0.05,0.502,39.7,5.14,17500.2,0,0,92.42,1.36,0,0
00000000-0000-0000-75a5-de5ef058598e,usr_00405,1786501226.0401726,17.25,2,2,grocery,online,0.05,0.6,0.781,1.89,10.83,33616.9,0,0,79.16,0.44,0,0
00000000-0000-0000-0d60-d1cde2755bd4,usr_00036,1786501226.0768397,36.91,2,2,general_retail,pos_contactless,0.15,0.1,0.565,13.73,1.63,48263.7,0,0,151.39,0.98,0,0
00000000-0000-0000-1ed2-7c603a7c3695,usr_00258,1786501283.9885795,56.04,2,2,restaurant,atm,0.1,0.25,0.542,10.36,1.12,22506.3,0,0,112.86,1.49,0,0
00000000-0000-0000-63d0-58c1f81df105,usr_00338,1786501371.0912635,52.37,2,2,utilities,pos_chip,0.04,0.05,0.575,5.34,13.43,3450.4,0,1,448.36,0.7,0,0
00000000-0000-0000-24c3-ad9602a48528,usr_00328,1786501399.07693,23.68,2,2,grocery,online,0.05,0.6,0.729,15.61,7.11,2574.3,0,1,110.1,1.08,0,0
00000000-0000-0000-7a05-9a3639e400ab,usr_00308,1786501420.6115918,51.18,2,2,restaurant,online,0.1,0.6,0.903,13.17,3.21,3331.3,0,1,352.87,0.73,0,0
00000000-0000-0000-64b9-ddbd88a87bef,usr_00595,1786501437.5269685,41.05,2,2,grocery,pos_chip,0.05,0.05,0.864,2.43,4.45,1392.0,0,1,165.97,1.24,0,0
00000000-0000-0000-07d8-143632c35221,usr_00429,1786501528.557999,39.12,2,2,gaming,pos_contactless,0.7,0.1,0.845,8.61,2.45,1305.5,0,1,232.73,1.01,0,0
00000000-0000-0000-1036-017cff7489e0,usr_00766,1786501538.26686,45.39,2,2,restaurant,online,0.1,0.6,0.725,7.85,7.19,22621.2,0,0,310.57,0.88,0,0
00000000-0000-0000-639b-13cae42c1bfc,usr_00758,1786501576.3031209,49.6,2,2,grocery,online,0.05,0.6,0.781,1.05,10.94,2204.5,0,1,388.32,0.64,0,0
00000000-0000-0000-29dc-951fa7cc89f7,usr_00598,1786501583.151983,30.88,2,2,grocery,pos_chip,0.05,0.05,0.713,7.18,11.09,4693.3,0,0,177.09,0.87,0,0
00000000-0000-0000-37a0-038e0948ffb0,usr_00052,1786501590.1519825,13.17,2,2,restaurant,pos_contactless,0.1,0.1,0.885,27.86,4.4,21965.4,0,0,65.36,0.81,0,0
00000000-0000-0000-5a8b-5c8ffa1a0421,usr_00830,1786501620.8810863,52.4,2,2,restaurant,pos_chip,0.1,0.05,0.742,0.84,8.87,1878.8,0,1,77.17,2.04,0,0
00000000-0000-0000-5dff-b7102539f495,usr_00933,1786501657.1103964,126.71,2,2,restaurant,pos_contactless,0.1,0.1,0.648,7.39,2.4,46301.2,0,0,236.97,1.07,0,0
00000000-0000-0000-27bc-e8d8f13b61f0,usr_00408,1786501660.195496,5.89,2,2,electronics,pos_contactless,0.65,0.1,0.695,10.19,1.14,4772.9,0,0,81.24,0.65,0,0
00000000-0000-0000-5ae8-b065e0faf0de,usr_00854,1786501686.9891183,45.67,2,2,grocery,pos_contactless,0.05,0.1,0.856,17.2,3.14,4691.3,0,0,197.51,1.39,0,0
00000000-0000-0000-47c7-1dd919c21e98,usr_00388,1786501712.2332046,24.84,2,2,restaurant,online,0.1,0.6,0.924,1.9,5.86,69185.7,0,0,114.88,0.65,0,0
00000000-0000-0000-69b7-c5b783bed760,usr_00072,1786501717.6505067,10.0,2,2,grocery,pos_chip,0.05,0.05,0.733,26.03,8.95,2476.7,0,1,122.45,0.41,0,0
00000000-0000-0000-5aef-3b94632dfdbe,usr_00408,1786501781.6637836,12.08,2,2,health,pos_chip,0.08,0.05,0.65,6.19,12.15,121.5,1,1,87.13,1.39,0,0
00000000-0000-0000-12c1-27581eca0e0c,usr_00336,1786501798.6371114,32.96,2,2,travel,online,0.4,0.6,0.882,0.93,3.07,40774.8,0,0,92.17,1.07,0,0
00000000-0000-0000-6bab-3cc5f27162e9,usr_00400,1786501809.188879,17.06,2,2,grocery,pos_chip,0.05,0.05,0.742,5.22,6.4,79622.6,0,0,77.91,0.22,0,0
00000000-0000-0000-3f4a-cd6137807eae,usr_00507,1786501819.5013957,39.52,2,2,grocery,online,0.05,0.6,0.602,4.43,3.93,8160.5,0,0,311.79,0.63,0,0
00000000-0000-0000-1e18-6ff20440f3ad,usr_00191,1786501830.1921213,13.31,2,2,grocery,online,0.05,0.6,0.828,1.08,6.52,40246.7,0,0,18.83,0.71,0,0
00000000-0000-0000-0003-bb288990db4b,usr_00572,1786501831.4427555,108.8,2,2,general_retail,online,0.15,0.6,0.828,26.58,0.93,6693.2,0,0,85.55,2.54,0,0
00000000-0000-0000-5f45-a3d6921057b2,usr_00056,1786501866.3640118,33.66,2,2,electronics,pos_chip,0.65,0.05,0.759,24.11,17.28,8558.9,0,0,130.61,0.77,0,0
00000000-0000-0000-0c3d-3de3b58a82fe,usr_00641,1786501940.386205,101.58,2,2,utilities,online,0.04,0.6,0.93,8.43,1.38,25144.3,0,0,305.8,1.33,0,0
00000000-0000-0000-1904-2d3502a2a143,usr_00462,1786501994.1406903,12.97,2,2,restaurant,pos_contactless,0.1,0.1,0.971,3.65,4.05,3911.8,0,0,126.78,1.02,0,0
00000000-0000-0000-4f8e-62d1af69466e,usr_00503,1786502005.6674428,15.01,2,2,grocery,online,0.05,0.6,0.921,11.42,16.09,3303.1,0,1,71.98,1.04,0,0
00000000-0000-0000-6ebc-7698f1afb5e8,usr_00314,1786502037.2233195,62.84,2,2,restaurant,p2p,0.1,0.45,0.96,12.86,0.29,20940.0,0,0,390.51,1.29,0,0
00000000-0000-0000-6018-6689928be982,usr_00796,1786502047.4983993,58.53,2,2,grocery,pos_contactless,0.05,0.1,0.795,3.69,0.7,17071.3,0,0,452.33,0.78,0,0
00000000-0000-0000-1bf7-1e4ce8f5350f,usr_00479,1786502051.4834573,173.88,2,2,grocery,online,0.05,0.6,0.832,5.67,0.14,30883.1,0,0,1115.81,0.93,0,0
00000000-0000-0000-1107-4b9ba3ddc908,usr_00942,1786502062.8970542,80.86,2,2,restaurant,pos_chip,0.1,0.05,0.906,9.83,10.39,50830.6,0,0,137.64,1.76,0,0
00000000-0000-0000-1be1-562fcdb7f090,usr_00091,1786502074.5993264,25.43,2,2,grocery,online,0.05,0.6,0.872,7.12,14.52,14986.0,0,0,52.9,0.96,0,0
00000000-0000-0000-4f02-3cdf53243580,usr_00399,1786502079.5076852,106.81,2,2,gaming,online,0.7,0.6,0.928,3.23,1.1,6912.9,0,0,240.12,4.0,0,0
00000000-0000-0000-2d73-c215e09606f1,usr_00578,1786502092.064442,30.11,2,2,utilities,atm,0.04,0.25,0.649,1.25,15.32,6969.0,0,0,117.26,1.03,0,0
00000000-0000-0000-7ebf-5234b1d2de35,usr_00570,1786502107.0591168,30.73,2,2,restaurant,pos_chip,0.1,0.05,0.781,4.05,0.06,58703.7,0,0,8.57,3.59,0,0
00000000-0000-0000-5b2e-bff503353c80,usr_00869,1786502114.435602,31.68,2,2,general_retail,online,0.15,0.6,0.661,10.48,6.84,11383.3,0,0,77.22,0.82,0,0
00000000-0000-0000-0ddd-7145640f62c1,usr_00866,1786502115.8045936,35.67,2,2,crypto,pos_contactless,0.9,0.1,0.812,3.92,0.62,50815.8,0,0,39.02,0.91,0,0
00000000-0000-0000-7319-bd7bba3e2e20,usr_00234,1786502122.1128588,33.35,2,2,utilities,pos_contactless,0.04,0.1,0.827,7.61,0.86,7572.6,0,0,70.57,1.89,0,0
00000000-0000-0000-4aed-921846834325,usr_00791,1786502173.447061,19.03,2,2,gaming,online,0.7,0.6,0.842,26.37,1.31,14672.4,0,0,38.46,1.48,0,0
00000000-0000-0000-3830-07fa0a1feea4,usr_00526,1786502193.83168,34.86,2,2,utilities,p2p,0.04,0.45,0.892,8.86,2.46,5847.8,0,0,2978.3,0.06,0,0
00000000-0000-0000-16f4-057fc47c8003,usr_00260,1786502203.270203,64.83,2,2,gaming,p2p,0.7,0.45,0.621,3.06,7.16,2528.7,0,1,99.96,2.59,1,0
00000000-0000-0000-289a-97579c7ea71f,usr_00895,1786502210.6863651,54.67,2,2,grocery,online,0.05,0.6,0.85,2.11,7.47,16195.6,0,0,510.16,0.64,0,0
00000000-0000-0000-50d3-574925c475ff,usr_00034,1786502236.1884909,50.62,2,2,restaurant,online,0.1,0.6,0.921,11.45,4.62,8076.7,0,0,334.53,0.61,0,0
00000000-0000-0000-5ae3-1e5b21e3f59e,usr_00233,1786502241.2021046,49.06,2,2,electronics,pos_contactless,0.65,0.1,0.807,6.24,0.22,14767.3,0,0,224.51,0.66,0,0
00000000-0000-0000-13d7-6d7dd369d921,usr_00625,1786502247.301543,57.99,2,2,grocery,online,0.05,0.6,0.616,11.4,2.94,6408.0,0,0,143.37,2.02,0,0
00000000-0000-0000-4b11-87d8d352284c,usr_00525,1786502291.4154983,9.99,2,2,utilities,pos_chip,0.04,0.05,0.901,1.22,13.08,31430.0,0,0,56.13,0.18,0,0
00000000-0000-0000-7b7c-49f54ffa366a,usr_00411,1786502305.6874633,18.95,2,2,restaurant,pos_chip,0.1,0.05,0.705,18.68,0.98,11624.3,0,0,52.72,1.44,0,0
00000000-0000-0000-5c4c-ef30c6aa77bf,usr_00129,1786502309.9152274,42.25,2,2,general_retail,online,0.15,0.6,0.877,1.33,2.11,21814.2,0,0,62.22,2.04,0,0
00000000-0000-0000-2d20-8e5551553e27,usr_00020,1786502310.5933685,63.29,2,2,general_retail,pos_chip,0.15,0.05,0.751,6.98,6.2,4925.2,0,0,216.15,2.05,0,0
00000000-0000-0000-79fc-227b8d6e24af,usr_00973,1786502394.6613045,43.81,2,2,utilities,pos_chip,0.04,0.05,0.814,6.28,6.57,77485.9,0,0,34.04,1.29,0,0
00000000-0000-0000-50f3-7fd062548678,usr_00013,1786502394.7129111,51.03,2,2,restaurant,atm,0.1,0.25,0.74,0.36,6.7,4433.5,0,0,256.68,0.6,0,0
00000000-0000-0000-7f10-d3ee0f914d11,usr_00523,1786502412.7948377,68.58,2,2,general_retail,pos_chip,0.15,0.05,0.794,16.9,6.31,7388.8,0,0,57.27,4.79,0,0
00000000-0000-0000-7888-57b8c7164f52,usr_00907,1786502438.1719346,22.87,2,2,grocery,online,0.05,0.6,0.942,39.64,0.06,54426.6,0,0,6.63,3.45,0,0
00000000-0000-0000-614a-a3a6c0be5d1f,usr_00942,1786502457.5833194,71.32,2,2,gaming,pos_chip,0.7,0.05,0.898,10.26,0.09,394.7,0,1,218.5,1.31,0,0
00000000-0000-0000-525f-8367c126c5eb,usr_00091,1786502469.331136,41.54,2,2,utilities,pos_chip,0.04,0.05,0.938,8.08,4.94,394.7,0,1,78.33,1.59,0,0
00000000-0000-0000-728e-4e603913216c,usr_00035,1786502515.4202974,38.52,2,2,grocery,online,0.05,0.6,0.917,1.04,5.68,22897.4,0,0,481.78,0.4,0,0
00000000-0000-0000-329a-306bb24d1594,usr_00818,1786502566.6475737,21.02,2,2,restaurant,pos_contactless,0.1,0.1,0.847,14.06,4.21,4077.5,0,0,174.83,0.6,0,0
00000000-0000-0000-0633-90e892f7b8c5,usr_00240,1786502578.9895756,27.99,2,2,electronics,online,0.65,0.6,0.969,2.59,4.07,15533.7,0,0,58.37,1.44,0,0
00000000-0000-0000-636b-777f8182d193,usr_00740,1786502596.0084527,79.16,2,2,health,pos_chip,0.08,0.05,0.85,13.41,2.22,7759.1,0,0,338.96,1.17,0,0
00000000-0000-0000-1148-c4cb8ff7dc9f,usr_00006,1786502613.2177517,30.99,2,2,utilities,pos_contactless,0.04,0.1,0.75,64.69,0.82,25805.3,0,0,175.38,1.06,0,0
